Patient	Protocol_1	Protocol_2	bcdist
D01	NF	NF	0.119072605
D01	NF	NF	0.057388503
D01	NF	OF	0.193424753
D01	NF	OF	0.209174782
D01	NF	OF	0.185366233
D01	NF	OH	0.278598004
D01	NF	OH	0.233972867
D01	NF	OH	0.170621736
D01	NF	OR	0.298903618
D01	NF	OR	0.240321929
D01	NF	OR	0.244030076
D01	NF	ZF	0.190281579
D01	NF	ZF	0.140792317
D01	NF	ZF	0.273591748
D01	NF	ZH	0.190057554
D01	NF	ZH	0.197057818
D01	NF	ZH	0.229304381
D01	NF	ZR	0.149275362
D01	NF	ZR	0.163770465
D01	NF	ZR	0.177229899
D01	NF	NF	0.119072605
D01	NF	NF	0.111727866
D01	NF	OF	0.201575337
D01	NF	OF	0.204477771
D01	NF	OF	0.221445701
D01	NF	OH	0.241555778
D01	NF	OH	0.203408781
D01	NF	OH	0.164204003
D01	NF	OR	0.246637543
D01	NF	OR	0.221853696
D01	NF	OR	0.264486666
D01	NF	ZF	0.157397756
D01	NF	ZF	0.208438756
D01	NF	ZF	0.201102178
D01	NF	ZH	0.15531135
D01	NF	ZH	0.189192128
D01	NF	ZH	0.179499484
D01	NF	ZR	0.177935734
D01	NF	ZR	0.15745965
D01	NF	ZR	0.237775861
D01	NF	NF	0.057388503
D01	NF	NF	0.111727866
D01	NF	OF	0.154061898
D01	NF	OF	0.164454006
D01	NF	OF	0.144672705
D01	NF	OH	0.24062664
D01	NF	OH	0.195644108
D01	NF	OH	0.137032073
D01	NF	OR	0.256528959
D01	NF	OR	0.200085744
D01	NF	OR	0.211036556
D01	NF	ZF	0.173235595
D01	NF	ZF	0.129145708
D01	NF	ZF	0.250928216
D01	NF	ZH	0.163156126
D01	NF	ZH	0.158485091
D01	NF	ZH	0.206253713
D01	NF	ZR	0.114425637
D01	NF	ZR	0.144378752
D01	NF	ZR	0.161349512
D01	OF	NF	0.193424753
D01	OF	NF	0.201575337
D01	OF	NF	0.154061898
D01	OF	OF	0.05832468
D01	OF	OF	0.043032638
D01	OF	OH	0.143901696
D01	OF	OH	0.106596996
D01	OF	OH	0.065262654
D01	OF	OR	0.154992677
D01	OF	OR	0.072335628
D01	OF	OR	0.092123363
D01	OF	ZF	0.077711483
D01	OF	ZF	0.132541983
D01	OF	ZF	0.171091009
D01	OF	ZH	0.072784538
D01	OF	ZH	0.072805344
D01	OF	ZH	0.124836253
D01	OF	ZR	0.07377719
D01	OF	ZR	0.087194464
D01	OF	ZR	0.124660937
D01	OF	NF	0.209174782
D01	OF	NF	0.204477771
D01	OF	NF	0.164454006
D01	OF	OF	0.05832468
D01	OF	OF	0.089480247
D01	OF	OH	0.165628998
D01	OF	OH	0.127553387
D01	OF	OH	0.099677942
D01	OF	OR	0.114429898
D01	OF	OR	0.056578157
D01	OF	OR	0.101982417
D01	OF	ZF	0.110289102
D01	OF	ZF	0.18214721
D01	OF	ZF	0.159237501
D01	OF	ZH	0.094642054
D01	OF	ZH	0.115639232
D01	OF	ZH	0.120736778
D01	OF	ZR	0.112676418
D01	OF	ZR	0.134298602
D01	OF	ZR	0.174037146
D01	OF	NF	0.185366233
D01	OF	NF	0.221445701
D01	OF	NF	0.144672705
D01	OF	OF	0.043032638
D01	OF	OF	0.089480247
D01	OF	OH	0.161214098
D01	OF	OH	0.131244505
D01	OF	OH	0.082009777
D01	OF	OR	0.194148942
D01	OF	OR	0.106215583
D01	OF	OR	0.080821199
D01	OF	ZF	0.107612357
D01	OF	ZF	0.104399501
D01	OF	ZF	0.204471461
D01	OF	ZH	0.100122306
D01	OF	ZH	0.08111401
D01	OF	ZH	0.160367975
D01	OF	ZR	0.075437675
D01	OF	ZR	0.091281964
D01	OF	ZR	0.092443411
D01	OH	NF	0.278598004
D01	OH	NF	0.241555778
D01	OH	NF	0.24062664
D01	OH	OF	0.143901696
D01	OH	OF	0.165628998
D01	OH	OF	0.161214098
D01	OH	OH	0.050384747
D01	OH	OH	0.111662108
D01	OH	OR	0.14081827
D01	OH	OR	0.146540088
D01	OH	OR	0.173441106
D01	OH	ZF	0.119836344
D01	OH	ZF	0.217604292
D01	OH	ZF	0.122286551
D01	OH	ZH	0.115936354
D01	OH	ZH	0.137304809
D01	OH	ZH	0.096123767
D01	OH	ZR	0.160847229
D01	OH	ZR	0.136270494
D01	OH	ZR	0.205040038
D01	OH	NF	0.233972867
D01	OH	NF	0.203408781
D01	OH	NF	0.195644108
D01	OH	OF	0.106596996
D01	OH	OF	0.127553387
D01	OH	OF	0.131244505
D01	OH	OH	0.050384747
D01	OH	OH	0.067445408
D01	OH	OR	0.129490294
D01	OH	OR	0.10657773
D01	OH	OR	0.144630674
D01	OH	ZF	0.092000717
D01	OH	ZF	0.186766126
D01	OH	ZF	0.105949692
D01	OH	ZH	0.085876902
D01	OH	ZH	0.099113189
D01	OH	ZH	0.072310175
D01	OH	ZR	0.123006903
D01	OH	ZR	0.1073809
D01	OH	ZR	0.177414203
D01	OH	NF	0.170621736
D01	OH	NF	0.164204003
D01	OH	NF	0.137032073
D01	OH	OF	0.065262654
D01	OH	OF	0.099677942
D01	OH	OF	0.082009777
D01	OH	OH	0.111662108
D01	OH	OH	0.067445408
D01	OH	OR	0.164724029
D01	OH	OR	0.102865959
D01	OH	OR	0.130477671
D01	OH	ZF	0.06020335
D01	OH	ZF	0.13359583
D01	OH	ZF	0.150563717
D01	OH	ZH	0.054785925
D01	OH	ZH	0.066837135
D01	OH	ZH	0.103410857
D01	OH	ZR	0.072967961
D01	OH	ZR	0.067525221
D01	OH	ZR	0.13362173
D01	OR	NF	0.298903618
D01	OR	NF	0.246637543
D01	OR	NF	0.256528959
D01	OR	OF	0.154992677
D01	OR	OF	0.114429898
D01	OR	OF	0.194148942
D01	OR	OH	0.14081827
D01	OR	OH	0.129490294
D01	OR	OH	0.164724029
D01	OR	OR	0.093773783
D01	OR	OR	0.154410978
D01	OR	ZF	0.156111348
D01	OR	ZF	0.277772461
D01	OR	ZF	0.122659702
D01	OR	ZH	0.14481691
D01	OR	ZH	0.167076403
D01	OR	ZH	0.113760712
D01	OR	ZR	0.193393003
D01	OR	ZR	0.188749553
D01	OR	ZR	0.263240239
D01	OR	NF	0.240321929
D01	OR	NF	0.221853696
D01	OR	NF	0.200085744
D01	OR	OF	0.072335628
D01	OR	OF	0.056578157
D01	OR	OF	0.106215583
D01	OR	OH	0.146540088
D01	OR	OH	0.10657773
D01	OR	OH	0.102865959
D01	OR	OR	0.093773783
D01	OR	OR	0.075747742
D01	OR	ZF	0.10167249
D01	OR	ZF	0.187247115
D01	OR	ZF	0.158196171
D01	OR	ZH	0.091711679
D01	OR	ZH	0.099266185
D01	OR	ZH	0.109220914
D01	OR	ZR	0.114761722
D01	OR	ZR	0.12462249
D01	OR	ZR	0.173928016
D01	OR	NF	0.244030076
D01	OR	NF	0.264486666
D01	OR	NF	0.211036556
D01	OR	OF	0.092123363
D01	OR	OF	0.101982417
D01	OR	OF	0.080821199
D01	OR	OH	0.173441106
D01	OR	OH	0.144630674
D01	OR	OH	0.130477671
D01	OR	OR	0.154410978
D01	OR	OR	0.075747742
D01	OR	ZF	0.134408372
D01	OR	ZF	0.140052715
D01	OR	ZF	0.215920713
D01	OR	ZH	0.124475209
D01	OR	ZH	0.117093753
D01	OR	ZH	0.168370518
D01	OR	ZR	0.122630635
D01	OR	ZR	0.129102659
D01	OR	ZR	0.125940261
D01	ZF	NF	0.190281579
D01	ZF	NF	0.157397756
D01	ZF	NF	0.173235595
D01	ZF	OF	0.077711483
D01	ZF	OF	0.110289102
D01	ZF	OF	0.107612357
D01	ZF	OH	0.119836344
D01	ZF	OH	0.092000717
D01	ZF	OH	0.06020335
D01	ZF	OR	0.156111348
D01	ZF	OR	0.10167249
D01	ZF	OR	0.134408372
D01	ZF	ZF	0.155594329
D01	ZF	ZF	0.108049527
D01	ZF	ZH	0.028875301
D01	ZF	ZH	0.074278616
D01	ZF	ZH	0.064925479
D01	ZF	ZR	0.090899773
D01	ZF	ZR	0.057974148
D01	ZF	ZR	0.147661563
D01	ZF	NF	0.140792317
D01	ZF	NF	0.208438756
D01	ZF	NF	0.129145708
D01	ZF	OF	0.132541983
D01	ZF	OF	0.18214721
D01	ZF	OF	0.104399501
D01	ZF	OH	0.217604292
D01	ZF	OH	0.186766126
D01	ZF	OH	0.13359583
D01	ZF	OR	0.277772461
D01	ZF	OR	0.187247115
D01	ZF	OR	0.140052715
D01	ZF	ZF	0.155594329
D01	ZF	ZF	0.258623847
D01	ZF	ZH	0.14823629
D01	ZF	ZH	0.13316009
D01	ZF	ZH	0.208838261
D01	ZF	ZR	0.093839092
D01	ZF	ZR	0.111263261
D01	ZF	ZR	0.048509426
D01	ZF	NF	0.273591748
D01	ZF	NF	0.201102178
D01	ZF	NF	0.250928216
D01	ZF	OF	0.171091009
D01	ZF	OF	0.159237501
D01	ZF	OF	0.204471461
D01	ZF	OH	0.122286551
D01	ZF	OH	0.105949692
D01	ZF	OH	0.150563717
D01	ZF	OR	0.122659702
D01	ZF	OR	0.158196171
D01	ZF	OR	0.215920713
D01	ZF	ZF	0.108049527
D01	ZF	ZF	0.258623847
D01	ZF	ZH	0.115206995
D01	ZF	ZH	0.172929347
D01	ZF	ZH	0.057609774
D01	ZF	ZR	0.192493207
D01	ZF	ZR	0.158612652
D01	ZF	ZR	0.249210427
D01	ZH	NF	0.190057554
D01	ZH	NF	0.15531135
D01	ZH	NF	0.163156126
D01	ZH	OF	0.072784538
D01	ZH	OF	0.094642054
D01	ZH	OF	0.100122306
D01	ZH	OH	0.115936354
D01	ZH	OH	0.085876902
D01	ZH	OH	0.054785925
D01	ZH	OR	0.14481691
D01	ZH	OR	0.091711679
D01	ZH	OR	0.124475209
D01	ZH	ZF	0.028875301
D01	ZH	ZF	0.14823629
D01	ZH	ZF	0.115206995
D01	ZH	ZH	0.072037775
D01	ZH	ZH	0.064565925
D01	ZH	ZR	0.082988905
D01	ZH	ZR	0.055654508
D01	ZH	ZR	0.142776953
D01	ZH	NF	0.197057818
D01	ZH	NF	0.189192128
D01	ZH	NF	0.158485091
D01	ZH	OF	0.072805344
D01	ZH	OF	0.115639232
D01	ZH	OF	0.08111401
D01	ZH	OH	0.137304809
D01	ZH	OH	0.099113189
D01	ZH	OH	0.066837135
D01	ZH	OR	0.167076403
D01	ZH	OR	0.099266185
D01	ZH	OR	0.117093753
D01	ZH	ZF	0.074278616
D01	ZH	ZF	0.13316009
D01	ZH	ZF	0.172929347
D01	ZH	ZH	0.072037775
D01	ZH	ZH	0.118197791
D01	ZH	ZR	0.059142866
D01	ZH	ZR	0.058380889
D01	ZH	ZR	0.130701467
D01	ZH	NF	0.229304381
D01	ZH	NF	0.179499484
D01	ZH	NF	0.206253713
D01	ZH	OF	0.124836253
D01	ZH	OF	0.120736778
D01	ZH	OF	0.160367975
D01	ZH	OH	0.096123767
D01	ZH	OH	0.072310175
D01	ZH	OH	0.103410857
D01	ZH	OR	0.113760712
D01	ZH	OR	0.109220914
D01	ZH	OR	0.168370518
D01	ZH	ZF	0.064925479
D01	ZH	ZF	0.208838261
D01	ZH	ZF	0.057609774
D01	ZH	ZH	0.064565925
D01	ZH	ZH	0.118197791
D01	ZH	ZR	0.141097931
D01	ZH	ZR	0.106017255
D01	ZH	ZR	0.203158198
D01	ZR	NF	0.149275362
D01	ZR	NF	0.177935734
D01	ZR	NF	0.114425637
D01	ZR	OF	0.07377719
D01	ZR	OF	0.112676418
D01	ZR	OF	0.075437675
D01	ZR	OH	0.160847229
D01	ZR	OH	0.123006903
D01	ZR	OH	0.072967961
D01	ZR	OR	0.193393003
D01	ZR	OR	0.114761722
D01	ZR	OR	0.122630635
D01	ZR	ZF	0.090899773
D01	ZR	ZF	0.093839092
D01	ZR	ZF	0.192493207
D01	ZR	ZH	0.082988905
D01	ZR	ZH	0.059142866
D01	ZR	ZH	0.141097931
D01	ZR	ZR	0.050941187
D01	ZR	ZR	0.091387219
D01	ZR	NF	0.163770465
D01	ZR	NF	0.15745965
D01	ZR	NF	0.144378752
D01	ZR	OF	0.087194464
D01	ZR	OF	0.134298602
D01	ZR	OF	0.091281964
D01	ZR	OH	0.136270494
D01	ZR	OH	0.1073809
D01	ZR	OH	0.067525221
D01	ZR	OR	0.188749553
D01	ZR	OR	0.12462249
D01	ZR	OR	0.129102659
D01	ZR	ZF	0.057974148
D01	ZR	ZF	0.111263261
D01	ZR	ZF	0.158612652
D01	ZR	ZH	0.055654508
D01	ZR	ZH	0.058380889
D01	ZR	ZH	0.106017255
D01	ZR	ZR	0.050941187
D01	ZR	ZR	0.115422827
D01	ZR	NF	0.177229899
D01	ZR	NF	0.237775861
D01	ZR	NF	0.161349512
D01	ZR	OF	0.124660937
D01	ZR	OF	0.174037146
D01	ZR	OF	0.092443411
D01	ZR	OH	0.205040038
D01	ZR	OH	0.177414203
D01	ZR	OH	0.13362173
D01	ZR	OR	0.263240239
D01	ZR	OR	0.173928016
D01	ZR	OR	0.125940261
D01	ZR	ZF	0.147661563
D01	ZR	ZF	0.048509426
D01	ZR	ZF	0.249210427
D01	ZR	ZH	0.142776953
D01	ZR	ZH	0.130701467
D01	ZR	ZH	0.203158198
D01	ZR	ZR	0.091387219
D01	ZR	ZR	0.115422827
D02	NF	NF	0.160072524
D02	NF	NF	0.144277604
D02	NF	OF	0.147655091
D02	NF	OF	0.0925885
D02	NF	OF	0.080566185
D02	NF	OH	0.099280286
D02	NF	OH	0.075706762
D02	NF	OH	0.086120811
D02	NF	OR	0.094515974
D02	NF	OR	0.107174315
D02	NF	OR	0.092105445
D02	NF	ZF	0.077059127
D02	NF	ZF	0.136810019
D02	NF	ZF	0.195132904
D02	NF	ZH	0.080825749
D02	NF	ZH	0.109115116
D02	NF	ZH	0.129748135
D02	NF	ZR	0.127484349
D02	NF	ZR	0.087159349
D02	NF	ZR	0.081947654
D02	NF	NF	0.160072524
D02	NF	NF	0.019040733
D02	NF	OF	0.279741876
D02	NF	OF	0.098605518
D02	NF	OF	0.115999397
D02	NF	OH	0.087560433
D02	NF	OH	0.11370681
D02	NF	OH	0.197950983
D02	NF	OR	0.22756829
D02	NF	OR	0.247891334
D02	NF	OR	0.091740641
D02	NF	ZF	0.122537518
D02	NF	ZF	0.078913493
D02	NF	ZF	0.094118375
D02	NF	ZH	0.208995487
D02	NF	ZH	0.136777175
D02	NF	ZH	0.123160756
D02	NF	ZR	0.107765402
D02	NF	ZR	0.18687265
D02	NF	ZR	0.191837788
D02	NF	NF	0.144277604
D02	NF	NF	0.019040733
D02	NF	OF	0.264877125
D02	NF	OF	0.086544011
D02	NF	OF	0.103684469
D02	NF	OH	0.077140513
D02	NF	OH	0.101955257
D02	NF	OH	0.182262363
D02	NF	OR	0.21251502
D02	NF	OR	0.231879832
D02	NF	OR	0.081076922
D02	NF	ZF	0.111373876
D02	NF	ZF	0.0720129
D02	NF	ZF	0.099143859
D02	NF	ZH	0.192876682
D02	NF	ZH	0.124608755
D02	NF	ZH	0.114142751
D02	NF	ZR	0.099149554
D02	NF	ZR	0.174950853
D02	NF	ZR	0.179461804
D02	OF	NF	0.147655091
D02	OF	NF	0.279741876
D02	OF	NF	0.264877125
D02	OF	OF	0.186796854
D02	OF	OF	0.168971886
D02	OF	OH	0.207432344
D02	OF	OH	0.17714998
D02	OF	OH	0.126277958
D02	OF	OR	0.075104047
D02	OF	OR	0.08868838
D02	OF	OR	0.192456296
D02	OF	ZF	0.174014235
D02	OF	ZF	0.244198678
D02	OF	ZF	0.303871169
D02	OF	ZH	0.171781629
D02	OF	ZH	0.208606895
D02	OF	ZH	0.227489159
D02	OF	ZR	0.224549239
D02	OF	ZR	0.149723023
D02	OF	ZR	0.148307377
D02	OF	NF	0.0925885
D02	OF	NF	0.098605518
D02	OF	NF	0.086544011
D02	OF	OF	0.186796854
D02	OF	OF	0.032965313
D02	OF	OH	0.04922301
D02	OF	OH	0.057624634
D02	OF	OH	0.129165027
D02	OF	OR	0.149867815
D02	OF	OR	0.175482209
D02	OF	OR	0.032832165
D02	OF	ZF	0.061558739
D02	OF	ZF	0.084609831
D02	OF	ZF	0.143008055
D02	OF	ZH	0.14047726
D02	OF	ZH	0.09417281
D02	OF	ZH	0.105378436
D02	OF	ZR	0.094446829
D02	OF	ZR	0.127679902
D02	OF	ZR	0.131183873
D02	OF	NF	0.080566185
D02	OF	NF	0.115999397
D02	OF	NF	0.103684469
D02	OF	OF	0.168971886
D02	OF	OF	0.032965313
D02	OF	OH	0.069848097
D02	OF	OH	0.069117181
D02	OF	OH	0.118743715
D02	OF	OR	0.137700411
D02	OF	OR	0.165215166
D02	OF	OR	0.045690825
D02	OF	ZF	0.06676072
D02	OF	ZF	0.111326809
D02	OF	ZF	0.166978446
D02	OF	ZH	0.131986931
D02	OF	ZH	0.115168416
D02	OF	ZH	0.132315359
D02	OF	ZR	0.121391989
D02	OF	ZR	0.122313194
D02	OF	ZR	0.125181878
D02	OH	NF	0.099280286
D02	OH	NF	0.087560433
D02	OH	NF	0.077140513
D02	OH	OF	0.207432344
D02	OH	OF	0.04922301
D02	OH	OF	0.069848097
D02	OH	OH	0.040783925
D02	OH	OH	0.131597035
D02	OH	OR	0.159210963
D02	OH	OR	0.182333148
D02	OH	OR	0.039501581
D02	OH	ZF	0.059750567
D02	OH	ZF	0.062890641
D02	OH	ZF	0.12008314
D02	OH	ZH	0.146232982
D02	OH	ZH	0.075536128
D02	OH	ZH	0.078577501
D02	OH	ZR	0.066071797
D02	OH	ZR	0.114746073
D02	OH	ZR	0.120069773
D02	OH	NF	0.075706762
D02	OH	NF	0.11370681
D02	OH	NF	0.101955257
D02	OH	OF	0.17714998
D02	OH	OF	0.057624634
D02	OH	OF	0.069117181
D02	OH	OH	0.040783925
D02	OH	OH	0.09232383
D02	OH	OR	0.126768269
D02	OH	OR	0.147622003
D02	OH	OR	0.048010619
D02	OH	ZF	0.040928206
D02	OH	ZF	0.090673661
D02	OH	ZF	0.1521474
D02	OH	ZH	0.115433108
D02	OH	ZH	0.081489873
D02	OH	ZH	0.101001388
D02	OH	ZR	0.090210443
D02	OH	ZR	0.094620182
D02	OH	ZR	0.094163032
D02	OH	NF	0.086120811
D02	OH	NF	0.197950983
D02	OH	NF	0.182262363
D02	OH	OF	0.126277958
D02	OH	OF	0.129165027
D02	OH	OF	0.118743715
D02	OH	OH	0.131597035
D02	OH	OH	0.09232383
D02	OH	OR	0.066733532
D02	OH	OR	0.072553783
D02	OH	OR	0.126465555
D02	OH	ZF	0.104128458
D02	OH	ZF	0.17664284
D02	OH	ZF	0.241783458
D02	OH	ZH	0.116692322
D02	OH	ZH	0.154520472
D02	OH	ZH	0.17608858
D02	OH	ZR	0.170783994
D02	OH	ZR	0.107199843
D02	OH	ZR	0.106860148
D02	OR	NF	0.094515974
D02	OR	NF	0.22756829
D02	OR	NF	0.21251502
D02	OR	OF	0.075104047
D02	OR	OF	0.149867815
D02	OR	OF	0.137700411
D02	OR	OH	0.159210963
D02	OR	OH	0.126768269
D02	OR	OH	0.066733532
D02	OR	OR	0.035399662
D02	OR	OR	0.141536453
D02	OR	ZF	0.123713931
D02	OR	ZF	0.190732116
D02	OR	ZF	0.253084458
D02	OR	ZH	0.130328777
D02	OR	ZH	0.164388281
D02	OR	ZH	0.184412241
D02	OR	ZR	0.184085994
D02	OR	ZR	0.118876893
D02	OR	ZR	0.118475783
D02	OR	NF	0.107174315
D02	OR	NF	0.247891334
D02	OR	NF	0.231879832
D02	OR	OF	0.08868838
D02	OR	OF	0.175482209
D02	OR	OF	0.165215166
D02	OR	OH	0.182333148
D02	OR	OH	0.147622003
D02	OR	OH	0.072553783
D02	OR	OR	0.035399662
D02	OR	OR	0.173509318
D02	OR	ZF	0.136479348
D02	OR	ZF	0.212907774
D02	OR	ZF	0.27957875
D02	OR	ZH	0.138787123
D02	OR	ZH	0.17732776
D02	OR	ZH	0.19868006
D02	OR	ZR	0.202657164
D02	OR	ZR	0.128765734
D02	OR	ZR	0.126859029
D02	OR	NF	0.092105445
D02	OR	NF	0.091740641
D02	OR	NF	0.081076922
D02	OR	OF	0.192456296
D02	OR	OF	0.032832165
D02	OR	OF	0.045690825
D02	OR	OH	0.039501581
D02	OR	OH	0.048010619
D02	OR	OH	0.126465555
D02	OR	OR	0.141536453
D02	OR	OR	0.173509318
D02	OR	ZF	0.058898186
D02	OR	ZF	0.081119376
D02	OR	ZF	0.133047637
D02	OR	ZH	0.13379804
D02	OR	ZH	0.07869562
D02	OR	ZH	0.095579901
D02	OR	ZR	0.083631781
D02	OR	ZR	0.114459084
D02	OR	ZR	0.118733226
D02	ZF	NF	0.077059127
D02	ZF	NF	0.122537518
D02	ZF	NF	0.111373876
D02	ZF	OF	0.174014235
D02	ZF	OF	0.061558739
D02	ZF	OF	0.06676072
D02	ZF	OH	0.059750567
D02	ZF	OH	0.040928206
D02	ZF	OH	0.104128458
D02	ZF	OR	0.123713931
D02	ZF	OR	0.136479348
D02	ZF	OR	0.058898186
D02	ZF	ZF	0.084223598
D02	ZF	ZF	0.151940452
D02	ZF	ZH	0.11024404
D02	ZF	ZH	0.069652725
D02	ZF	ZH	0.087432371
D02	ZF	ZR	0.083680471
D02	ZF	ZR	0.077735697
D02	ZF	ZR	0.080682571
D02	ZF	NF	0.136810019
D02	ZF	NF	0.078913493
D02	ZF	NF	0.0720129
D02	ZF	OF	0.244198678
D02	ZF	OF	0.084609831
D02	ZF	OF	0.111326809
D02	ZF	OH	0.062890641
D02	ZF	OH	0.090673661
D02	ZF	OH	0.17664284
D02	ZF	OR	0.190732116
D02	ZF	OR	0.212907774
D02	ZF	OR	0.081119376
D02	ZF	ZF	0.084223598
D02	ZF	ZF	0.068914243
D02	ZF	ZH	0.176278933
D02	ZF	ZH	0.096838897
D02	ZF	ZH	0.070147776
D02	ZF	ZR	0.055580593
D02	ZF	ZR	0.138403804
D02	ZF	ZR	0.143568476
D02	ZF	NF	0.195132904
D02	ZF	NF	0.094118375
D02	ZF	NF	0.099143859
D02	ZF	OF	0.303871169
D02	ZF	OF	0.143008055
D02	ZF	OF	0.166978446
D02	ZF	OH	0.12008314
D02	ZF	OH	0.1521474
D02	ZF	OH	0.241783458
D02	ZF	OR	0.253084458
D02	ZF	OR	0.27957875
D02	ZF	OR	0.133047637
D02	ZF	ZF	0.151940452
D02	ZF	ZF	0.068914243
D02	ZF	ZH	0.237525062
D02	ZF	ZH	0.157448387
D02	ZF	ZH	0.129046951
D02	ZF	ZR	0.107080216
D02	ZF	ZR	0.199767896
D02	ZF	ZR	0.205437874
D02	ZH	NF	0.080825749
D02	ZH	NF	0.208995487
D02	ZH	NF	0.192876682
D02	ZH	OF	0.171781629
D02	ZH	OF	0.14047726
D02	ZH	OF	0.131986931
D02	ZH	OH	0.146232982
D02	ZH	OH	0.115433108
D02	ZH	OH	0.116692322
D02	ZH	OR	0.130328777
D02	ZH	OR	0.138787123
D02	ZH	OR	0.13379804
D02	ZH	ZF	0.11024404
D02	ZH	ZF	0.176278933
D02	ZH	ZF	0.237525062
D02	ZH	ZH	0.083917489
D02	ZH	ZH	0.110104729
D02	ZH	ZR	0.133277702
D02	ZH	ZR	0.071479444
D02	ZH	ZR	0.065860181
D02	ZH	NF	0.109115116
D02	ZH	NF	0.136777175
D02	ZH	NF	0.124608755
D02	ZH	OF	0.208606895
D02	ZH	OF	0.09417281
D02	ZH	OF	0.115168416
D02	ZH	OH	0.075536128
D02	ZH	OH	0.081489873
D02	ZH	OH	0.154520472
D02	ZH	OR	0.164388281
D02	ZH	OR	0.17732776
D02	ZH	OR	0.07869562
D02	ZH	ZF	0.069652725
D02	ZH	ZF	0.096838897
D02	ZH	ZF	0.157448387
D02	ZH	ZH	0.083917489
D02	ZH	ZH	0.032898767
D02	ZH	ZR	0.054502881
D02	ZH	ZR	0.075241107
D02	ZH	ZR	0.076776826
D02	ZH	NF	0.129748135
D02	ZH	NF	0.123160756
D02	ZH	NF	0.114142751
D02	ZH	OF	0.227489159
D02	ZH	OF	0.105378436
D02	ZH	OF	0.132315359
D02	ZH	OH	0.078577501
D02	ZH	OH	0.101001388
D02	ZH	OH	0.17608858
D02	ZH	OR	0.184412241
D02	ZH	OR	0.19868006
D02	ZH	OR	0.095579901
D02	ZH	ZF	0.087432371
D02	ZH	ZF	0.070147776
D02	ZH	ZF	0.129046951
D02	ZH	ZH	0.110104729
D02	ZH	ZH	0.032898767
D02	ZH	ZR	0.031732662
D02	ZH	ZR	0.094059175
D02	ZH	ZR	0.098634774
D02	ZR	NF	0.127484349
D02	ZR	NF	0.107765402
D02	ZR	NF	0.099149554
D02	ZR	OF	0.224549239
D02	ZR	OF	0.094446829
D02	ZR	OF	0.121391989
D02	ZR	OH	0.066071797
D02	ZR	OH	0.090210443
D02	ZR	OH	0.170783994
D02	ZR	OR	0.184085994
D02	ZR	OR	0.202657164
D02	ZR	OR	0.083631781
D02	ZR	ZF	0.083680471
D02	ZR	ZF	0.055580593
D02	ZR	ZF	0.107080216
D02	ZR	ZH	0.133277702
D02	ZR	ZH	0.054502881
D02	ZR	ZH	0.031732662
D02	ZR	ZR	0.100434729
D02	ZR	ZR	0.106933538
D02	ZR	NF	0.087159349
D02	ZR	NF	0.18687265
D02	ZR	NF	0.174950853
D02	ZR	OF	0.149723023
D02	ZR	OF	0.127679902
D02	ZR	OF	0.122313194
D02	ZR	OH	0.114746073
D02	ZR	OH	0.094620182
D02	ZR	OH	0.107199843
D02	ZR	OR	0.118876893
D02	ZR	OR	0.128765734
D02	ZR	OR	0.114459084
D02	ZR	ZF	0.077735697
D02	ZR	ZF	0.138403804
D02	ZR	ZF	0.199767896
D02	ZR	ZH	0.071479444
D02	ZR	ZH	0.075241107
D02	ZR	ZH	0.094059175
D02	ZR	ZR	0.100434729
D02	ZR	ZR	0.019006366
D02	ZR	NF	0.081947654
D02	ZR	NF	0.191837788
D02	ZR	NF	0.179461804
D02	ZR	OF	0.148307377
D02	ZR	OF	0.131183873
D02	ZR	OF	0.125181878
D02	ZR	OH	0.120069773
D02	ZR	OH	0.094163032
D02	ZR	OH	0.106860148
D02	ZR	OR	0.118475783
D02	ZR	OR	0.126859029
D02	ZR	OR	0.118733226
D02	ZR	ZF	0.080682571
D02	ZR	ZF	0.143568476
D02	ZR	ZF	0.205437874
D02	ZR	ZH	0.065860181
D02	ZR	ZH	0.076776826
D02	ZR	ZH	0.098634774
D02	ZR	ZR	0.106933538
D02	ZR	ZR	0.019006366
D03	NF	NF	0.193732644
D03	NF	NF	0.17178818
D03	NF	OF	0.350765078
D03	NF	OF	0.426615267
D03	NF	OF	0.370337007
D03	NF	OH	0.361820099
D03	NF	OH	0.406182008
D03	NF	OH	0.405736406
D03	NF	OR	0.491595352
D03	NF	OR	0.400804484
D03	NF	OR	0.363198929
D03	NF	ZF	0.358663018
D03	NF	ZF	0.259234606
D03	NF	ZF	0.291354116
D03	NF	ZH	0.425844939
D03	NF	ZH	0.393791588
D03	NF	ZR	0.388505648
D03	NF	ZR	0.395670595
D03	NF	ZR	0.499271164
D03	NF	NF	0.193732644
D03	NF	NF	0.034400036
D03	NF	OF	0.168674492
D03	NF	OF	0.246184584
D03	NF	OF	0.18890165
D03	NF	OH	0.179282686
D03	NF	OH	0.230930264
D03	NF	OH	0.232076787
D03	NF	OR	0.308021992
D03	NF	OR	0.214675732
D03	NF	OR	0.179811282
D03	NF	ZF	0.173195204
D03	NF	ZF	0.081330568
D03	NF	ZF	0.104408496
D03	NF	ZH	0.258809812
D03	NF	ZH	0.216058497
D03	NF	ZR	0.221973838
D03	NF	ZR	0.219561453
D03	NF	ZR	0.316132282
D03	NF	NF	0.17178818
D03	NF	NF	0.034400036
D03	NF	OF	0.185055143
D03	NF	OF	0.261188634
D03	NF	OF	0.203569489
D03	NF	OH	0.195796628
D03	NF	OH	0.250154461
D03	NF	OH	0.24701266
D03	NF	OR	0.324339496
D03	NF	OR	0.232090799
D03	NF	OR	0.195957919
D03	NF	ZF	0.19306233
D03	NF	ZF	0.097850085
D03	NF	ZF	0.12262451
D03	NF	ZH	0.278673586
D03	NF	ZH	0.233877632
D03	NF	ZR	0.237846277
D03	NF	ZR	0.241703177
D03	NF	ZR	0.333371348
D03	OF	NF	0.350765078
D03	OF	NF	0.168674492
D03	OF	NF	0.185055143
D03	OF	OF	0.081298868
D03	OF	OF	0.036517582
D03	OF	OH	0.093698132
D03	OF	OH	0.154578071
D03	OF	OH	0.129366268
D03	OF	OR	0.15398091
D03	OF	OR	0.075054557
D03	OF	OR	0.067938267
D03	OF	ZF	0.061215447
D03	OF	ZF	0.117331121
D03	OF	ZF	0.083363541
D03	OF	ZH	0.161941563
D03	OF	ZH	0.125782297
D03	OF	ZR	0.15426174
D03	OF	ZR	0.118847009
D03	OF	ZR	0.17710191
D03	OF	NF	0.426615267
D03	OF	NF	0.246184584
D03	OF	NF	0.261188634
D03	OF	OF	0.081298868
D03	OF	OF	0.058691908
D03	OF	OH	0.08960538
D03	OF	OH	0.123095311
D03	OF	OH	0.113364011
D03	OF	OR	0.083505678
D03	OF	OR	0.081462494
D03	OF	OR	0.114348873
D03	OF	ZF	0.113335463
D03	OF	ZF	0.192523385
D03	OF	ZF	0.151188298
D03	OF	ZH	0.188302167
D03	OF	ZH	0.10116632
D03	OF	ZR	0.185279126
D03	OF	ZR	0.148778991
D03	OF	ZR	0.139373549
D03	OF	NF	0.370337007
D03	OF	NF	0.18890165
D03	OF	NF	0.203569489
D03	OF	OF	0.036517582
D03	OF	OF	0.058691908
D03	OF	OH	0.085055652
D03	OF	OH	0.141903113
D03	OF	OH	0.116371217
D03	OF	OR	0.134843124
D03	OF	OR	0.07137235
D03	OF	OR	0.077859139
D03	OF	ZF	0.079270856
D03	OF	ZF	0.138115922
D03	OF	ZF	0.096465515
D03	OF	ZH	0.186183679
D03	OF	ZH	0.111614231
D03	OF	ZR	0.173061167
D03	OF	ZR	0.140873801
D03	OF	ZR	0.161833622
D03	OH	NF	0.361820099
D03	OH	NF	0.179282686
D03	OH	NF	0.195796628
D03	OH	OF	0.093698132
D03	OH	OF	0.08960538
D03	OH	OF	0.085055652
D03	OH	OH	0.100568724
D03	OH	OH	0.100822183
D03	OH	OR	0.14469036
D03	OH	OR	0.083610576
D03	OH	OR	0.104975461
D03	OH	ZF	0.123189767
D03	OH	ZF	0.122540176
D03	OH	ZF	0.089592662
D03	OH	ZH	0.209375358
D03	OH	ZH	0.063261958
D03	OH	ZR	0.182964074
D03	OH	ZR	0.171485323
D03	OH	ZR	0.173900023
D03	OH	NF	0.406182008
D03	OH	NF	0.230930264
D03	OH	NF	0.250154461
D03	OH	OF	0.154578071
D03	OH	OF	0.123095311
D03	OH	OF	0.141903113
D03	OH	OH	0.100568724
D03	OH	OH	0.035763121
D03	OH	OR	0.121671132
D03	OH	OR	0.127940847
D03	OH	OR	0.151839561
D03	OH	ZF	0.159054042
D03	OH	ZF	0.208998289
D03	OH	ZF	0.175306826
D03	OH	ZH	0.196705172
D03	OH	ZH	0.095636839
D03	OH	ZR	0.171105262
D03	OH	ZR	0.166210646
D03	OH	ZR	0.143797777
D03	OH	NF	0.405736406
D03	OH	NF	0.232076787
D03	OH	NF	0.24701266
D03	OH	OF	0.129366268
D03	OH	OF	0.113364011
D03	OH	OF	0.116371217
D03	OH	OH	0.100822183
D03	OH	OH	0.035763121
D03	OH	OR	0.115216411
D03	OH	OR	0.109471489
D03	OH	OR	0.130031628
D03	OH	ZF	0.136941502
D03	OH	ZF	0.19719243
D03	OH	ZF	0.162650729
D03	OH	ZH	0.181099603
D03	OH	ZH	0.101006593
D03	OH	ZR	0.15515363
D03	OH	ZR	0.148488879
D03	OH	ZR	0.134844775
D03	OR	NF	0.491595352
D03	OR	NF	0.308021992
D03	OR	NF	0.324339496
D03	OR	OF	0.15398091
D03	OR	OF	0.083505678
D03	OR	OF	0.134843124
D03	OR	OH	0.14469036
D03	OR	OH	0.121671132
D03	OR	OH	0.115216411
D03	OR	OR	0.097691547
D03	OR	OR	0.134872543
D03	OR	ZF	0.157042986
D03	OR	ZF	0.251509122
D03	OR	ZF	0.213734418
D03	OR	ZH	0.169135712
D03	OR	ZH	0.114646748
D03	OR	ZR	0.194825787
D03	OR	ZR	0.151886517
D03	OR	ZR	0.132079256
D03	OR	NF	0.400804484
D03	OR	NF	0.214675732
D03	OR	NF	0.232090799
D03	OR	OF	0.075054557
D03	OR	OF	0.081462494
D03	OR	OF	0.07137235
D03	OR	OH	0.083610576
D03	OR	OH	0.127940847
D03	OR	OH	0.109471489
D03	OR	OR	0.097691547
D03	OR	OR	0.040542658
D03	OR	ZF	0.101568829
D03	OR	ZF	0.159118665
D03	OR	ZF	0.130431448
D03	OR	ZH	0.156610611
D03	OR	ZH	0.100316762
D03	OR	ZR	0.180291744
D03	OR	ZR	0.131251759
D03	OR	ZR	0.15123567
D03	OR	NF	0.363198929
D03	OR	NF	0.179811282
D03	OR	NF	0.195957919
D03	OR	OF	0.067938267
D03	OR	OF	0.114348873
D03	OR	OF	0.077859139
D03	OR	OH	0.104975461
D03	OR	OH	0.151839561
D03	OR	OH	0.130031628
D03	OR	OR	0.134872543
D03	OR	OR	0.040542658
D03	OR	ZF	0.090550989
D03	OR	ZF	0.132839109
D03	OR	ZF	0.1121888
D03	OR	ZH	0.149766295
D03	OR	ZH	0.125528152
D03	OR	ZR	0.168079886
D03	OR	ZR	0.119804236
D03	OR	ZR	0.175888295
D03	ZF	NF	0.358663018
D03	ZF	NF	0.173195204
D03	ZF	NF	0.19306233
D03	ZF	OF	0.061215447
D03	ZF	OF	0.113335463
D03	ZF	OF	0.079270856
D03	ZF	OH	0.123189767
D03	ZF	OH	0.159054042
D03	ZF	OH	0.136941502
D03	ZF	OR	0.157042986
D03	ZF	OR	0.101568829
D03	ZF	OR	0.090550989
D03	ZF	ZF	0.112174857
D03	ZF	ZF	0.090121053
D03	ZF	ZH	0.1183164
D03	ZF	ZH	0.126292448
D03	ZF	ZR	0.126703596
D03	ZF	ZR	0.073558249
D03	ZF	ZR	0.154455438
D03	ZF	NF	0.259234606
D03	ZF	NF	0.081330568
D03	ZF	NF	0.097850085
D03	ZF	OF	0.117331121
D03	ZF	OF	0.192523385
D03	ZF	OF	0.138115922
D03	ZF	OH	0.122540176
D03	ZF	OH	0.208998289
D03	ZF	OH	0.19719243
D03	ZF	OR	0.251509122
D03	ZF	OR	0.159118665
D03	ZF	OR	0.132839109
D03	ZF	ZF	0.112174857
D03	ZF	ZF	0.052561533
D03	ZF	ZH	0.197806993
D03	ZF	ZH	0.159783705
D03	ZF	ZR	0.178166127
D03	ZF	ZR	0.159046688
D03	ZF	ZR	0.258954489
D03	ZF	NF	0.291354116
D03	ZF	NF	0.104408496
D03	ZF	NF	0.12262451
D03	ZF	OF	0.083363541
D03	ZF	OF	0.151188298
D03	ZF	OF	0.096465515
D03	ZF	OH	0.089592662
D03	ZF	OH	0.175306826
D03	ZF	OH	0.162650729
D03	ZF	OR	0.213734418
D03	ZF	OR	0.130431448
D03	ZF	OR	0.1121888
D03	ZF	ZF	0.090121053
D03	ZF	ZF	0.052561533
D03	ZF	ZH	0.202367142
D03	ZF	ZH	0.127531241
D03	ZF	ZR	0.176384154
D03	ZF	ZR	0.158031599
D03	ZF	ZR	0.226412975
D03	ZH	NF	0.425844939
D03	ZH	NF	0.258809812
D03	ZH	NF	0.278673586
D03	ZH	OF	0.161941563
D03	ZH	OF	0.188302167
D03	ZH	OF	0.186183679
D03	ZH	OH	0.209375358
D03	ZH	OH	0.196705172
D03	ZH	OH	0.181099603
D03	ZH	OR	0.169135712
D03	ZH	OR	0.156610611
D03	ZH	OR	0.149766295
D03	ZH	ZF	0.1183164
D03	ZH	ZF	0.197806993
D03	ZH	ZF	0.202367142
D03	ZH	ZH	0.180351006
D03	ZH	ZR	0.08811952
D03	ZH	ZR	0.068284538
D03	ZH	ZR	0.115953722
D03	ZH	NF	0.393791588
D03	ZH	NF	0.216058497
D03	ZH	NF	0.233877632
D03	ZH	OF	0.125782297
D03	ZH	OF	0.10116632
D03	ZH	OF	0.111614231
D03	ZH	OH	0.063261958
D03	ZH	OH	0.095636839
D03	ZH	OH	0.101006593
D03	ZH	OR	0.114646748
D03	ZH	OR	0.100316762
D03	ZH	OR	0.125528152
D03	ZH	ZF	0.126292448
D03	ZH	ZF	0.159783705
D03	ZH	ZF	0.127531241
D03	ZH	ZH	0.180351006
D03	ZH	ZR	0.173977306
D03	ZH	ZR	0.143194458
D03	ZH	ZR	0.146484758
D03	ZR	NF	0.388505648
D03	ZR	NF	0.221973838
D03	ZR	NF	0.237846277
D03	ZR	OF	0.15426174
D03	ZR	OF	0.185279126
D03	ZR	OF	0.173061167
D03	ZR	OH	0.182964074
D03	ZR	OH	0.171105262
D03	ZR	OH	0.15515363
D03	ZR	OR	0.194825787
D03	ZR	OR	0.180291744
D03	ZR	OR	0.168079886
D03	ZR	ZF	0.126703596
D03	ZR	ZF	0.178166127
D03	ZR	ZF	0.176384154
D03	ZR	ZH	0.08811952
D03	ZR	ZH	0.173977306
D03	ZR	ZR	0.109766567
D03	ZR	ZR	0.122919578
D03	ZR	NF	0.395670595
D03	ZR	NF	0.219561453
D03	ZR	NF	0.241703177
D03	ZR	OF	0.118847009
D03	ZR	OF	0.148778991
D03	ZR	OF	0.140873801
D03	ZR	OH	0.171485323
D03	ZR	OH	0.166210646
D03	ZR	OH	0.148488879
D03	ZR	OR	0.151886517
D03	ZR	OR	0.131251759
D03	ZR	OR	0.119804236
D03	ZR	ZF	0.073558249
D03	ZR	ZF	0.159046688
D03	ZR	ZF	0.158031599
D03	ZR	ZH	0.068284538
D03	ZR	ZH	0.143194458
D03	ZR	ZR	0.109766567
D03	ZR	ZR	0.126882121
D03	ZR	NF	0.499271164
D03	ZR	NF	0.316132282
D03	ZR	NF	0.333371348
D03	ZR	OF	0.17710191
D03	ZR	OF	0.139373549
D03	ZR	OF	0.161833622
D03	ZR	OH	0.173900023
D03	ZR	OH	0.143797777
D03	ZR	OH	0.134844775
D03	ZR	OR	0.132079256
D03	ZR	OR	0.15123567
D03	ZR	OR	0.175888295
D03	ZR	ZF	0.154455438
D03	ZR	ZF	0.258954489
D03	ZR	ZF	0.226412975
D03	ZR	ZH	0.115953722
D03	ZR	ZH	0.146484758
D03	ZR	ZR	0.122919578
D03	ZR	ZR	0.126882121
D04	NF	NF	0.028763772
D04	NF	NF	0.044809587
D04	NF	OF	0.057198104
D04	NF	OF	0.246867855
D04	NF	OF	0.09873773
D04	NF	OH	0.287202799
D04	NF	OH	0.245279464
D04	NF	OH	0.195592088
D04	NF	OR	0.069022988
D04	NF	OR	0.276721514
D04	NF	OR	0.070364352
D04	NF	ZF	0.130994447
D04	NF	ZF	0.133797987
D04	NF	ZF	0.129617278
D04	NF	ZH	0.206942458
D04	NF	ZH	0.201004065
D04	NF	ZH	0.184179073
D04	NF	ZR	0.229974294
D04	NF	ZR	0.170281082
D04	NF	ZR	0.172383729
D04	NF	NF	0.028763772
D04	NF	NF	0.050451181
D04	NF	OF	0.063013488
D04	NF	OF	0.244640747
D04	NF	OF	0.099422016
D04	NF	OH	0.281710895
D04	NF	OH	0.239682283
D04	NF	OH	0.188968474
D04	NF	OR	0.067495618
D04	NF	OR	0.270918368
D04	NF	OR	0.059903665
D04	NF	ZF	0.131911288
D04	NF	ZF	0.133906224
D04	NF	ZF	0.131328849
D04	NF	ZH	0.203975739
D04	NF	ZH	0.202778974
D04	NF	ZH	0.178476618
D04	NF	ZR	0.226303762
D04	NF	ZR	0.170751706
D04	NF	ZR	0.171371128
D04	NF	NF	0.044809587
D04	NF	NF	0.050451181
D04	NF	OF	0.056254517
D04	NF	OF	0.278275369
D04	NF	OF	0.111872949
D04	NF	OH	0.325678465
D04	NF	OH	0.283768693
D04	NF	OH	0.233475173
D04	NF	OR	0.099386981
D04	NF	OR	0.315261605
D04	NF	OR	0.093897137
D04	NF	ZF	0.161615582
D04	NF	ZF	0.16476193
D04	NF	ZF	0.157969179
D04	NF	ZH	0.242365683
D04	NF	ZH	0.226689117
D04	NF	ZH	0.216972453
D04	NF	ZR	0.265047398
D04	NF	ZR	0.204310561
D04	NF	ZR	0.207231574
D04	OF	NF	0.057198104
D04	OF	NF	0.063013488
D04	OF	NF	0.056254517
D04	OF	OF	0.243402759
D04	OF	OF	0.075597832
D04	OF	OH	0.314539683
D04	OF	OH	0.27259941
D04	OF	OH	0.222388532
D04	OF	OR	0.075031543
D04	OF	OR	0.303191071
D04	OF	OR	0.074933378
D04	OF	ZF	0.136170358
D04	OF	ZF	0.148263394
D04	OF	ZF	0.133312339
D04	OF	ZH	0.211893353
D04	OF	ZH	0.204714715
D04	OF	ZH	0.186795483
D04	OF	ZR	0.243184213
D04	OF	ZR	0.17367121
D04	OF	ZR	0.176785526
D04	OF	NF	0.246867855
D04	OF	NF	0.244640747
D04	OF	NF	0.278275369
D04	OF	OF	0.243402759
D04	OF	OF	0.171629555
D04	OF	OH	0.202789314
D04	OF	OH	0.186500956
D04	OF	OH	0.144007849
D04	OF	OR	0.192787328
D04	OF	OR	0.177649333
D04	OF	OR	0.199017245
D04	OF	ZF	0.139673459
D04	OF	ZF	0.139102349
D04	OF	ZF	0.145811843
D04	OF	ZH	0.12930832
D04	OF	ZH	0.142697332
D04	OF	ZH	0.110101934
D04	OF	ZR	0.15803158
D04	OF	ZR	0.137380114
D04	OF	ZR	0.129807661
D04	OF	NF	0.09873773
D04	OF	NF	0.099422016
D04	OF	NF	0.111872949
D04	OF	OF	0.075597832
D04	OF	OF	0.171629555
D04	OF	OH	0.257743768
D04	OF	OH	0.220181266
D04	OF	OH	0.170400088
D04	OF	OR	0.07885629
D04	OF	OR	0.243339269
D04	OF	OR	0.076572511
D04	OF	ZF	0.095971174
D04	OF	ZF	0.109318309
D04	OF	ZF	0.10032029
D04	OF	ZH	0.156670814
D04	OF	ZH	0.163162646
D04	OF	ZH	0.135771855
D04	OF	ZR	0.18936468
D04	OF	ZR	0.138080322
D04	OF	ZR	0.136758567
D04	OH	NF	0.287202799
D04	OH	NF	0.281710895
D04	OH	NF	0.325678465
D04	OH	OF	0.314539683
D04	OH	OF	0.202789314
D04	OH	OF	0.257743768
D04	OH	OH	0.069272287
D04	OH	OH	0.102127592
D04	OH	OR	0.246634951
D04	OH	OR	0.056907636
D04	OH	OR	0.245279485
D04	OH	ZF	0.241596306
D04	OH	ZF	0.23240082
D04	OH	ZF	0.257601538
D04	OH	ZH	0.211310033
D04	OH	ZH	0.225938994
D04	OH	ZH	0.220619102
D04	OH	ZR	0.179657974
D04	OH	ZR	0.199122194
D04	OH	ZR	0.193828737
D04	OH	NF	0.245279464
D04	OH	NF	0.239682283
D04	OH	NF	0.283768693
D04	OH	OF	0.27259941
D04	OH	OF	0.186500956
D04	OH	OF	0.220181266
D04	OH	OH	0.069272287
D04	OH	OH	0.060783587
D04	OH	OR	0.20816328
D04	OH	OR	0.067014443
D04	OH	OR	0.204122283
D04	OH	ZF	0.215674535
D04	OH	ZF	0.206702386
D04	OH	ZF	0.231699456
D04	OH	ZH	0.191632816
D04	OH	ZH	0.206277809
D04	OH	ZH	0.196455319
D04	OH	ZR	0.163637122
D04	OH	ZR	0.172402218
D04	OH	ZR	0.16790992
D04	OH	NF	0.195592088
D04	OH	NF	0.188968474
D04	OH	NF	0.233475173
D04	OH	OF	0.222388532
D04	OH	OF	0.144007849
D04	OH	OF	0.170400088
D04	OH	OH	0.102127592
D04	OH	OH	0.060783587
D04	OH	OR	0.154331872
D04	OH	OR	0.100631248
D04	OH	OR	0.151347264
D04	OH	ZF	0.168366126
D04	OH	ZF	0.158482881
D04	OH	ZF	0.185002192
D04	OH	ZH	0.159710617
D04	OH	ZH	0.177404249
D04	OH	ZH	0.150093817
D04	OH	ZR	0.160735421
D04	OH	ZR	0.137440809
D04	OH	ZR	0.133091471
D04	OR	NF	0.069022988
D04	OR	NF	0.067495618
D04	OR	NF	0.099386981
D04	OR	OF	0.075031543
D04	OR	OF	0.192787328
D04	OR	OF	0.07885629
D04	OR	OH	0.246634951
D04	OR	OH	0.20816328
D04	OR	OH	0.154331872
D04	OR	OR	0.237570651
D04	OR	OR	0.024286219
D04	OR	ZF	0.09942099
D04	OR	ZF	0.106054821
D04	OR	ZF	0.103633421
D04	OR	ZH	0.156333612
D04	OR	ZH	0.159484745
D04	OR	ZH	0.135481299
D04	OR	ZR	0.179058456
D04	OR	ZR	0.121492019
D04	OR	ZR	0.121860604
D04	OR	NF	0.276721514
D04	OR	NF	0.270918368
D04	OR	NF	0.315261605
D04	OR	OF	0.303191071
D04	OR	OF	0.177649333
D04	OR	OF	0.243339269
D04	OR	OH	0.056907636
D04	OR	OH	0.067014443
D04	OR	OH	0.100631248
D04	OR	OR	0.237570651
D04	OR	OR	0.2323194
D04	OR	ZF	0.226680159
D04	OR	ZF	0.217544371
D04	OR	ZF	0.241938173
D04	OR	ZH	0.203283229
D04	OR	ZH	0.2196033
D04	OR	ZH	0.204685689
D04	OR	ZR	0.164528608
D04	OR	ZR	0.18448613
D04	OR	ZR	0.177121514
D04	OR	NF	0.070364352
D04	OR	NF	0.059903665
D04	OR	NF	0.093897137
D04	OR	OF	0.074933378
D04	OR	OF	0.199017245
D04	OR	OF	0.076572511
D04	OR	OH	0.245279485
D04	OR	OH	0.204122283
D04	OR	OH	0.151347264
D04	OR	OR	0.024286219
D04	OR	OR	0.2323194
D04	OR	ZF	0.104258838
D04	OR	ZF	0.105400771
D04	OR	ZF	0.111736875
D04	OR	ZH	0.16039343
D04	OR	ZH	0.171532914
D04	OR	ZH	0.142353027
D04	OR	ZR	0.182960183
D04	OR	ZR	0.131416953
D04	OR	ZR	0.132480431
D04	ZF	NF	0.130994447
D04	ZF	NF	0.131911288
D04	ZF	NF	0.161615582
D04	ZF	OF	0.136170358
D04	ZF	OF	0.139673459
D04	ZF	OF	0.095971174
D04	ZF	OH	0.241596306
D04	ZF	OH	0.215674535
D04	ZF	OH	0.168366126
D04	ZF	OR	0.09942099
D04	ZF	OR	0.226680159
D04	ZF	OR	0.104258838
D04	ZF	ZF	0.019523917
D04	ZF	ZF	0.018820016
D04	ZF	ZH	0.109388191
D04	ZF	ZH	0.122328529
D04	ZF	ZH	0.087954969
D04	ZF	ZR	0.120911819
D04	ZF	ZR	0.077573005
D04	ZF	ZR	0.082284492
D04	ZF	NF	0.133797987
D04	ZF	NF	0.133906224
D04	ZF	NF	0.16476193
D04	ZF	OF	0.148263394
D04	ZF	OF	0.139102349
D04	ZF	OF	0.109318309
D04	ZF	OH	0.23240082
D04	ZF	OH	0.206702386
D04	ZF	OH	0.158482881
D04	ZF	OR	0.106054821
D04	ZF	OR	0.217544371
D04	ZF	OR	0.105400771
D04	ZF	ZF	0.019523917
D04	ZF	ZF	0.033479502
D04	ZF	ZH	0.112790776
D04	ZF	ZH	0.127850619
D04	ZF	ZH	0.091140376
D04	ZF	ZR	0.115294428
D04	ZF	ZR	0.079836764
D04	ZF	ZR	0.084512802
D04	ZF	NF	0.129617278
D04	ZF	NF	0.131328849
D04	ZF	NF	0.157969179
D04	ZF	OF	0.133312339
D04	ZF	OF	0.145811843
D04	ZF	OF	0.10032029
D04	ZF	OH	0.257601538
D04	ZF	OH	0.231699456
D04	ZF	OH	0.185002192
D04	ZF	OR	0.103633421
D04	ZF	OR	0.241938173
D04	ZF	OR	0.111736875
D04	ZF	ZF	0.018820016
D04	ZF	ZF	0.033479502
D04	ZF	ZH	0.11459417
D04	ZF	ZH	0.12454354
D04	ZF	ZH	0.093423704
D04	ZF	ZR	0.127315624
D04	ZF	ZR	0.088590732
D04	ZF	ZR	0.093228914
D04	ZH	NF	0.206942458
D04	ZH	NF	0.203975739
D04	ZH	NF	0.242365683
D04	ZH	OF	0.211893353
D04	ZH	OF	0.12930832
D04	ZH	OF	0.156670814
D04	ZH	OH	0.211310033
D04	ZH	OH	0.191632816
D04	ZH	OH	0.159710617
D04	ZH	OR	0.156333612
D04	ZH	OR	0.203283229
D04	ZH	OR	0.16039343
D04	ZH	ZF	0.109388191
D04	ZH	ZF	0.112790776
D04	ZH	ZF	0.11459417
D04	ZH	ZH	0.049053035
D04	ZH	ZH	0.046991315
D04	ZH	ZR	0.069248306
D04	ZH	ZR	0.060598661
D04	ZH	ZR	0.05566375
D04	ZH	NF	0.201004065
D04	ZH	NF	0.202778974
D04	ZH	NF	0.226689117
D04	ZH	OF	0.204714715
D04	ZH	OF	0.142697332
D04	ZH	OF	0.163162646
D04	ZH	OH	0.225938994
D04	ZH	OH	0.206277809
D04	ZH	OH	0.177404249
D04	ZH	OR	0.159484745
D04	ZH	OR	0.2196033
D04	ZH	OR	0.171532914
D04	ZH	ZF	0.122328529
D04	ZH	ZF	0.127850619
D04	ZH	ZF	0.12454354
D04	ZH	ZH	0.049053035
D04	ZH	ZH	0.058358871
D04	ZH	ZR	0.109611483
D04	ZH	ZR	0.080163397
D04	ZH	ZR	0.072213345
D04	ZH	NF	0.184179073
D04	ZH	NF	0.178476618
D04	ZH	NF	0.216972453
D04	ZH	OF	0.186795483
D04	ZH	OF	0.110101934
D04	ZH	OF	0.135771855
D04	ZH	OH	0.220619102
D04	ZH	OH	0.196455319
D04	ZH	OH	0.150093817
D04	ZH	OR	0.135481299
D04	ZH	OR	0.204685689
D04	ZH	OR	0.142353027
D04	ZH	ZF	0.087954969
D04	ZH	ZF	0.091140376
D04	ZH	ZF	0.093423704
D04	ZH	ZH	0.046991315
D04	ZH	ZH	0.058358871
D04	ZH	ZR	0.106819759
D04	ZH	ZR	0.054641927
D04	ZH	ZR	0.04644993
D04	ZR	NF	0.229974294
D04	ZR	NF	0.226303762
D04	ZR	NF	0.265047398
D04	ZR	OF	0.243184213
D04	ZR	OF	0.15803158
D04	ZR	OF	0.18936468
D04	ZR	OH	0.179657974
D04	ZR	OH	0.163637122
D04	ZR	OH	0.160735421
D04	ZR	OR	0.179058456
D04	ZR	OR	0.164528608
D04	ZR	OR	0.182960183
D04	ZR	ZF	0.120911819
D04	ZR	ZF	0.115294428
D04	ZR	ZF	0.127315624
D04	ZR	ZH	0.069248306
D04	ZR	ZH	0.109611483
D04	ZR	ZH	0.106819759
D04	ZR	ZR	0.086262832
D04	ZR	ZR	0.088153419
D04	ZR	NF	0.170281082
D04	ZR	NF	0.170751706
D04	ZR	NF	0.204310561
D04	ZR	OF	0.17367121
D04	ZR	OF	0.137380114
D04	ZR	OF	0.138080322
D04	ZR	OH	0.199122194
D04	ZR	OH	0.172402218
D04	ZR	OH	0.137440809
D04	ZR	OR	0.121492019
D04	ZR	OR	0.18448613
D04	ZR	OR	0.131416953
D04	ZR	ZF	0.077573005
D04	ZR	ZF	0.079836764
D04	ZR	ZF	0.088590732
D04	ZR	ZH	0.060598661
D04	ZR	ZH	0.080163397
D04	ZR	ZH	0.054641927
D04	ZR	ZR	0.086262832
D04	ZR	ZR	0.017180141
D04	ZR	NF	0.172383729
D04	ZR	NF	0.171371128
D04	ZR	NF	0.207231574
D04	ZR	OF	0.176785526
D04	ZR	OF	0.129807661
D04	ZR	OF	0.136758567
D04	ZR	OH	0.193828737
D04	ZR	OH	0.16790992
D04	ZR	OH	0.133091471
D04	ZR	OR	0.121860604
D04	ZR	OR	0.177121514
D04	ZR	OR	0.132480431
D04	ZR	ZF	0.082284492
D04	ZR	ZF	0.084512802
D04	ZR	ZF	0.093228914
D04	ZR	ZH	0.05566375
D04	ZR	ZH	0.072213345
D04	ZR	ZH	0.04644993
D04	ZR	ZR	0.088153419
D04	ZR	ZR	0.017180141
D05	NF	NF	0.172868568
D05	NF	NF	0.108895427
D05	NF	OF	0.147221648
D05	NF	OF	0.109224112
D05	NF	OF	0.116823706
D05	NF	OH	0.114752631
D05	NF	OH	0.162158914
D05	NF	OH	0.267079642
D05	NF	OR	0.206399658
D05	NF	OR	0.095400417
D05	NF	OR	0.110261272
D05	NF	ZF	0.127017556
D05	NF	ZF	0.150380532
D05	NF	ZF	0.118539893
D05	NF	ZH	0.15139298
D05	NF	ZH	0.190354473
D05	NF	ZH	0.188471457
D05	NF	ZR	0.123276209
D05	NF	ZR	0.123157991
D05	NF	ZR	0.195571644
D05	NF	NF	0.172868568
D05	NF	NF	0.072685632
D05	NF	OF	0.290558804
D05	NF	OF	0.220840746
D05	NF	OF	0.219934067
D05	NF	OH	0.248222705
D05	NF	OH	0.314767707
D05	NF	OH	0.43359287
D05	NF	OR	0.372910293
D05	NF	OR	0.228275882
D05	NF	OR	0.230396013
D05	NF	ZF	0.199812133
D05	NF	ZF	0.279708669
D05	NF	ZF	0.20752749
D05	NF	ZH	0.304602648
D05	NF	ZH	0.346505426
D05	NF	ZH	0.341562129
D05	NF	ZR	0.263271978
D05	NF	ZR	0.236264238
D05	NF	ZR	0.341800872
D05	NF	NF	0.108895427
D05	NF	NF	0.072685632
D05	NF	OF	0.231482553
D05	NF	OF	0.173354449
D05	NF	OF	0.183312076
D05	NF	OH	0.194930107
D05	NF	OH	0.250995851
D05	NF	OH	0.367291577
D05	NF	OR	0.305895553
D05	NF	OR	0.178067396
D05	NF	OR	0.185572018
D05	NF	ZF	0.159400094
D05	NF	ZF	0.228290321
D05	NF	ZF	0.163922158
D05	NF	ZH	0.242534761
D05	NF	ZH	0.284596515
D05	NF	ZH	0.280062209
D05	NF	ZR	0.201744174
D05	NF	ZR	0.185883567
D05	NF	ZR	0.283345097
D05	OF	NF	0.147221648
D05	OF	NF	0.290558804
D05	OF	NF	0.231482553
D05	OF	OF	0.071470873
D05	OF	OF	0.08043494
D05	OF	OH	0.081519631
D05	OF	OH	0.091158282
D05	OF	OH	0.178110694
D05	OF	OR	0.134175449
D05	OF	OR	0.086453542
D05	OF	OR	0.090192108
D05	OF	ZF	0.120889
D05	OF	ZF	0.05449677
D05	OF	ZF	0.112192575
D05	OF	ZH	0.087981456
D05	OF	ZH	0.092384005
D05	OF	ZH	0.101312438
D05	OF	ZR	0.092877827
D05	OF	ZR	0.102523449
D05	OF	ZR	0.073722737
D05	OF	NF	0.109224112
D05	OF	NF	0.220840746
D05	OF	NF	0.173354449
D05	OF	OF	0.071470873
D05	OF	OF	0.02106245
D05	OF	OH	0.064570512
D05	OF	OH	0.124618132
D05	OF	OH	0.236429283
D05	OF	OR	0.187159975
D05	OF	OR	0.05634328
D05	OF	OR	0.052172948
D05	OF	ZF	0.068424566
D05	OF	ZF	0.089083375
D05	OF	ZF	0.065828381
D05	OF	ZH	0.112658652
D05	OF	ZH	0.144585971
D05	OF	ZH	0.145295139
D05	OF	ZR	0.086064577
D05	OF	ZR	0.072258471
D05	OF	ZR	0.135314346
D05	OF	NF	0.116823706
D05	OF	NF	0.219934067
D05	OF	NF	0.183312076
D05	OF	OF	0.08043494
D05	OF	OF	0.02106245
D05	OF	OH	0.068926479
D05	OF	OH	0.133245298
D05	OF	OH	0.244131888
D05	OF	OR	0.198793321
D05	OF	OR	0.063766548
D05	OF	OR	0.056189553
D05	OF	ZF	0.073125819
D05	OF	ZF	0.095131858
D05	OF	ZF	0.070677956
D05	OF	ZH	0.12112352
D05	OF	ZH	0.152262848
D05	OF	ZH	0.153727529
D05	OF	ZR	0.094743178
D05	OF	ZR	0.082810564
D05	OF	ZR	0.142222349
D05	OH	NF	0.114752631
D05	OH	NF	0.248222705
D05	OH	NF	0.194930107
D05	OH	OF	0.081519631
D05	OH	OF	0.064570512
D05	OH	OF	0.068926479
D05	OH	OH	0.092463958
D05	OH	OH	0.196380842
D05	OH	OR	0.1779088
D05	OH	OR	0.04652814
D05	OH	OR	0.043970276
D05	OH	ZF	0.091098806
D05	OH	ZF	0.095354046
D05	OH	ZF	0.084114588
D05	OH	ZH	0.092521961
D05	OH	ZH	0.13196035
D05	OH	ZH	0.12171645
D05	OH	ZR	0.085128676
D05	OH	ZR	0.071140426
D05	OH	ZR	0.126487008
D05	OH	NF	0.162158914
D05	OH	NF	0.314767707
D05	OH	NF	0.250995851
D05	OH	OF	0.091158282
D05	OH	OF	0.124618132
D05	OH	OF	0.133245298
D05	OH	OH	0.092463958
D05	OH	OH	0.120541962
D05	OH	OR	0.096997655
D05	OH	OR	0.11535583
D05	OH	OR	0.113319364
D05	OH	ZF	0.147489481
D05	OH	ZF	0.102651303
D05	OH	ZF	0.139084172
D05	OH	ZH	0.088554007
D05	OH	ZH	0.084791296
D05	OH	ZH	0.062980976
D05	OH	ZR	0.110881622
D05	OH	ZR	0.127559805
D05	OH	ZR	0.093401654
D05	OH	NF	0.267079642
D05	OH	NF	0.43359287
D05	OH	NF	0.367291577
D05	OH	OF	0.178110694
D05	OH	OF	0.236429283
D05	OH	OF	0.244131888
D05	OH	OH	0.196380842
D05	OH	OH	0.120541962
D05	OH	OR	0.10898903
D05	OH	OR	0.229692108
D05	OH	OR	0.22865971
D05	OH	ZF	0.261989442
D05	OH	ZF	0.182262223
D05	OH	ZF	0.250594452
D05	OH	ZH	0.166171626
D05	OH	ZH	0.135781478
D05	OH	ZH	0.131182446
D05	OH	ZR	0.200295952
D05	OH	ZR	0.21930851
D05	OH	ZR	0.156601565
D05	OR	NF	0.206399658
D05	OR	NF	0.372910293
D05	OR	NF	0.305895553
D05	OR	OF	0.134175449
D05	OR	OF	0.187159975
D05	OR	OF	0.198793321
D05	OR	OH	0.1779088
D05	OR	OH	0.096997655
D05	OR	OH	0.10898903
D05	OR	OR	0.156173081
D05	OR	OR	0.169797031
D05	OR	ZF	0.225194055
D05	OR	ZF	0.1562616
D05	OR	ZF	0.20942679
D05	OR	ZH	0.146561558
D05	OR	ZH	0.110096324
D05	OR	ZH	0.119106493
D05	OR	ZR	0.175125328
D05	OR	ZR	0.202014761
D05	OR	ZR	0.117088295
D05	OR	NF	0.095400417
D05	OR	NF	0.228275882
D05	OR	NF	0.178067396
D05	OR	OF	0.086453542
D05	OR	OF	0.05634328
D05	OR	OF	0.063766548
D05	OR	OH	0.04652814
D05	OR	OH	0.11535583
D05	OR	OH	0.229692108
D05	OR	OR	0.156173081
D05	OR	OR	0.027883609
D05	OR	ZF	0.091851741
D05	OR	ZF	0.109083103
D05	OR	ZF	0.080452883
D05	OR	ZH	0.120334906
D05	OR	ZH	0.153233183
D05	OR	ZH	0.154517636
D05	OR	ZR	0.10503651
D05	OR	ZR	0.092369781
D05	OR	ZR	0.13981968
D05	OR	NF	0.110261272
D05	OR	NF	0.230396013
D05	OR	NF	0.185572018
D05	OR	OF	0.090192108
D05	OR	OF	0.052172948
D05	OR	OF	0.056189553
D05	OR	OH	0.043970276
D05	OR	OH	0.113319364
D05	OR	OH	0.22865971
D05	OR	OR	0.169797031
D05	OR	OR	0.027883609
D05	OR	ZF	0.079374485
D05	OR	ZF	0.108608551
D05	OR	ZF	0.067687578
D05	OR	ZH	0.123852741
D05	OR	ZH	0.156069865
D05	OR	ZH	0.153896816
D05	OR	ZR	0.104682702
D05	OR	ZR	0.084277517
D05	OR	ZR	0.141874322
D05	ZF	NF	0.127017556
D05	ZF	NF	0.199812133
D05	ZF	NF	0.159400094
D05	ZF	OF	0.120889
D05	ZF	OF	0.068424566
D05	ZF	OF	0.073125819
D05	ZF	OH	0.091098806
D05	ZF	OH	0.147489481
D05	ZF	OH	0.261989442
D05	ZF	OR	0.225194055
D05	ZF	OR	0.091851741
D05	ZF	OR	0.079374485
D05	ZF	ZF	0.118835407
D05	ZF	ZF	0.02603213
D05	ZF	ZH	0.127409489
D05	ZF	ZH	0.167452196
D05	ZF	ZH	0.162377839
D05	ZF	ZR	0.094887457
D05	ZF	ZR	0.071035134
D05	ZF	ZR	0.160854033
D05	ZF	NF	0.150380532
D05	ZF	NF	0.279708669
D05	ZF	NF	0.228290321
D05	ZF	OF	0.05449677
D05	ZF	OF	0.089083375
D05	ZF	OF	0.095131858
D05	ZF	OH	0.095354046
D05	ZF	OH	0.102651303
D05	ZF	OH	0.182262223
D05	ZF	OR	0.1562616
D05	ZF	OR	0.109083103
D05	ZF	OR	0.108608551
D05	ZF	ZF	0.118835407
D05	ZF	ZF	0.100218339
D05	ZF	ZH	0.078072135
D05	ZF	ZH	0.080954168
D05	ZF	ZH	0.088223374
D05	ZF	ZR	0.090835097
D05	ZF	ZR	0.088362305
D05	ZF	ZR	0.073636881
D05	ZF	NF	0.118539893
D05	ZF	NF	0.20752749
D05	ZF	NF	0.163922158
D05	ZF	OF	0.112192575
D05	ZF	OF	0.065828381
D05	ZF	OF	0.070677956
D05	ZF	OH	0.084114588
D05	ZF	OH	0.139084172
D05	ZF	OH	0.250594452
D05	ZF	OR	0.20942679
D05	ZF	OR	0.080452883
D05	ZF	OR	0.067687578
D05	ZF	ZF	0.02603213
D05	ZF	ZF	0.100218339
D05	ZF	ZH	0.114161535
D05	ZF	ZH	0.154328884
D05	ZF	ZH	0.149417858
D05	ZF	ZR	0.087466316
D05	ZF	ZR	0.067048766
D05	ZF	ZR	0.14860308
D05	ZH	NF	0.15139298
D05	ZH	NF	0.304602648
D05	ZH	NF	0.242534761
D05	ZH	OF	0.087981456
D05	ZH	OF	0.112658652
D05	ZH	OF	0.12112352
D05	ZH	OH	0.092521961
D05	ZH	OH	0.088554007
D05	ZH	OH	0.166171626
D05	ZH	OR	0.146561558
D05	ZH	OR	0.120334906
D05	ZH	OR	0.123852741
D05	ZH	ZF	0.127409489
D05	ZH	ZF	0.078072135
D05	ZH	ZF	0.114161535
D05	ZH	ZH	0.047077487
D05	ZH	ZH	0.043586979
D05	ZH	ZR	0.050356894
D05	ZH	ZR	0.071835393
D05	ZH	ZR	0.069363529
D05	ZH	NF	0.190354473
D05	ZH	NF	0.346505426
D05	ZH	NF	0.284596515
D05	ZH	OF	0.092384005
D05	ZH	OF	0.144585971
D05	ZH	OF	0.152262848
D05	ZH	OH	0.13196035
D05	ZH	OH	0.084791296
D05	ZH	OH	0.135781478
D05	ZH	OR	0.110096324
D05	ZH	OR	0.153233183
D05	ZH	OR	0.156069865
D05	ZH	ZF	0.167452196
D05	ZH	ZF	0.080954168
D05	ZH	ZF	0.154328884
D05	ZH	ZH	0.047077487
D05	ZH	ZH	0.032928911
D05	ZH	ZR	0.088880851
D05	ZH	ZR	0.113541642
D05	ZH	ZR	0.046128986
D05	ZH	NF	0.188471457
D05	ZH	NF	0.341562129
D05	ZH	NF	0.280062209
D05	ZH	OF	0.101312438
D05	ZH	OF	0.145295139
D05	ZH	OF	0.153727529
D05	ZH	OH	0.12171645
D05	ZH	OH	0.062980976
D05	ZH	OH	0.131182446
D05	ZH	OR	0.119106493
D05	ZH	OR	0.154517636
D05	ZH	OR	0.153896816
D05	ZH	ZF	0.162377839
D05	ZH	ZF	0.088223374
D05	ZH	ZF	0.149417858
D05	ZH	ZH	0.043586979
D05	ZH	ZH	0.032928911
D05	ZH	ZR	0.090389914
D05	ZH	ZR	0.108878939
D05	ZH	ZR	0.060898324
D05	ZR	NF	0.123276209
D05	ZR	NF	0.263271978
D05	ZR	NF	0.201744174
D05	ZR	OF	0.092877827
D05	ZR	OF	0.086064577
D05	ZR	OF	0.094743178
D05	ZR	OH	0.085128676
D05	ZR	OH	0.110881622
D05	ZR	OH	0.200295952
D05	ZR	OR	0.175125328
D05	ZR	OR	0.10503651
D05	ZR	OR	0.104682702
D05	ZR	ZF	0.094887457
D05	ZR	ZF	0.090835097
D05	ZR	ZF	0.087466316
D05	ZR	ZH	0.050356894
D05	ZR	ZH	0.088880851
D05	ZR	ZH	0.090389914
D05	ZR	ZR	0.038699796
D05	ZR	ZR	0.107553413
D05	ZR	NF	0.123157991
D05	ZR	NF	0.236264238
D05	ZR	NF	0.185883567
D05	ZR	OF	0.102523449
D05	ZR	OF	0.072258471
D05	ZR	OF	0.082810564
D05	ZR	OH	0.071140426
D05	ZR	OH	0.127559805
D05	ZR	OH	0.21930851
D05	ZR	OR	0.202014761
D05	ZR	OR	0.092369781
D05	ZR	OR	0.084277517
D05	ZR	ZF	0.071035134
D05	ZR	ZF	0.088362305
D05	ZR	ZF	0.067048766
D05	ZR	ZH	0.071835393
D05	ZR	ZH	0.113541642
D05	ZR	ZH	0.108878939
D05	ZR	ZR	0.038699796
D05	ZR	ZR	0.116236535
D05	ZR	NF	0.195571644
D05	ZR	NF	0.341800872
D05	ZR	NF	0.283345097
D05	ZR	OF	0.073722737
D05	ZR	OF	0.135314346
D05	ZR	OF	0.142222349
D05	ZR	OH	0.126487008
D05	ZR	OH	0.093401654
D05	ZR	OH	0.156601565
D05	ZR	OR	0.117088295
D05	ZR	OR	0.13981968
D05	ZR	OR	0.141874322
D05	ZR	ZF	0.160854033
D05	ZR	ZF	0.073636881
D05	ZR	ZF	0.14860308
D05	ZR	ZH	0.069363529
D05	ZR	ZH	0.046128986
D05	ZR	ZH	0.060898324
D05	ZR	ZR	0.107553413
D05	ZR	ZR	0.116236535
D06	NF	NF	0.079712965
D06	NF	NF	0.060556202
D06	NF	OF	0.365877302
D06	NF	OF	0.33079177
D06	NF	OF	0.119298754
D06	NF	OH	0.163955968
D06	NF	OH	0.175205415
D06	NF	OH	0.139825945
D06	NF	OR	0.35195914
D06	NF	OR	0.320579178
D06	NF	OR	0.168255629
D06	NF	ZF	0.178753298
D06	NF	ZF	0.127420936
D06	NF	ZF	0.100515688
D06	NF	ZH	0.377118896
D06	NF	ZH	0.272331648
D06	NF	ZH	0.255200092
D06	NF	ZR	0.160632396
D06	NF	ZR	0.347970404
D06	NF	ZR	0.175400706
D06	NF	NF	0.079712965
D06	NF	NF	0.028394252
D06	NF	OF	0.302284227
D06	NF	OF	0.267169907
D06	NF	OF	0.069225054
D06	NF	OH	0.108006869
D06	NF	OH	0.117104621
D06	NF	OH	0.086898675
D06	NF	OR	0.283771625
D06	NF	OR	0.251269911
D06	NF	OR	0.11535316
D06	NF	ZF	0.125378805
D06	NF	ZF	0.087873522
D06	NF	ZF	0.167090517
D06	NF	ZH	0.308443053
D06	NF	ZH	0.210337497
D06	NF	ZH	0.187456884
D06	NF	ZR	0.178263486
D06	NF	ZR	0.279586067
D06	NF	ZR	0.164022579
D06	NF	NF	0.060556202
D06	NF	NF	0.028394252
D06	NF	OF	0.3160504
D06	NF	OF	0.281301186
D06	NF	OF	0.071754715
D06	NF	OH	0.110739468
D06	NF	OH	0.120783839
D06	NF	OH	0.087598943
D06	NF	OR	0.296651861
D06	NF	OR	0.264458782
D06	NF	OR	0.121728731
D06	NF	ZF	0.130354356
D06	NF	ZF	0.085148705
D06	NF	ZF	0.14280171
D06	NF	ZH	0.322207285
D06	NF	ZH	0.220498444
D06	NF	ZH	0.200109939
D06	NF	ZR	0.155712507
D06	NF	ZR	0.292629681
D06	NF	ZR	0.14408709
D06	OF	NF	0.365877302
D06	OF	NF	0.302284227
D06	OF	NF	0.3160504
D06	OF	OF	0.046377801
D06	OF	OF	0.255691652
D06	OF	OH	0.223359146
D06	OF	OH	0.208803153
D06	OF	OH	0.252977191
D06	OF	OR	0.068824654
D06	OF	OR	0.085866193
D06	OF	OR	0.217089401
D06	OF	ZF	0.208667887
D06	OF	ZF	0.254964505
D06	OF	ZF	0.405748768
D06	OF	ZH	0.179332058
D06	OF	ZH	0.196038888
D06	OF	ZH	0.194683816
D06	OF	ZR	0.307880811
D06	OF	ZR	0.137256681
D06	OF	ZR	0.289450169
D06	OF	NF	0.33079177
D06	OF	NF	0.267169907
D06	OF	NF	0.281301186
D06	OF	OF	0.046377801
D06	OF	OF	0.22165136
D06	OF	OH	0.189517627
D06	OF	OH	0.176393928
D06	OF	OH	0.219596327
D06	OF	OR	0.066870249
D06	OF	OR	0.056596937
D06	OF	OR	0.182712001
D06	OF	ZF	0.171589537
D06	OF	ZF	0.221637622
D06	OF	ZF	0.370749064
D06	OF	ZH	0.148899753
D06	OF	ZH	0.168432691
D06	OF	ZH	0.154409466
D06	OF	ZR	0.279521371
D06	OF	ZR	0.12754828
D06	OF	ZR	0.254361238
D06	OF	NF	0.119298754
D06	OF	NF	0.069225054
D06	OF	NF	0.071754715
D06	OF	OF	0.255691652
D06	OF	OF	0.22165136
D06	OF	OH	0.068807457
D06	OF	OH	0.080433401
D06	OF	OH	0.043912501
D06	OF	OR	0.241485466
D06	OF	OR	0.209364579
D06	OF	OR	0.063194143
D06	OF	ZF	0.078623797
D06	OF	ZF	0.040164683
D06	OF	ZF	0.158503168
D06	OF	ZH	0.272679912
D06	OF	ZH	0.169515855
D06	OF	ZH	0.150729251
D06	OF	ZR	0.150856088
D06	OF	ZR	0.242214421
D06	OF	ZR	0.141452349
D06	OH	NF	0.163955968
D06	OH	NF	0.108006869
D06	OH	NF	0.110739468
D06	OH	OF	0.223359146
D06	OH	OF	0.189517627
D06	OH	OF	0.068807457
D06	OH	OH	0.027441413
D06	OH	OH	0.038240951
D06	OH	OR	0.20385165
D06	OH	OR	0.16814107
D06	OH	OR	0.064997613
D06	OH	ZF	0.067120496
D06	OH	ZF	0.059485159
D06	OH	ZF	0.203113692
D06	OH	ZH	0.225694712
D06	OH	ZH	0.139100189
D06	OH	ZH	0.104083679
D06	OH	ZR	0.156892275
D06	OH	ZR	0.200096745
D06	OH	ZR	0.144128694
D06	OH	NF	0.175205415
D06	OH	NF	0.117104621
D06	OH	NF	0.120783839
D06	OH	OF	0.208803153
D06	OH	OF	0.176393928
D06	OH	OF	0.080433401
D06	OH	OH	0.027441413
D06	OH	OH	0.059158482
D06	OH	OR	0.189506024
D06	OH	OR	0.153824517
D06	OH	OR	0.072864833
D06	OH	ZF	0.068852977
D06	OH	ZF	0.07293323
D06	OH	ZF	0.214837642
D06	OH	ZH	0.213189783
D06	OH	ZH	0.138070561
D06	OH	ZH	0.101552565
D06	OH	ZR	0.177044732
D06	OH	ZR	0.189779785
D06	OH	ZR	0.163261369
D06	OH	NF	0.139825945
D06	OH	NF	0.086898675
D06	OH	NF	0.087598943
D06	OH	OF	0.252977191
D06	OH	OF	0.219596327
D06	OH	OF	0.043912501
D06	OH	OH	0.038240951
D06	OH	OH	0.059158482
D06	OH	OR	0.234022393
D06	OH	OR	0.198229954
D06	OH	OR	0.06214794
D06	OH	ZF	0.081957683
D06	OH	ZF	0.048091389
D06	OH	ZF	0.171420849
D06	OH	ZH	0.255543317
D06	OH	ZH	0.157210574
D06	OH	ZH	0.132219598
D06	OH	ZR	0.138790973
D06	OH	ZR	0.230914028
D06	OH	ZR	0.127609339
D06	OR	NF	0.35195914
D06	OR	NF	0.283771625
D06	OR	NF	0.296651861
D06	OR	OF	0.068824654
D06	OR	OF	0.066870249
D06	OR	OF	0.241485466
D06	OR	OH	0.20385165
D06	OR	OH	0.189506024
D06	OR	OH	0.234022393
D06	OR	OR	0.053206423
D06	OR	OR	0.19972074
D06	OR	ZF	0.183343792
D06	OR	ZF	0.233327925
D06	OR	ZF	0.391167416
D06	OR	ZH	0.12195021
D06	OR	ZH	0.198251384
D06	OR	ZH	0.164196545
D06	OR	ZR	0.314816976
D06	OR	ZR	0.14229772
D06	OR	ZR	0.291592312
D06	OR	NF	0.320579178
D06	OR	NF	0.251269911
D06	OR	NF	0.264458782
D06	OR	OF	0.085866193
D06	OR	OF	0.056596937
D06	OR	OF	0.209364579
D06	OR	OH	0.16814107
D06	OR	OH	0.153824517
D06	OR	OH	0.198229954
D06	OR	OR	0.053206423
D06	OR	OR	0.164856763
D06	OR	ZF	0.150405453
D06	OR	ZF	0.200392276
D06	OR	ZF	0.35841063
D06	OR	ZH	0.105367516
D06	OR	ZH	0.151453748
D06	OR	ZH	0.126294949
D06	OR	ZR	0.270878858
D06	OR	ZR	0.101390437
D06	OR	ZR	0.244212345
D06	OR	NF	0.168255629
D06	OR	NF	0.11535316
D06	OR	NF	0.121728731
D06	OR	OF	0.217089401
D06	OR	OF	0.182712001
D06	OR	OF	0.063194143
D06	OR	OH	0.064997613
D06	OR	OH	0.072864833
D06	OR	OH	0.06214794
D06	OR	OR	0.19972074
D06	OR	OR	0.164856763
D06	OR	ZF	0.066505479
D06	OR	ZF	0.077801728
D06	OR	ZF	0.196376698
D06	OR	ZH	0.231873405
D06	OR	ZH	0.133858378
D06	OR	ZH	0.109893488
D06	OR	ZR	0.16324983
D06	OR	ZR	0.202186605
D06	OR	ZR	0.155003006
D06	ZF	NF	0.178753298
D06	ZF	NF	0.125378805
D06	ZF	NF	0.130354356
D06	ZF	OF	0.208667887
D06	ZF	OF	0.171589537
D06	ZF	OF	0.078623797
D06	ZF	OH	0.067120496
D06	ZF	OH	0.068852977
D06	ZF	OH	0.081957683
D06	ZF	OR	0.183343792
D06	ZF	OR	0.150405453
D06	ZF	OR	0.066505479
D06	ZF	ZF	0.054554576
D06	ZF	ZF	0.219305778
D06	ZF	ZH	0.205901509
D06	ZF	ZH	0.110334245
D06	ZF	ZH	0.083677151
D06	ZF	ZR	0.151043977
D06	ZF	ZR	0.17614611
D06	ZF	ZR	0.128593355
D06	ZF	NF	0.127420936
D06	ZF	NF	0.087873522
D06	ZF	NF	0.085148705
D06	ZF	OF	0.254964505
D06	ZF	OF	0.221637622
D06	ZF	OF	0.040164683
D06	ZF	OH	0.059485159
D06	ZF	OH	0.07293323
D06	ZF	OH	0.048091389
D06	ZF	OR	0.233327925
D06	ZF	OR	0.200392276
D06	ZF	OR	0.077801728
D06	ZF	ZF	0.054554576
D06	ZF	ZF	0.165618506
D06	ZF	ZH	0.256604069
D06	ZF	ZH	0.157907403
D06	ZF	ZH	0.133351727
D06	ZF	ZR	0.123340333
D06	ZF	ZR	0.226417454
D06	ZF	ZR	0.108948481
D06	ZF	NF	0.100515688
D06	ZF	NF	0.167090517
D06	ZF	NF	0.14280171
D06	ZF	OF	0.405748768
D06	ZF	OF	0.370749064
D06	ZF	OF	0.158503168
D06	ZF	OH	0.203113692
D06	ZF	OH	0.214837642
D06	ZF	OH	0.171420849
D06	ZF	OR	0.391167416
D06	ZF	OR	0.35841063
D06	ZF	OR	0.196376698
D06	ZF	ZF	0.219305778
D06	ZF	ZF	0.165618506
D06	ZF	ZH	0.416723605
D06	ZF	ZH	0.311801934
D06	ZF	ZH	0.294611848
D06	ZF	ZR	0.175523998
D06	ZF	ZR	0.386690158
D06	ZF	ZR	0.202094995
D06	ZH	NF	0.377118896
D06	ZH	NF	0.308443053
D06	ZH	NF	0.322207285
D06	ZH	OF	0.179332058
D06	ZH	OF	0.148899753
D06	ZH	OF	0.272679912
D06	ZH	OH	0.225694712
D06	ZH	OH	0.213189783
D06	ZH	OH	0.255543317
D06	ZH	OR	0.12195021
D06	ZH	OR	0.105367516
D06	ZH	OR	0.231873405
D06	ZH	ZF	0.205901509
D06	ZH	ZF	0.256604069
D06	ZH	ZF	0.416723605
D06	ZH	ZH	0.136482234
D06	ZH	ZH	0.125197712
D06	ZH	ZR	0.298811858
D06	ZH	ZR	0.101691935
D06	ZH	ZR	0.26642078
D06	ZH	NF	0.272331648
D06	ZH	NF	0.210337497
D06	ZH	NF	0.220498444
D06	ZH	OF	0.196038888
D06	ZH	OF	0.168432691
D06	ZH	OF	0.169515855
D06	ZH	OH	0.139100189
D06	ZH	OH	0.138070561
D06	ZH	OH	0.157210574
D06	ZH	OR	0.198251384
D06	ZH	OR	0.151453748
D06	ZH	OR	0.133858378
D06	ZH	ZF	0.110334245
D06	ZH	ZF	0.157907403
D06	ZH	ZF	0.311801934
D06	ZH	ZH	0.136482234
D06	ZH	ZH	0.046250184
D06	ZH	ZR	0.172565975
D06	ZH	ZR	0.118715385
D06	ZH	ZR	0.147744339
D06	ZH	NF	0.255200092
D06	ZH	NF	0.187456884
D06	ZH	NF	0.200109939
D06	ZH	OF	0.194683816
D06	ZH	OF	0.154409466
D06	ZH	OF	0.150729251
D06	ZH	OH	0.104083679
D06	ZH	OH	0.101552565
D06	ZH	OH	0.132219598
D06	ZH	OR	0.164196545
D06	ZH	OR	0.126294949
D06	ZH	OR	0.109893488
D06	ZH	ZF	0.083677151
D06	ZH	ZF	0.133351727
D06	ZH	ZF	0.294611848
D06	ZH	ZH	0.125197712
D06	ZH	ZH	0.046250184
D06	ZH	ZR	0.188123332
D06	ZH	ZR	0.128118973
D06	ZH	ZR	0.156392071
D06	ZR	NF	0.160632396
D06	ZR	NF	0.178263486
D06	ZR	NF	0.155712507
D06	ZR	OF	0.307880811
D06	ZR	OF	0.279521371
D06	ZR	OF	0.150856088
D06	ZR	OH	0.156892275
D06	ZR	OH	0.177044732
D06	ZR	OH	0.138790973
D06	ZR	OR	0.314816976
D06	ZR	OR	0.270878858
D06	ZR	OR	0.16324983
D06	ZR	ZF	0.151043977
D06	ZR	ZF	0.123340333
D06	ZR	ZF	0.175523998
D06	ZR	ZH	0.298811858
D06	ZR	ZH	0.172565975
D06	ZR	ZH	0.188123332
D06	ZR	ZR	0.25721856
D06	ZR	ZR	0.038488842
D06	ZR	NF	0.347970404
D06	ZR	NF	0.279586067
D06	ZR	NF	0.292629681
D06	ZR	OF	0.137256681
D06	ZR	OF	0.12754828
D06	ZR	OF	0.242214421
D06	ZR	OH	0.200096745
D06	ZR	OH	0.189779785
D06	ZR	OH	0.230914028
D06	ZR	OR	0.14229772
D06	ZR	OR	0.101390437
D06	ZR	OR	0.202186605
D06	ZR	ZF	0.17614611
D06	ZR	ZF	0.226417454
D06	ZR	ZF	0.386690158
D06	ZR	ZH	0.101691935
D06	ZR	ZH	0.118715385
D06	ZR	ZH	0.128118973
D06	ZR	ZR	0.25721856
D06	ZR	ZR	0.22605185
D06	ZR	NF	0.175400706
D06	ZR	NF	0.164022579
D06	ZR	NF	0.14408709
D06	ZR	OF	0.289450169
D06	ZR	OF	0.254361238
D06	ZR	OF	0.141452349
D06	ZR	OH	0.144128694
D06	ZR	OH	0.163261369
D06	ZR	OH	0.127609339
D06	ZR	OR	0.291592312
D06	ZR	OR	0.244212345
D06	ZR	OR	0.155003006
D06	ZR	ZF	0.128593355
D06	ZR	ZF	0.108948481
D06	ZR	ZF	0.202094995
D06	ZR	ZH	0.26642078
D06	ZR	ZH	0.147744339
D06	ZR	ZH	0.156392071
D06	ZR	ZR	0.038488842
D06	ZR	ZR	0.22605185
D07	NF	NF	0.127804717
D07	NF	NF	0.089305095
D07	NF	OF	0.145142852
D07	NF	OF	0.256916645
D07	NF	OF	0.148761796
D07	NF	OH	0.118333317
D07	NF	OH	0.132667456
D07	NF	OH	0.1828309
D07	NF	OR	0.127095979
D07	NF	OR	0.345066636
D07	NF	OR	0.174670111
D07	NF	ZF	0.175841208
D07	NF	ZF	0.227584656
D07	NF	ZF	0.139363152
D07	NF	ZH	0.245824615
D07	NF	ZH	0.286430116
D07	NF	ZH	0.154282846
D07	NF	ZR	0.259921142
D07	NF	ZR	0.212209661
D07	NF	ZR	0.156197647
D07	NF	NF	0.127804717
D07	NF	NF	0.080509112
D07	NF	OF	0.106988519
D07	NF	OF	0.164780589
D07	NF	OF	0.119662165
D07	NF	OH	0.113932672
D07	NF	OH	0.093802585
D07	NF	OH	0.134622711
D07	NF	OR	0.139488776
D07	NF	OR	0.238924773
D07	NF	OR	0.130973428
D07	NF	ZF	0.094576961
D07	NF	ZF	0.132559887
D07	NF	ZF	0.104766056
D07	NF	ZH	0.159546406
D07	NF	ZH	0.181628495
D07	NF	ZH	0.098335722
D07	NF	ZR	0.162786127
D07	NF	ZR	0.147561284
D07	NF	ZR	0.113183613
D07	NF	NF	0.089305095
D07	NF	NF	0.080509112
D07	NF	OF	0.145952571
D07	NF	OF	0.231880587
D07	NF	OF	0.152555687
D07	NF	OH	0.120823025
D07	NF	OH	0.131363592
D07	NF	OH	0.168114593
D07	NF	OR	0.136539467
D07	NF	OR	0.317928176
D07	NF	OR	0.178375276
D07	NF	ZF	0.141232664
D07	NF	ZF	0.191911441
D07	NF	ZF	0.144592235
D07	NF	ZH	0.220659133
D07	NF	ZH	0.249862589
D07	NF	ZH	0.148345925
D07	NF	ZR	0.223217321
D07	NF	ZR	0.20860259
D07	NF	ZR	0.156157828
D07	OF	NF	0.145142852
D07	OF	NF	0.106988519
D07	OF	NF	0.145952571
D07	OF	OF	0.133786195
D07	OF	OF	0.020225509
D07	OF	OH	0.085378268
D07	OF	OH	0.085894564
D07	OF	OH	0.137343685
D07	OF	OR	0.08214207
D07	OF	OR	0.256429443
D07	OF	OR	0.073951607
D07	OF	ZF	0.107923373
D07	OF	ZF	0.159869065
D07	OF	ZF	0.056240929
D07	OF	ZH	0.151819369
D07	OF	ZH	0.191651379
D07	OF	ZH	0.055253534
D07	OF	ZR	0.178632135
D07	OF	ZR	0.1194176
D07	OF	ZR	0.053537998
D07	OF	NF	0.256916645
D07	OF	NF	0.164780589
D07	OF	NF	0.231880587
D07	OF	OF	0.133786195
D07	OF	OF	0.142400544
D07	OF	OH	0.186759025
D07	OF	OH	0.162275783
D07	OF	OH	0.174106906
D07	OF	OR	0.196443299
D07	OF	OR	0.140101786
D07	OF	OR	0.120599424
D07	OF	ZF	0.13528017
D07	OF	ZF	0.103749752
D07	OF	ZF	0.159508535
D07	OF	ZH	0.099293352
D07	OF	ZH	0.101021945
D07	OF	ZH	0.152648764
D07	OF	ZR	0.101231033
D07	OF	ZR	0.107627339
D07	OF	ZR	0.147805605
D07	OF	NF	0.148761796
D07	OF	NF	0.119662165
D07	OF	NF	0.152555687
D07	OF	OF	0.020225509
D07	OF	OF	0.142400544
D07	OF	OH	0.082800282
D07	OF	OH	0.095756993
D07	OF	OH	0.146976379
D07	OF	OR	0.078173932
D07	OF	OR	0.268181188
D07	OF	OR	0.08410822
D07	OF	ZF	0.116988343
D07	OF	ZF	0.169579743
D07	OF	ZF	0.051726019
D07	OF	ZH	0.162101153
D07	OF	ZH	0.204161308
D07	OF	ZH	0.067994105
D07	OF	ZR	0.188441364
D07	OF	ZR	0.129728805
D07	OF	ZR	0.056991003
D07	OH	NF	0.118333317
D07	OH	NF	0.113932672
D07	OH	NF	0.120823025
D07	OH	OF	0.085378268
D07	OH	OF	0.186759025
D07	OH	OF	0.082800282
D07	OH	OH	0.056684933
D07	OH	OH	0.113773969
D07	OH	OR	0.071879952
D07	OH	OR	0.272651655
D07	OH	OR	0.098626681
D07	OH	ZF	0.099786278
D07	OH	ZF	0.158484283
D07	OH	ZF	0.077379435
D07	OH	ZH	0.162585811
D07	OH	ZH	0.205175153
D07	OH	ZH	0.069884706
D07	OH	ZR	0.171546956
D07	OH	ZR	0.137880519
D07	OH	ZR	0.080946988
D07	OH	NF	0.132667456
D07	OH	NF	0.093802585
D07	OH	NF	0.131363592
D07	OH	OF	0.085894564
D07	OH	OF	0.162275783
D07	OH	OF	0.095756993
D07	OH	OH	0.056684933
D07	OH	OH	0.076911749
D07	OH	OR	0.116152067
D07	OH	OR	0.22931293
D07	OH	OR	0.080308129
D07	OH	ZF	0.067507317
D07	OH	ZF	0.124194488
D07	OH	ZF	0.069429604
D07	OH	ZH	0.131002946
D07	OH	ZH	0.172842168
D07	OH	ZH	0.056582491
D07	OH	ZR	0.139532606
D07	OH	ZR	0.107789225
D07	OH	ZR	0.069939116
D07	OH	NF	0.1828309
D07	OH	NF	0.134622711
D07	OH	NF	0.168114593
D07	OH	OF	0.137343685
D07	OH	OF	0.174106906
D07	OH	OF	0.146976379
D07	OH	OH	0.113773969
D07	OH	OH	0.076911749
D07	OH	OR	0.179433316
D07	OH	OR	0.221744572
D07	OH	OR	0.122216145
D07	OH	ZF	0.083914338
D07	OH	ZF	0.11562545
D07	OH	ZF	0.124573303
D07	OH	ZH	0.123907857
D07	OH	ZH	0.166072841
D07	OH	ZH	0.106328847
D07	OH	ZR	0.129056076
D07	OH	ZR	0.125045536
D07	OH	ZR	0.124814048
D07	OR	NF	0.127095979
D07	OR	NF	0.139488776
D07	OR	NF	0.136539467
D07	OR	OF	0.08214207
D07	OR	OF	0.196443299
D07	OR	OF	0.078173932
D07	OR	OH	0.071879952
D07	OR	OH	0.116152067
D07	OR	OH	0.179433316
D07	OR	OR	0.28346611
D07	OR	OR	0.091651635
D07	OR	ZF	0.156034462
D07	OR	ZF	0.213545518
D07	OR	ZF	0.087409242
D07	OR	ZH	0.199033812
D07	OR	ZH	0.238200582
D07	OR	ZH	0.09553544
D07	OR	ZR	0.230715705
D07	OR	ZR	0.149523114
D07	OR	ZR	0.077202103
D07	OR	NF	0.345066636
D07	OR	NF	0.238924773
D07	OR	NF	0.317928176
D07	OR	OF	0.256429443
D07	OR	OF	0.140101786
D07	OR	OF	0.268181188
D07	OR	OH	0.272651655
D07	OR	OH	0.22931293
D07	OR	OH	0.221744572
D07	OR	OR	0.28346611
D07	OR	OR	0.193897734
D07	OR	ZF	0.202202021
D07	OR	ZF	0.159903996
D07	OR	ZF	0.253193238
D07	OR	ZH	0.141934719
D07	OR	ZH	0.126162449
D07	OR	ZH	0.22224205
D07	OR	ZR	0.148454749
D07	OR	ZR	0.158174618
D07	OR	ZR	0.229347752
D07	OR	NF	0.174670111
D07	OR	NF	0.130973428
D07	OR	NF	0.178375276
D07	OR	OF	0.073951607
D07	OR	OF	0.120599424
D07	OR	OF	0.08410822
D07	OR	OH	0.098626681
D07	OR	OH	0.080308129
D07	OR	OH	0.122216145
D07	OR	OR	0.091651635
D07	OR	OR	0.193897734
D07	OR	ZF	0.095985504
D07	OR	ZF	0.140416125
D07	OR	ZF	0.076014875
D07	OR	ZH	0.125115591
D07	OR	ZH	0.164981479
D07	OR	ZH	0.06861002
D07	OR	ZR	0.156499437
D07	OR	ZR	0.077351314
D07	OR	ZR	0.056886157
D07	ZF	NF	0.175841208
D07	ZF	NF	0.094576961
D07	ZF	NF	0.141232664
D07	ZF	OF	0.107923373
D07	ZF	OF	0.13528017
D07	ZF	OF	0.116988343
D07	ZF	OH	0.099786278
D07	ZF	OH	0.067507317
D07	ZF	OH	0.083914338
D07	ZF	OR	0.156034462
D07	ZF	OR	0.202202021
D07	ZF	OR	0.095985504
D07	ZF	ZF	0.066989452
D07	ZF	ZF	0.086492926
D07	ZF	ZH	0.094619183
D07	ZF	ZH	0.12285386
D07	ZF	ZH	0.071695875
D07	ZF	ZR	0.087011103
D07	ZF	ZR	0.078953904
D07	ZF	ZR	0.088371339
D07	ZF	NF	0.227584656
D07	ZF	NF	0.132559887
D07	ZF	NF	0.191911441
D07	ZF	OF	0.159869065
D07	ZF	OF	0.103749752
D07	ZF	OF	0.169579743
D07	ZF	OH	0.158484283
D07	ZF	OH	0.124194488
D07	ZF	OH	0.11562545
D07	ZF	OR	0.213545518
D07	ZF	OR	0.159903996
D07	ZF	OR	0.140416125
D07	ZF	ZF	0.066989452
D07	ZF	ZF	0.142496212
D07	ZF	ZH	0.061497821
D07	ZF	ZH	0.078310593
D07	ZF	ZH	0.128004021
D07	ZF	ZR	0.038853476
D07	ZF	ZR	0.076401472
D07	ZF	ZR	0.145721261
D07	ZF	NF	0.139363152
D07	ZF	NF	0.104766056
D07	ZF	NF	0.144592235
D07	ZF	OF	0.056240929
D07	ZF	OF	0.159508535
D07	ZF	OF	0.051726019
D07	ZF	OH	0.077379435
D07	ZF	OH	0.069429604
D07	ZF	OH	0.124573303
D07	ZF	OR	0.087409242
D07	ZF	OR	0.253193238
D07	ZF	OR	0.076014875
D07	ZF	ZF	0.086492926
D07	ZF	ZF	0.142496212
D07	ZF	ZH	0.141050489
D07	ZF	ZH	0.183737792
D07	ZF	ZH	0.060421531
D07	ZF	ZR	0.162129059
D07	ZF	ZR	0.108485811
D07	ZF	ZR	0.046061612
D07	ZH	NF	0.245824615
D07	ZH	NF	0.159546406
D07	ZH	NF	0.220659133
D07	ZH	OF	0.151819369
D07	ZH	OF	0.099293352
D07	ZH	OF	0.162101153
D07	ZH	OH	0.162585811
D07	ZH	OH	0.131002946
D07	ZH	OH	0.123907857
D07	ZH	OR	0.199033812
D07	ZH	OR	0.141934719
D07	ZH	OR	0.125115591
D07	ZH	ZF	0.094619183
D07	ZH	ZF	0.061497821
D07	ZH	ZF	0.141050489
D07	ZH	ZH	0.044158068
D07	ZH	ZH	0.107334325
D07	ZH	ZR	0.045454287
D07	ZH	ZR	0.069612573
D07	ZH	ZR	0.132727512
D07	ZH	NF	0.286430116
D07	ZH	NF	0.181628495
D07	ZH	NF	0.249862589
D07	ZH	OF	0.191651379
D07	ZH	OF	0.101021945
D07	ZH	OF	0.204161308
D07	ZH	OH	0.205175153
D07	ZH	OH	0.172842168
D07	ZH	OH	0.166072841
D07	ZH	OR	0.238200582
D07	ZH	OR	0.126162449
D07	ZH	OR	0.164981479
D07	ZH	ZF	0.12285386
D07	ZH	ZF	0.078310593
D07	ZH	ZF	0.183737792
D07	ZH	ZH	0.044158068
D07	ZH	ZH	0.145742774
D07	ZH	ZR	0.058327233
D07	ZH	ZR	0.104083033
D07	ZH	ZR	0.17245252
D07	ZH	NF	0.154282846
D07	ZH	NF	0.098335722
D07	ZH	NF	0.148345925
D07	ZH	OF	0.055253534
D07	ZH	OF	0.152648764
D07	ZH	OF	0.067994105
D07	ZH	OH	0.069884706
D07	ZH	OH	0.056582491
D07	ZH	OH	0.106328847
D07	ZH	OR	0.09553544
D07	ZH	OR	0.22224205
D07	ZH	OR	0.06861002
D07	ZH	ZF	0.071695875
D07	ZH	ZF	0.128004021
D07	ZH	ZF	0.060421531
D07	ZH	ZH	0.107334325
D07	ZH	ZH	0.145742774
D07	ZH	ZR	0.145479704
D07	ZH	ZR	0.079487589
D07	ZH	ZR	0.040834882
D07	ZR	NF	0.259921142
D07	ZR	NF	0.162786127
D07	ZR	NF	0.223217321
D07	ZR	OF	0.178632135
D07	ZR	OF	0.101231033
D07	ZR	OF	0.188441364
D07	ZR	OH	0.171546956
D07	ZR	OH	0.139532606
D07	ZR	OH	0.129056076
D07	ZR	OR	0.230715705
D07	ZR	OR	0.148454749
D07	ZR	OR	0.156499437
D07	ZR	ZF	0.087011103
D07	ZR	ZF	0.038853476
D07	ZR	ZF	0.162129059
D07	ZR	ZH	0.045454287
D07	ZR	ZH	0.058327233
D07	ZR	ZH	0.145479704
D07	ZR	ZR	0.096727416
D07	ZR	ZR	0.165837404
D07	ZR	NF	0.212209661
D07	ZR	NF	0.147561284
D07	ZR	NF	0.20860259
D07	ZR	OF	0.1194176
D07	ZR	OF	0.107627339
D07	ZR	OF	0.129728805
D07	ZR	OH	0.137880519
D07	ZR	OH	0.107789225
D07	ZR	OH	0.125045536
D07	ZR	OR	0.149523114
D07	ZR	OR	0.158174618
D07	ZR	OR	0.077351314
D07	ZR	ZF	0.078953904
D07	ZR	ZF	0.076401472
D07	ZR	ZF	0.108485811
D07	ZR	ZH	0.069612573
D07	ZR	ZH	0.104083033
D07	ZR	ZH	0.079487589
D07	ZR	ZR	0.096727416
D07	ZR	ZR	0.082598334
D07	ZR	NF	0.156197647
D07	ZR	NF	0.113183613
D07	ZR	NF	0.156157828
D07	ZR	OF	0.053537998
D07	ZR	OF	0.147805605
D07	ZR	OF	0.056991003
D07	ZR	OH	0.080946988
D07	ZR	OH	0.069939116
D07	ZR	OH	0.124814048
D07	ZR	OR	0.077202103
D07	ZR	OR	0.229347752
D07	ZR	OR	0.056886157
D07	ZR	ZF	0.088371339
D07	ZR	ZF	0.145721261
D07	ZR	ZF	0.046061612
D07	ZR	ZH	0.132727512
D07	ZR	ZH	0.17245252
D07	ZR	ZH	0.040834882
D07	ZR	ZR	0.165837404
D07	ZR	ZR	0.082598334
D08	NF	NF	0.043502456
D08	NF	NF	0.120160232
D08	NF	OF	0.042407341
D08	NF	OF	0.077648438
D08	NF	OF	0.106320071
D08	NF	OH	0.181412395
D08	NF	OH	0.108810558
D08	NF	OH	0.173425049
D08	NF	OR	0.144530693
D08	NF	OR	0.106470897
D08	NF	OR	0.154102276
D08	NF	ZF	0.108437959
D08	NF	ZF	0.091411272
D08	NF	ZF	0.079639601
D08	NF	ZH	0.133754425
D08	NF	ZH	0.199607012
D08	NF	ZH	0.179889569
D08	NF	ZR	0.239165097
D08	NF	ZR	0.08221712
D08	NF	ZR	0.136006512
D08	NF	NF	0.043502456
D08	NF	NF	0.125762126
D08	NF	OF	0.052137697
D08	NF	OF	0.066501612
D08	NF	OF	0.096008379
D08	NF	OH	0.180281672
D08	NF	OH	0.090810283
D08	NF	OH	0.172002084
D08	NF	OR	0.130688767
D08	NF	OR	0.099332761
D08	NF	OR	0.145622841
D08	NF	ZF	0.087715541
D08	NF	ZF	0.089475756
D08	NF	ZF	0.078266795
D08	NF	ZH	0.110546565
D08	NF	ZH	0.187784378
D08	NF	ZH	0.166774342
D08	NF	ZR	0.226827302
D08	NF	ZR	0.0809906
D08	NF	ZR	0.124812228
D08	NF	NF	0.120160232
D08	NF	NF	0.125762126
D08	NF	OF	0.140748775
D08	NF	OF	0.183768587
D08	NF	OF	0.214521589
D08	NF	OH	0.295399686
D08	NF	OH	0.208064716
D08	NF	OH	0.287056278
D08	NF	OR	0.246274644
D08	NF	OR	0.213133803
D08	NF	OR	0.259992918
D08	NF	ZF	0.208294559
D08	NF	ZF	0.083316086
D08	NF	ZF	0.098333014
D08	NF	ZH	0.228708411
D08	NF	ZH	0.306693515
D08	NF	ZH	0.284800874
D08	NF	ZR	0.34544972
D08	NF	ZR	0.130620884
D08	NF	ZR	0.240627884
D08	OF	NF	0.042407341
D08	OF	NF	0.052137697
D08	OF	NF	0.140748775
D08	OF	OF	0.051131315
D08	OF	OF	0.07540028
D08	OF	OH	0.176505758
D08	OF	OH	0.084913211
D08	OF	OH	0.168082118
D08	OF	OR	0.114282585
D08	OF	OR	0.083258321
D08	OF	OR	0.129901656
D08	OF	ZF	0.086879377
D08	OF	ZF	0.093450171
D08	OF	ZF	0.075814622
D08	OF	ZH	0.106302619
D08	OF	ZH	0.175547868
D08	OF	ZH	0.153771782
D08	OF	ZR	0.210476574
D08	OF	ZR	0.077487472
D08	OF	ZR	0.111367381
D08	OF	NF	0.077648438
D08	OF	NF	0.066501612
D08	OF	NF	0.183768587
D08	OF	OF	0.051131315
D08	OF	OF	0.033509322
D08	OF	OH	0.132635657
D08	OF	OH	0.055741097
D08	OF	OH	0.125938793
D08	OF	OR	0.083263499
D08	OF	OR	0.050854108
D08	OF	OR	0.093958759
D08	OF	ZF	0.058964433
D08	OF	ZF	0.138754667
D08	OF	ZF	0.121005168
D08	OF	ZH	0.082867992
D08	OF	ZH	0.13955951
D08	OF	ZH	0.11911755
D08	OF	ZR	0.171275194
D08	OF	ZR	0.119979217
D08	OF	ZR	0.08463791
D08	OF	NF	0.106320071
D08	OF	NF	0.096008379
D08	OF	NF	0.214521589
D08	OF	OF	0.07540028
D08	OF	OF	0.033509322
D08	OF	OH	0.121311294
D08	OF	OH	0.044456991
D08	OF	OH	0.114529831
D08	OF	OR	0.057718239
D08	OF	OR	0.040954227
D08	OF	OR	0.066445748
D08	OF	ZF	0.050674265
D08	OF	ZF	0.15794222
D08	OF	ZF	0.138092452
D08	OF	ZH	0.064959694
D08	OF	ZH	0.109703544
D08	OF	ZH	0.091726766
D08	OF	ZR	0.141087459
D08	OF	ZR	0.131481811
D08	OF	ZR	0.060114107
D08	OH	NF	0.181412395
D08	OH	NF	0.180281672
D08	OH	NF	0.295399686
D08	OH	OF	0.176505758
D08	OH	OF	0.132635657
D08	OH	OF	0.121311294
D08	OH	OH	0.120776679
D08	OH	OH	0.015362297
D08	OH	OR	0.11698252
D08	OH	OR	0.111850369
D08	OH	OR	0.077680658
D08	OH	ZF	0.116056969
D08	OH	ZF	0.258381217
D08	OH	ZF	0.23673743
D08	OH	ZH	0.135438178
D08	OH	ZH	0.07146165
D08	OH	ZH	0.092718769
D08	OH	ZR	0.098392814
D08	OH	ZR	0.234363375
D08	OH	ZR	0.127393636
D08	OH	NF	0.108810558
D08	OH	NF	0.090810283
D08	OH	NF	0.208064716
D08	OH	OF	0.084913211
D08	OH	OF	0.055741097
D08	OH	OF	0.044456991
D08	OH	OH	0.120776679
D08	OH	OH	0.111205575
D08	OH	OR	0.058290461
D08	OH	OR	0.040042863
D08	OH	OR	0.066364819
D08	OH	ZF	0.049609038
D08	OH	ZF	0.153675121
D08	OH	ZF	0.13034927
D08	OH	ZH	0.044296941
D08	OH	ZH	0.103037879
D08	OH	ZH	0.086307808
D08	OH	ZR	0.141874268
D08	OH	ZR	0.12366908
D08	OH	ZR	0.054128227
D08	OH	NF	0.173425049
D08	OH	NF	0.172002084
D08	OH	NF	0.287056278
D08	OH	OF	0.168082118
D08	OH	OF	0.125938793
D08	OH	OF	0.114529831
D08	OH	OH	0.015362297
D08	OH	OH	0.111205575
D08	OH	OR	0.10852141
D08	OH	OR	0.101667093
D08	OH	OR	0.067150457
D08	OH	ZF	0.109535468
D08	OH	ZF	0.249805986
D08	OH	ZF	0.228154462
D08	OH	ZH	0.127539914
D08	OH	ZH	0.070534637
D08	OH	ZH	0.082473423
D08	OH	ZR	0.096200781
D08	OH	ZR	0.226190685
D08	OH	ZR	0.116303476
D08	OR	NF	0.144530693
D08	OR	NF	0.130688767
D08	OR	NF	0.246274644
D08	OR	OF	0.114282585
D08	OR	OF	0.083263499
D08	OR	OF	0.057718239
D08	OR	OH	0.11698252
D08	OR	OH	0.058290461
D08	OR	OH	0.10852141
D08	OR	OR	0.06969415
D08	OR	OR	0.064076147
D08	OR	ZF	0.081432266
D08	OR	ZF	0.191757999
D08	OR	ZF	0.167951126
D08	OR	ZH	0.056800714
D08	OR	ZH	0.085680176
D08	OR	ZH	0.053360166
D08	OR	ZR	0.104856235
D08	OR	ZR	0.127196896
D08	OR	ZR	0.052883642
D08	OR	NF	0.106470897
D08	OR	NF	0.099332761
D08	OR	NF	0.213133803
D08	OR	OF	0.083258321
D08	OR	OF	0.050854108
D08	OR	OF	0.040954227
D08	OR	OH	0.111850369
D08	OR	OH	0.040042863
D08	OR	OH	0.101667093
D08	OR	OR	0.06969415
D08	OR	OR	0.050309082
D08	OR	ZF	0.06717018
D08	OR	ZF	0.164259289
D08	OR	ZF	0.140205323
D08	OR	ZH	0.069599632
D08	OR	ZH	0.11315714
D08	OR	ZH	0.091327086
D08	OR	ZR	0.13870002
D08	OR	ZR	0.139363932
D08	OR	ZR	0.057184369
D08	OR	NF	0.154102276
D08	OR	NF	0.145622841
D08	OR	NF	0.259992918
D08	OR	OF	0.129901656
D08	OR	OF	0.093958759
D08	OR	OF	0.066445748
D08	OR	OH	0.077680658
D08	OR	OH	0.066364819
D08	OR	OH	0.067150457
D08	OR	OR	0.064076147
D08	OR	OR	0.050309082
D08	OR	ZF	0.07322524
D08	OR	ZF	0.207339332
D08	OR	ZF	0.182961645
D08	OR	ZH	0.086458605
D08	OR	ZH	0.079417271
D08	OR	ZH	0.063507811
D08	OR	ZR	0.102948483
D08	OR	ZR	0.181722105
D08	OR	ZR	0.071905787
D08	ZF	NF	0.108437959
D08	ZF	NF	0.087715541
D08	ZF	NF	0.208294559
D08	ZF	OF	0.086879377
D08	ZF	OF	0.058964433
D08	ZF	OF	0.050674265
D08	ZF	OH	0.116056969
D08	ZF	OH	0.049609038
D08	ZF	OH	0.109535468
D08	ZF	OR	0.081432266
D08	ZF	OR	0.06717018
D08	ZF	OR	0.07322524
D08	ZF	ZF	0.147554119
D08	ZF	ZF	0.129212759
D08	ZF	ZH	0.065777432
D08	ZF	ZH	0.113632054
D08	ZF	ZH	0.099240994
D08	ZF	ZR	0.145948726
D08	ZF	ZR	0.13251358
D08	ZF	ZR	0.074496896
D08	ZF	NF	0.091411272
D08	ZF	NF	0.089475756
D08	ZF	NF	0.083316086
D08	ZF	OF	0.093450171
D08	ZF	OF	0.138754667
D08	ZF	OF	0.15794222
D08	ZF	OH	0.258381217
D08	ZF	OH	0.153675121
D08	ZF	OH	0.249805986
D08	ZF	OR	0.191757999
D08	ZF	OR	0.164259289
D08	ZF	OR	0.207339332
D08	ZF	ZF	0.147554119
D08	ZF	ZF	0.025895631
D08	ZF	ZH	0.171135641
D08	ZF	ZH	0.25020261
D08	ZF	ZH	0.227576134
D08	ZF	ZR	0.285751312
D08	ZF	ZR	0.078392591
D08	ZF	ZR	0.184709176
D08	ZF	NF	0.079639601
D08	ZF	NF	0.078266795
D08	ZF	NF	0.098333014
D08	ZF	OF	0.075814622
D08	ZF	OF	0.121005168
D08	ZF	OF	0.138092452
D08	ZF	OH	0.23673743
D08	ZF	OH	0.13034927
D08	ZF	OH	0.228154462
D08	ZF	OR	0.167951126
D08	ZF	OR	0.140205323
D08	ZF	OR	0.182961645
D08	ZF	ZF	0.129212759
D08	ZF	ZF	0.025895631
D08	ZF	ZH	0.149520505
D08	ZF	ZH	0.227909656
D08	ZF	ZH	0.205780123
D08	ZF	ZR	0.265475996
D08	ZF	ZR	0.066224035
D08	ZF	ZR	0.163588163
D08	ZH	NF	0.133754425
D08	ZH	NF	0.110546565
D08	ZH	NF	0.228708411
D08	ZH	OF	0.106302619
D08	ZH	OF	0.082867992
D08	ZH	OF	0.064959694
D08	ZH	OH	0.135438178
D08	ZH	OH	0.044296941
D08	ZH	OH	0.127539914
D08	ZH	OR	0.056800714
D08	ZH	OR	0.069599632
D08	ZH	OR	0.086458605
D08	ZH	ZF	0.065777432
D08	ZH	ZF	0.171135641
D08	ZH	ZF	0.149520505
D08	ZH	ZH	0.097023213
D08	ZH	ZH	0.062027718
D08	ZH	ZR	0.123759285
D08	ZH	ZR	0.116945626
D08	ZH	ZR	0.042926972
D08	ZH	NF	0.199607012
D08	ZH	NF	0.187784378
D08	ZH	NF	0.306693515
D08	ZH	OF	0.175547868
D08	ZH	OF	0.13955951
D08	ZH	OF	0.109703544
D08	ZH	OH	0.07146165
D08	ZH	OH	0.103037879
D08	ZH	OH	0.070534637
D08	ZH	OR	0.085680176
D08	ZH	OR	0.11315714
D08	ZH	OR	0.079417271
D08	ZH	ZF	0.113632054
D08	ZH	ZF	0.25020261
D08	ZH	ZF	0.227909656
D08	ZH	ZH	0.097023213
D08	ZH	ZH	0.063399497
D08	ZH	ZR	0.044143399
D08	ZH	ZR	0.198095807
D08	ZH	ZR	0.101166419
D08	ZH	NF	0.179889569
D08	ZH	NF	0.166774342
D08	ZH	NF	0.284800874
D08	ZH	OF	0.153771782
D08	ZH	OF	0.11911755
D08	ZH	OF	0.091726766
D08	ZH	OH	0.092718769
D08	ZH	OH	0.086307808
D08	ZH	OH	0.082473423
D08	ZH	OR	0.053360166
D08	ZH	OR	0.091327086
D08	ZH	OR	0.063507811
D08	ZH	ZF	0.099240994
D08	ZH	ZF	0.227576134
D08	ZH	ZF	0.205780123
D08	ZH	ZH	0.062027718
D08	ZH	ZH	0.063399497
D08	ZH	ZR	0.067071629
D08	ZH	ZR	0.159384739
D08	ZH	ZR	0.057133092
D08	ZR	NF	0.239165097
D08	ZR	NF	0.226827302
D08	ZR	NF	0.34544972
D08	ZR	OF	0.210476574
D08	ZR	OF	0.171275194
D08	ZR	OF	0.141087459
D08	ZR	OH	0.098392814
D08	ZR	OH	0.141874268
D08	ZR	OH	0.096200781
D08	ZR	OR	0.104856235
D08	ZR	OR	0.13870002
D08	ZR	OR	0.102948483
D08	ZR	ZF	0.145948726
D08	ZR	ZF	0.285751312
D08	ZR	ZF	0.265475996
D08	ZR	ZH	0.123759285
D08	ZR	ZH	0.044143399
D08	ZR	ZH	0.067071629
D08	ZR	ZR	0.217880665
D08	ZR	ZR	0.109640613
D08	ZR	NF	0.08221712
D08	ZR	NF	0.0809906
D08	ZR	NF	0.130620884
D08	ZR	OF	0.077487472
D08	ZR	OF	0.119979217
D08	ZR	OF	0.131481811
D08	ZR	OH	0.234363375
D08	ZR	OH	0.12366908
D08	ZR	OH	0.226190685
D08	ZR	OR	0.127196896
D08	ZR	OR	0.139363932
D08	ZR	OR	0.181722105
D08	ZR	ZF	0.13251358
D08	ZR	ZF	0.078392591
D08	ZR	ZF	0.066224035
D08	ZR	ZH	0.116945626
D08	ZR	ZH	0.198095807
D08	ZR	ZH	0.159384739
D08	ZR	ZR	0.217880665
D08	ZR	ZR	0.121060795
D08	ZR	NF	0.136006512
D08	ZR	NF	0.124812228
D08	ZR	NF	0.240627884
D08	ZR	OF	0.111367381
D08	ZR	OF	0.08463791
D08	ZR	OF	0.060114107
D08	ZR	OH	0.127393636
D08	ZR	OH	0.054128227
D08	ZR	OH	0.116303476
D08	ZR	OR	0.052883642
D08	ZR	OR	0.057184369
D08	ZR	OR	0.071905787
D08	ZR	ZF	0.074496896
D08	ZR	ZF	0.184709176
D08	ZR	ZF	0.163588163
D08	ZR	ZH	0.042926972
D08	ZR	ZH	0.101166419
D08	ZR	ZH	0.057133092
D08	ZR	ZR	0.109640613
D08	ZR	ZR	0.121060795
D09	NF	NF	0.039475808
D09	NF	NF	0.103823465
D09	NF	OF	0.302276552
D09	NF	OF	0.402967902
D09	NF	OF	0.120623983
D09	NF	OH	0.163717187
D09	NF	OH	0.153196243
D09	NF	OH	0.143384391
D09	NF	OR	0.283740869
D09	NF	OR	0.171140578
D09	NF	OR	0.179087499
D09	NF	ZF	0.111134513
D09	NF	ZF	0.125342354
D09	NF	ZF	0.186884835
D09	NF	ZH	0.227821168
D09	NF	ZH	0.252590352
D09	NF	ZH	0.317330334
D09	NF	ZR	0.325944091
D09	NF	ZR	0.16690654
D09	NF	ZR	0.221575064
D09	NF	NF	0.039475808
D09	NF	NF	0.076027811
D09	NF	OF	0.27885964
D09	NF	OF	0.381273372
D09	NF	OF	0.105279806
D09	NF	OH	0.145162657
D09	NF	OH	0.122185319
D09	NF	OH	0.11613146
D09	NF	OR	0.259807652
D09	NF	OR	0.146556739
D09	NF	OR	0.156783466
D09	NF	ZF	0.097631191
D09	NF	ZF	0.102733324
D09	NF	ZF	0.151546701
D09	NF	ZH	0.199605728
D09	NF	ZH	0.219399926
D09	NF	ZH	0.289791529
D09	NF	ZR	0.296721541
D09	NF	ZR	0.135107724
D09	NF	ZR	0.193956733
D09	NF	NF	0.103823465
D09	NF	NF	0.076027811
D09	NF	OF	0.293515605
D09	NF	OF	0.383912044
D09	NF	OF	0.165279183
D09	NF	OH	0.170170207
D09	NF	OH	0.125064539
D09	NF	OH	0.139197403
D09	NF	OR	0.272192866
D09	NF	OR	0.183817962
D09	NF	OR	0.199628983
D09	NF	ZF	0.129365437
D09	NF	ZF	0.118415025
D09	NF	ZF	0.157229235
D09	NF	ZH	0.207788262
D09	NF	ZH	0.227625978
D09	NF	ZH	0.297469649
D09	NF	ZR	0.301727981
D09	NF	ZR	0.144907123
D09	NF	ZR	0.215153276
D09	OF	NF	0.302276552
D09	OF	NF	0.27885964
D09	OF	NF	0.293515605
D09	OF	OF	0.103010516
D09	OF	OF	0.192511972
D09	OF	OH	0.166031452
D09	OF	OH	0.200520211
D09	OF	OH	0.197605838
D09	OF	OR	0.081686877
D09	OF	OR	0.155543485
D09	OF	OR	0.143532964
D09	OF	ZF	0.21984773
D09	OF	ZF	0.207737096
D09	OF	ZF	0.162070991
D09	OF	ZH	0.136405356
D09	OF	ZH	0.132909204
D09	OF	ZH	0.135578832
D09	OF	ZR	0.081347011
D09	OF	ZR	0.172407273
D09	OF	ZR	0.109405697
D09	OF	NF	0.402967902
D09	OF	NF	0.381273372
D09	OF	NF	0.383912044
D09	OF	OF	0.103010516
D09	OF	OF	0.29037465
D09	OF	OH	0.260729221
D09	OF	OH	0.290330517
D09	OF	OH	0.286509464
D09	OF	OR	0.135217379
D09	OF	OR	0.253948988
D09	OF	OR	0.242620629
D09	OF	ZF	0.315407082
D09	OF	ZF	0.296607774
D09	OF	ZF	0.244236882
D09	OF	ZH	0.199346253
D09	OF	ZH	0.18554949
D09	OF	ZH	0.157232003
D09	OF	ZR	0.111695566
D09	OF	ZR	0.255825631
D09	OF	ZR	0.200860339
D09	OF	NF	0.120623983
D09	OF	NF	0.105279806
D09	OF	NF	0.165279183
D09	OF	OF	0.192511972
D09	OF	OF	0.29037465
D09	OF	OH	0.08168692
D09	OF	OH	0.109920929
D09	OF	OH	0.095228067
D09	OF	OR	0.175532248
D09	OF	OR	0.073533628
D09	OF	OR	0.072863287
D09	OF	ZF	0.060437874
D09	OF	ZF	0.070861514
D09	OF	ZF	0.110483703
D09	OF	ZH	0.151788448
D09	OF	ZH	0.158755533
D09	OF	ZH	0.225973946
D09	OF	ZR	0.214927696
D09	OF	ZR	0.110804363
D09	OF	ZR	0.115094103
D09	OH	NF	0.163717187
D09	OH	NF	0.145162657
D09	OH	NF	0.170170207
D09	OH	OF	0.166031452
D09	OH	OF	0.260729221
D09	OH	OF	0.08168692
D09	OH	OH	0.063303489
D09	OH	OH	0.058297329
D09	OH	OR	0.139281564
D09	OH	OR	0.07213506
D09	OH	OR	0.074641808
D09	OH	ZF	0.098801178
D09	OH	ZF	0.082404031
D09	OH	ZF	0.073305088
D09	OH	ZH	0.095547941
D09	OH	ZH	0.111090354
D09	OH	ZH	0.175591158
D09	OH	ZR	0.186102783
D09	OH	ZR	0.069769595
D09	OH	ZR	0.102889587
D09	OH	NF	0.153196243
D09	OH	NF	0.122185319
D09	OH	NF	0.125064539
D09	OH	OF	0.200520211
D09	OH	OF	0.290330517
D09	OH	OF	0.109920929
D09	OH	OH	0.063303489
D09	OH	OH	0.027727898
D09	OH	OR	0.168658353
D09	OH	OR	0.117408805
D09	OH	OR	0.119803561
D09	OH	ZF	0.119772678
D09	OH	ZF	0.090454535
D09	OH	ZF	0.086615669
D09	OH	ZH	0.114009137
D09	OH	ZH	0.135696155
D09	OH	ZH	0.202200173
D09	OH	ZR	0.216040205
D09	OH	ZR	0.062557672
D09	OH	ZR	0.130502275
D09	OH	NF	0.143384391
D09	OH	NF	0.11613146
D09	OH	NF	0.139197403
D09	OH	OF	0.197605838
D09	OH	OF	0.286509464
D09	OH	OF	0.095228067
D09	OH	OH	0.058297329
D09	OH	OH	0.027727898
D09	OH	OR	0.16006597
D09	OH	OR	0.106997843
D09	OH	OR	0.108835977
D09	OH	ZF	0.115731573
D09	OH	ZF	0.089580675
D09	OH	ZF	0.080930709
D09	OH	ZH	0.114322188
D09	OH	ZH	0.130717378
D09	OH	ZH	0.196118125
D09	OH	ZR	0.214234224
D09	OH	ZR	0.059700295
D09	OH	ZR	0.118716116
D09	OR	NF	0.283740869
D09	OR	NF	0.259807652
D09	OR	NF	0.272192866
D09	OR	OF	0.081686877
D09	OR	OF	0.135217379
D09	OR	OF	0.175532248
D09	OR	OH	0.139281564
D09	OR	OH	0.168658353
D09	OR	OH	0.16006597
D09	OR	OR	0.140440711
D09	OR	OR	0.127759387
D09	OR	ZF	0.207442979
D09	OR	ZF	0.187925687
D09	OR	ZF	0.129782146
D09	OR	ZH	0.083948771
D09	OR	ZH	0.072332671
D09	OR	ZH	0.093729152
D09	OR	ZR	0.065069013
D09	OR	ZR	0.138796328
D09	OR	ZR	0.085084016
D09	OR	NF	0.171140578
D09	OR	NF	0.146556739
D09	OR	NF	0.183817962
D09	OR	OF	0.155543485
D09	OR	OF	0.253948988
D09	OR	OF	0.073533628
D09	OR	OH	0.07213506
D09	OR	OH	0.117408805
D09	OR	OH	0.106997843
D09	OR	OR	0.140440711
D09	OR	OR	0.029317041
D09	OR	ZF	0.098163011
D09	OR	ZF	0.095797694
D09	OR	ZF	0.10186906
D09	OR	ZH	0.139233362
D09	OR	ZH	0.142389101
D09	OR	ZH	0.208390158
D09	OR	ZR	0.178090006
D09	OR	ZR	0.107334665
D09	OR	ZR	0.098798529
D09	OR	NF	0.179087499
D09	OR	NF	0.156783466
D09	OR	NF	0.199628983
D09	OR	OF	0.143532964
D09	OR	OF	0.242620629
D09	OR	OF	0.072863287
D09	OR	OH	0.074641808
D09	OR	OH	0.119803561
D09	OR	OH	0.108835977
D09	OR	OR	0.127759387
D09	OR	OR	0.029317041
D09	OR	ZF	0.110726468
D09	OR	ZF	0.106711306
D09	OR	ZF	0.088778591
D09	OR	ZH	0.127018055
D09	OR	ZH	0.132930669
D09	OR	ZH	0.200978347
D09	OR	ZR	0.165368733
D09	OR	ZR	0.098131783
D09	OR	ZR	0.08381056
D09	ZF	NF	0.111134513
D09	ZF	NF	0.097631191
D09	ZF	NF	0.129365437
D09	ZF	OF	0.21984773
D09	ZF	OF	0.315407082
D09	ZF	OF	0.060437874
D09	ZF	OH	0.098801178
D09	ZF	OH	0.119772678
D09	ZF	OH	0.115731573
D09	ZF	OR	0.207442979
D09	ZF	OR	0.098163011
D09	ZF	OR	0.110726468
D09	ZF	ZF	0.052494474
D09	ZF	ZF	0.117077482
D09	ZF	ZH	0.162266514
D09	ZF	ZH	0.171174172
D09	ZF	ZH	0.23909446
D09	ZF	ZR	0.237737753
D09	ZF	ZR	0.118147244
D09	ZF	ZR	0.137416268
D09	ZF	NF	0.125342354
D09	ZF	NF	0.102733324
D09	ZF	NF	0.118415025
D09	ZF	OF	0.207737096
D09	ZF	OF	0.296607774
D09	ZF	OF	0.070861514
D09	ZF	OH	0.082404031
D09	ZF	OH	0.090454535
D09	ZF	OH	0.089580675
D09	ZF	OR	0.187925687
D09	ZF	OR	0.095797694
D09	ZF	OR	0.106711306
D09	ZF	ZF	0.052494474
D09	ZF	ZF	0.070097487
D09	ZF	ZH	0.120193787
D09	ZF	ZH	0.146441077
D09	ZF	ZH	0.215397353
D09	ZF	ZR	0.2163517
D09	ZF	ZR	0.076070724
D09	ZF	ZR	0.124232117
D09	ZF	NF	0.186884835
D09	ZF	NF	0.151546701
D09	ZF	NF	0.157229235
D09	ZF	OF	0.162070991
D09	ZF	OF	0.244236882
D09	ZF	OF	0.110483703
D09	ZF	OH	0.073305088
D09	ZF	OH	0.086615669
D09	ZF	OH	0.080930709
D09	ZF	OR	0.129782146
D09	ZF	OR	0.10186906
D09	ZF	OR	0.088778591
D09	ZF	ZF	0.117077482
D09	ZF	ZF	0.070097487
D09	ZF	ZH	0.063257691
D09	ZF	ZH	0.084225432
D09	ZF	ZH	0.150430695
D09	ZF	ZR	0.160311652
D09	ZF	ZR	0.031544892
D09	ZF	ZR	0.083462355
D09	ZH	NF	0.227821168
D09	ZH	NF	0.199605728
D09	ZH	NF	0.207788262
D09	ZH	OF	0.136405356
D09	ZH	OF	0.199346253
D09	ZH	OF	0.151788448
D09	ZH	OH	0.095547941
D09	ZH	OH	0.114009137
D09	ZH	OH	0.114322188
D09	ZH	OR	0.083948771
D09	ZH	OR	0.139233362
D09	ZH	OR	0.127018055
D09	ZH	ZF	0.162266514
D09	ZH	ZF	0.120193787
D09	ZH	ZF	0.063257691
D09	ZH	ZH	0.034635362
D09	ZH	ZH	0.100634806
D09	ZH	ZR	0.1062137
D09	ZH	ZR	0.070312011
D09	ZH	ZR	0.08145497
D09	ZH	NF	0.252590352
D09	ZH	NF	0.219399926
D09	ZH	NF	0.227625978
D09	ZH	OF	0.132909204
D09	ZH	OF	0.18554949
D09	ZH	OF	0.158755533
D09	ZH	OH	0.111090354
D09	ZH	OH	0.135696155
D09	ZH	OH	0.130717378
D09	ZH	OR	0.072332671
D09	ZH	OR	0.142389101
D09	ZH	OR	0.132930669
D09	ZH	ZF	0.171174172
D09	ZH	ZF	0.146441077
D09	ZH	ZF	0.084225432
D09	ZH	ZH	0.034635362
D09	ZH	ZH	0.076952747
D09	ZH	ZR	0.094653526
D09	ZH	ZR	0.093163626
D09	ZH	ZR	0.075132491
D09	ZH	NF	0.317330334
D09	ZH	NF	0.289791529
D09	ZH	NF	0.297469649
D09	ZH	OF	0.135578832
D09	ZH	OF	0.157232003
D09	ZH	OF	0.225973946
D09	ZH	OH	0.175591158
D09	ZH	OH	0.202200173
D09	ZH	OH	0.196118125
D09	ZH	OR	0.093729152
D09	ZH	OR	0.208390158
D09	ZH	OR	0.200978347
D09	ZH	ZF	0.23909446
D09	ZH	ZF	0.215397353
D09	ZH	ZF	0.150430695
D09	ZH	ZH	0.100634806
D09	ZH	ZH	0.076952747
D09	ZH	ZR	0.076129419
D09	ZH	ZR	0.16169957
D09	ZH	ZR	0.135347246
D09	ZR	NF	0.325944091
D09	ZR	NF	0.296721541
D09	ZR	NF	0.301727981
D09	ZR	OF	0.081347011
D09	ZR	OF	0.111695566
D09	ZR	OF	0.214927696
D09	ZR	OH	0.186102783
D09	ZR	OH	0.216040205
D09	ZR	OH	0.214234224
D09	ZR	OR	0.065069013
D09	ZR	OR	0.178090006
D09	ZR	OR	0.165368733
D09	ZR	ZF	0.237737753
D09	ZR	ZF	0.2163517
D09	ZR	ZF	0.160311652
D09	ZR	ZH	0.1062137
D09	ZR	ZH	0.094653526
D09	ZR	ZH	0.076129419
D09	ZR	ZR	0.169199233
D09	ZR	ZR	0.12152712
D09	ZR	NF	0.16690654
D09	ZR	NF	0.135107724
D09	ZR	NF	0.144907123
D09	ZR	OF	0.172407273
D09	ZR	OF	0.255825631
D09	ZR	OF	0.110804363
D09	ZR	OH	0.069769595
D09	ZR	OH	0.062557672
D09	ZR	OH	0.059700295
D09	ZR	OR	0.138796328
D09	ZR	OR	0.107334665
D09	ZR	OR	0.098131783
D09	ZR	ZF	0.118147244
D09	ZR	ZF	0.076070724
D09	ZR	ZF	0.031544892
D09	ZR	ZH	0.070312011
D09	ZR	ZH	0.093163626
D09	ZR	ZH	0.16169957
D09	ZR	ZR	0.169199233
D09	ZR	ZR	0.090359056
D09	ZR	NF	0.221575064
D09	ZR	NF	0.193956733
D09	ZR	NF	0.215153276
D09	ZR	OF	0.109405697
D09	ZR	OF	0.200860339
D09	ZR	OF	0.115094103
D09	ZR	OH	0.102889587
D09	ZR	OH	0.130502275
D09	ZR	OH	0.118716116
D09	ZR	OR	0.085084016
D09	ZR	OR	0.098798529
D09	ZR	OR	0.08381056
D09	ZR	ZF	0.137416268
D09	ZR	ZF	0.124232117
D09	ZR	ZF	0.083462355
D09	ZR	ZH	0.08145497
D09	ZR	ZH	0.075132491
D09	ZR	ZH	0.135347246
D09	ZR	ZR	0.12152712
D09	ZR	ZR	0.090359056
D10	NF	NF	0.137338638
D10	NF	NF	0.058185461
D10	NF	OF	0.283712064
D10	NF	OF	0.138940305
D10	NF	OF	0.184985528
D10	NF	OH	0.124981839
D10	NF	OH	0.205274003
D10	NF	OH	0.233036444
D10	NF	OR	0.201909575
D10	NF	OR	0.236518487
D10	NF	OR	0.186889795
D10	NF	ZF	0.212397265
D10	NF	ZF	0.161186638
D10	NF	ZF	0.076808741
D10	NF	ZH	0.304276257
D10	NF	ZH	0.281328839
D10	NF	ZH	0.30386233
D10	NF	ZR	0.201398939
D10	NF	ZR	0.293949003
D10	NF	ZR	0.185469971
D10	NF	NF	0.137338638
D10	NF	NF	0.090380472
D10	NF	OF	0.176426174
D10	NF	OF	0.06307137
D10	NF	OF	0.101252182
D10	NF	OH	0.066354628
D10	NF	OH	0.101881579
D10	NF	OH	0.129488434
D10	NF	OR	0.116655136
D10	NF	OR	0.136955704
D10	NF	OR	0.110514134
D10	NF	ZF	0.131228351
D10	NF	ZF	0.10051148
D10	NF	ZF	0.115979021
D10	NF	ZH	0.178285148
D10	NF	ZH	0.159105819
D10	NF	ZH	0.180802607
D10	NF	ZR	0.096178912
D10	NF	ZR	0.189112976
D10	NF	ZR	0.096324623
D10	NF	NF	0.058185461
D10	NF	NF	0.090380472
D10	NF	OF	0.232795054
D10	NF	OF	0.084989402
D10	NF	OF	0.132342756
D10	NF	OH	0.072422479
D10	NF	OH	0.153846336
D10	NF	OH	0.181511272
D10	NF	OR	0.14954559
D10	NF	OR	0.184485134
D10	NF	OR	0.134296839
D10	NF	ZF	0.15908344
D10	NF	ZF	0.106287895
D10	NF	ZF	0.05981024
D10	NF	ZH	0.254115047
D10	NF	ZH	0.23084205
D10	NF	ZH	0.253372643
D10	NF	ZR	0.149513193
D10	NF	ZR	0.242501513
D10	NF	ZR	0.132017765
D10	OF	NF	0.283712064
D10	OF	NF	0.176426174
D10	OF	NF	0.232795054
D10	OF	OF	0.15551079
D10	OF	OF	0.101997526
D10	OF	OH	0.168369697
D10	OF	OH	0.087246172
D10	OF	OH	0.063087919
D10	OF	OR	0.100652985
D10	OF	OR	0.068665189
D10	OF	OR	0.107373402
D10	OF	ZF	0.08737755
D10	OF	ZF	0.133573783
D10	OF	ZF	0.249612141
D10	OF	ZH	0.086070764
D10	OF	ZH	0.076203036
D10	OF	ZH	0.080121211
D10	OF	ZR	0.095414311
D10	OF	ZR	0.037824724
D10	OF	ZR	0.115817244
D10	OF	NF	0.138940305
D10	OF	NF	0.06307137
D10	OF	NF	0.084989402
D10	OF	OF	0.15551079
D10	OF	OF	0.057809626
D10	OF	OH	0.037579865
D10	OF	OH	0.074632327
D10	OF	OH	0.101252209
D10	OF	OR	0.070901545
D10	OF	OR	0.104791782
D10	OF	OR	0.061250495
D10	OF	ZF	0.087148804
D10	OF	ZF	0.057656511
D10	OF	ZF	0.106580694
D10	OF	ZH	0.178185067
D10	OF	ZH	0.153561444
D10	OF	ZH	0.176423416
D10	OF	ZR	0.073052586
D10	OF	ZR	0.166588628
D10	OF	ZR	0.063965211
D10	OF	NF	0.184985528
D10	OF	NF	0.101252182
D10	OF	NF	0.132342756
D10	OF	OF	0.101997526
D10	OF	OF	0.057809626
D10	OF	OH	0.073901044
D10	OF	OH	0.036628004
D10	OF	OH	0.062272736
D10	OF	OR	0.038019444
D10	OF	OR	0.064333816
D10	OF	OR	0.02023877
D10	OF	ZF	0.045387313
D10	OF	ZF	0.053247705
D10	OF	ZF	0.149741841
D10	OF	ZH	0.146386732
D10	OF	ZH	0.118400757
D10	OF	ZH	0.143994571
D10	OF	ZR	0.036627473
D10	OF	ZR	0.11603303
D10	OF	ZR	0.046273516
D10	OH	NF	0.124981839
D10	OH	NF	0.066354628
D10	OH	NF	0.072422479
D10	OH	OF	0.168369697
D10	OH	OF	0.037579865
D10	OH	OF	0.073901044
D10	OH	OH	0.084017707
D10	OH	OH	0.111514153
D10	OH	OR	0.087068165
D10	OH	OR	0.120355454
D10	OH	OR	0.076346057
D10	OH	ZF	0.097427215
D10	OH	ZF	0.054230355
D10	OH	ZF	0.093767683
D10	OH	ZH	0.19225138
D10	OH	ZH	0.165555535
D10	OH	ZH	0.189302634
D10	OH	ZR	0.08369944
D10	OH	ZR	0.179600775
D10	OH	ZR	0.069193719
D10	OH	NF	0.205274003
D10	OH	NF	0.101881579
D10	OH	NF	0.153846336
D10	OH	OF	0.087246172
D10	OH	OF	0.074632327
D10	OH	OF	0.036628004
D10	OH	OH	0.084017707
D10	OH	OH	0.033458336
D10	OH	OR	0.030872046
D10	OH	OR	0.046996439
D10	OH	OR	0.041189156
D10	OH	ZF	0.040442487
D10	OH	ZF	0.062969033
D10	OH	ZF	0.169473972
D10	OH	ZH	0.118021222
D10	OH	ZH	0.090065467
D10	OH	ZH	0.115687445
D10	OH	ZR	0.025175487
D10	OH	ZR	0.099751576
D10	OH	ZR	0.045702551
D10	OH	NF	0.233036444
D10	OH	NF	0.129488434
D10	OH	NF	0.181511272
D10	OH	OF	0.063087919
D10	OH	OF	0.101252209
D10	OH	OF	0.062272736
D10	OH	OH	0.111514153
D10	OH	OH	0.033458336
D10	OH	OR	0.055234971
D10	OH	OR	0.035077279
D10	OH	OR	0.064393188
D10	OH	ZF	0.046823464
D10	OH	ZF	0.088651386
D10	OH	ZF	0.198568937
D10	OH	ZH	0.09679831
D10	OH	ZH	0.068842091
D10	OH	ZH	0.094425242
D10	OH	ZR	0.044875606
D10	OH	ZR	0.075190603
D10	OH	ZR	0.072264547
D10	OR	NF	0.201909575
D10	OR	NF	0.116655136
D10	OR	NF	0.14954559
D10	OR	OF	0.100652985
D10	OR	OF	0.070901545
D10	OR	OF	0.038019444
D10	OR	OH	0.087068165
D10	OR	OH	0.030872046
D10	OR	OH	0.055234971
D10	OR	OR	0.03620233
D10	OR	OR	0.025382502
D10	OR	ZF	0.039465293
D10	OR	ZF	0.064849963
D10	OR	ZF	0.167647894
D10	OR	ZH	0.127333031
D10	OR	ZH	0.101459022
D10	OR	ZH	0.12497067
D10	OR	ZR	0.0454127
D10	OR	ZR	0.109669527
D10	OR	ZR	0.04998889
D10	OR	NF	0.236518487
D10	OR	NF	0.136955704
D10	OR	NF	0.184485134
D10	OR	OF	0.068665189
D10	OR	OF	0.104791782
D10	OR	OF	0.064333816
D10	OR	OH	0.120355454
D10	OR	OH	0.046996439
D10	OR	OH	0.035077279
D10	OR	OR	0.03620233
D10	OR	OR	0.055036983
D10	OR	ZF	0.048711476
D10	OR	ZF	0.090916881
D10	OR	ZF	0.202506452
D10	OR	ZH	0.100018304
D10	OR	ZH	0.0730534
D10	OR	ZH	0.097543577
D10	OR	ZR	0.063742422
D10	OR	ZR	0.079854659
D10	OR	ZR	0.075614627
D10	OR	NF	0.186889795
D10	OR	NF	0.110514134
D10	OR	NF	0.134296839
D10	OR	OF	0.107373402
D10	OR	OF	0.061250495
D10	OR	OF	0.02023877
D10	OR	OH	0.076346057
D10	OR	OH	0.041189156
D10	OR	OH	0.064393188
D10	OR	OR	0.025382502
D10	OR	OR	0.055036983
D10	OR	ZF	0.045091057
D10	OR	ZF	0.057040219
D10	OR	ZF	0.153234135
D10	OR	ZH	0.144300254
D10	OR	ZH	0.117182657
D10	OR	ZH	0.141920833
D10	OR	ZR	0.04562155
D10	OR	ZR	0.117787339
D10	OR	ZR	0.048665675
D10	ZF	NF	0.212397265
D10	ZF	NF	0.131228351
D10	ZF	NF	0.15908344
D10	ZF	OF	0.08737755
D10	ZF	OF	0.087148804
D10	ZF	OF	0.045387313
D10	ZF	OH	0.097427215
D10	ZF	OH	0.040442487
D10	ZF	OH	0.046823464
D10	ZF	OR	0.039465293
D10	ZF	OR	0.048711476
D10	ZF	OR	0.045091057
D10	ZF	ZF	0.061464751
D10	ZF	ZF	0.176688835
D10	ZF	ZH	0.117411222
D10	ZF	ZH	0.092524091
D10	ZF	ZH	0.114265685
D10	ZF	ZR	0.048272312
D10	ZF	ZR	0.090180496
D10	ZF	ZR	0.046627533
D10	ZF	NF	0.161186638
D10	ZF	NF	0.10051148
D10	ZF	NF	0.106287895
D10	ZF	OF	0.133573783
D10	ZF	OF	0.057656511
D10	ZF	OF	0.053247705
D10	ZF	OH	0.054230355
D10	ZF	OH	0.062969033
D10	ZF	OH	0.088651386
D10	ZF	OR	0.064849963
D10	ZF	OR	0.090916881
D10	ZF	OR	0.057040219
D10	ZF	ZF	0.061464751
D10	ZF	ZF	0.12076726
D10	ZF	ZH	0.15756179
D10	ZF	ZH	0.13221844
D10	ZF	ZH	0.155916825
D10	ZF	ZR	0.061397185
D10	ZF	ZR	0.138875751
D10	ZF	ZR	0.032002622
D10	ZF	NF	0.076808741
D10	ZF	NF	0.115979021
D10	ZF	NF	0.05981024
D10	ZF	OF	0.249612141
D10	ZF	OF	0.106580694
D10	ZF	OF	0.149741841
D10	ZF	OH	0.093767683
D10	ZF	OH	0.169473972
D10	ZF	OH	0.198568937
D10	ZF	OR	0.167647894
D10	ZF	OR	0.202506452
D10	ZF	OR	0.153234135
D10	ZF	ZF	0.176688835
D10	ZF	ZF	0.12076726
D10	ZF	ZH	0.262886994
D10	ZF	ZH	0.240358256
D10	ZF	ZH	0.254855116
D10	ZF	ZR	0.163077668
D10	ZF	ZR	0.248632173
D10	ZF	ZR	0.14332459
D10	ZH	NF	0.304276257
D10	ZH	NF	0.178285148
D10	ZH	NF	0.254115047
D10	ZH	OF	0.086070764
D10	ZH	OF	0.178185067
D10	ZH	OF	0.146386732
D10	ZH	OH	0.19225138
D10	ZH	OH	0.118021222
D10	ZH	OH	0.09679831
D10	ZH	OR	0.127333031
D10	ZH	OR	0.100018304
D10	ZH	OR	0.144300254
D10	ZH	ZF	0.117411222
D10	ZH	ZF	0.15756179
D10	ZH	ZF	0.262886994
D10	ZH	ZH	0.034780093
D10	ZH	ZH	0.015560947
D10	ZH	ZR	0.117980464
D10	ZH	ZR	0.070798983
D10	ZH	ZR	0.129449694
D10	ZH	NF	0.281328839
D10	ZH	NF	0.159105819
D10	ZH	NF	0.23084205
D10	ZH	OF	0.076203036
D10	ZH	OF	0.153561444
D10	ZH	OF	0.118400757
D10	ZH	OH	0.165555535
D10	ZH	OH	0.090065467
D10	ZH	OH	0.068842091
D10	ZH	OR	0.101459022
D10	ZH	OR	0.0730534
D10	ZH	OR	0.117182657
D10	ZH	ZF	0.092524091
D10	ZH	ZF	0.13221844
D10	ZH	ZF	0.240358256
D10	ZH	ZH	0.034780093
D10	ZH	ZH	0.034538237
D10	ZH	ZR	0.091553406
D10	ZH	ZR	0.0756033
D10	ZH	ZR	0.10363982
D10	ZH	NF	0.30386233
D10	ZH	NF	0.180802607
D10	ZH	NF	0.253372643
D10	ZH	OF	0.080121211
D10	ZH	OF	0.176423416
D10	ZH	OF	0.143994571
D10	ZH	OH	0.189302634
D10	ZH	OH	0.115687445
D10	ZH	OH	0.094425242
D10	ZH	OR	0.12497067
D10	ZH	OR	0.097543577
D10	ZH	OR	0.141920833
D10	ZH	ZF	0.114265685
D10	ZH	ZF	0.155916825
D10	ZH	ZF	0.254855116
D10	ZH	ZH	0.015560947
D10	ZH	ZH	0.034538237
D10	ZH	ZR	0.116155065
D10	ZH	ZR	0.065104058
D10	ZH	ZR	0.127778033
D10	ZR	NF	0.201398939
D10	ZR	NF	0.096178912
D10	ZR	NF	0.149513193
D10	ZR	OF	0.095414311
D10	ZR	OF	0.073052586
D10	ZR	OF	0.036627473
D10	ZR	OH	0.08369944
D10	ZR	OH	0.025175487
D10	ZR	OH	0.044875606
D10	ZR	OR	0.0454127
D10	ZR	OR	0.063742422
D10	ZR	OR	0.04562155
D10	ZR	ZF	0.048272312
D10	ZR	ZF	0.061397185
D10	ZR	ZF	0.163077668
D10	ZR	ZH	0.117980464
D10	ZR	ZH	0.091553406
D10	ZR	ZH	0.116155065
D10	ZR	ZR	0.099796025
D10	ZR	ZR	0.040279456
D10	ZR	NF	0.293949003
D10	ZR	NF	0.189112976
D10	ZR	NF	0.242501513
D10	ZR	OF	0.037824724
D10	ZR	OF	0.166588628
D10	ZR	OF	0.11603303
D10	ZR	OH	0.179600775
D10	ZR	OH	0.099751576
D10	ZR	OH	0.075190603
D10	ZR	OR	0.109669527
D10	ZR	OR	0.079854659
D10	ZR	OR	0.117787339
D10	ZR	ZF	0.090180496
D10	ZR	ZF	0.138875751
D10	ZR	ZF	0.248632173
D10	ZR	ZH	0.070798983
D10	ZR	ZH	0.0756033
D10	ZR	ZH	0.065104058
D10	ZR	ZR	0.099796025
D10	ZR	ZR	0.116821901
D10	ZR	NF	0.185469971
D10	ZR	NF	0.096324623
D10	ZR	NF	0.132017765
D10	ZR	OF	0.115817244
D10	ZR	OF	0.063965211
D10	ZR	OF	0.046273516
D10	ZR	OH	0.069193719
D10	ZR	OH	0.045702551
D10	ZR	OH	0.072264547
D10	ZR	OR	0.04998889
D10	ZR	OR	0.075614627
D10	ZR	OR	0.048665675
D10	ZR	ZF	0.046627533
D10	ZR	ZF	0.032002622
D10	ZR	ZF	0.14332459
D10	ZR	ZH	0.129449694
D10	ZR	ZH	0.10363982
D10	ZR	ZH	0.127778033
D10	ZR	ZR	0.040279456
D10	ZR	ZR	0.116821901
