Podoviridae	Saccharomycetaceae	Cryptococcaceae	Pseudomonadaceae	Enterobacteriaceae	Bradyrhizobiaceae	Rhodospirillaceae	Sutterellaceae	Desulfovibrionaceae	Akkermansiaceae	Staphylococcaceae	Bacillaceae	Listeriaceae	Streptococcaceae	Lactobacillaceae	Enterococcaceae	Clostridiaceae	Lachnospiraceae	Eubacteriaceae	Oscillospiraceae	Ruminococcaceae	Erysipelotrichaceae	Selenomonadaceae	Acidaminococcaceae	Veillonellaceae	Bifidobacteriaceae	Coriobacteriaceae	Bacteroidaceae	Rikenellaceae	Prevotellaceae	Odoribacteraceae	Tannerellaceae
D04-ZR-R1	-8.9118	-5.6549	-8.4731	-3.1949	-0.6767	-4.694	-4.4532	-1.4886	0.5777	-4.6898	-4.7905	-2.4183	-7.4489	-1.8987	-2.5883	-2.3645	5.3638	7.0924	4.3758	5.2299	6.6639	2.6906	3.8921	-0.7834	2.5047	4.9159	2.1698	4.5966	3.033	6.8	2.0363	2.587
D10-NF-R1	-2.9531	-7.1002	-9.438	-4.1221	0.7875	-6.2693	-5.246	-7.2531	-4.7015	-3.0102	-4.6027	-2.1337	-6.5037	1.3934	-0.2252	-1.7084	6.0901	7.9526	5.1504	2.3537	6.7349	3.4185	5.2015	2.8674	-3.6629	1.8537	6.8475	8.948	3.3867	1.6049	1.6515	2.6877
D02-OF-R1	2.2218	-5.1254	-9.8004	-4.5294	-3.4876	-6.5083	-4.7413	-0.5875	-0.0796	-3.312	-5.2727	-3.171	-7.28	3.3638	1.0038	-2.798	5.2712	6.5695	4.1288	4.9722	6.7901	1.1564	-4.5415	1.149	0.3485	3.1005	-0.0767	9.1412	4.3776	0.3407	3.8309	3.5456
D02-OF-R3	1.1014	-5.5938	-9.3797	-4.5913	-3.6987	-6.4855	-3.6549	-0.9044	-0.04	-3.4356	-5.3369	-3.107	-7.5682	3.4857	1.6261	-2.8081	5.5937	7.137	4.6706	4.4805	7.1411	1.9191	-4.4217	1.7893	0.1543	3.4283	0.4816	8.508	3.798	-0.2639	2.9927	2.9821
D06-ZR-R2	1.2541	-6.265	-9.366	-2.8141	-0.8676	-5.16	-4.2227	-1.563	-4.1371	-4.3014	-4.339	-2.4784	-8.0125	0.1315	-3.3653	-3.1229	5.4557	7.1312	5.2617	4.9314	7.8486	2.1278	-3.3634	-3.5092	5.4744	5.8887	3.966	9.5039	7.2197	0.7127	-0.6755	0.6558
D06-ZF-R2	-0.376	-6.0593	-9.2655	-2.7871	-1.7348	-5.134	-3.3319	-2.1997	-3.8393	-4.4197	-4.0192	-2.2339	-7.4737	1.2629	-3.3163	-2.9702	5.4798	7.9784	5.5432	4.3815	8.7031	2.2936	-3.2281	-3.6117	4.6142	7.0553	4.9133	9.0302	6.5217	-0.4998	-1.3645	0.0871
D09-ZH-R2	-0.4542	-6.8409	-10.625	2.8478	0.9684	-6.6001	-5.5391	3.4583	1.4124	-4.8645	-6.5196	-3.7006	-7.9506	-1.1041	-5.0022	-2.7402	4.7925	5.4972	3.7305	2.6979	6.779	1.2733	2.4734	0.0532	2.3944	3.7748	1.8476	7.5922	4.288	0.5286	2.9183	2.6133
D01-ZR-R3	-2.8134	-6.0245	-8.6126	-3.9388	-1.73	-5.5345	-3.5488	-0.138	1.2906	1.2994	-0.5059	-2.8187	-7.0185	1.7343	-3.932	-1.8059	5.7653	7.9852	4.4764	2.6944	8.1498	2.0247	-4.2475	-5.0558	2.7934	3.2617	-2.11	7.339	5.8508	-1.9079	2.2512	4.8265
D10-OH-R1	-3.1267	-7.1908	-9.5308	-4.1642	1.0646	-6.3477	-5.5404	-7.1301	-4.314	-2.4594	-4.8897	-2.2747	-6.6539	1.6225	-0.5976	-2.3539	5.7345	7.5234	4.1013	3.413	6.3252	2.6609	5.111	3.5649	-3.3535	1.2585	6.1531	9.1501	4.1226	2.511	2.1124	3.4986
PCO-B1-R3	-6.6643	0.8112	-2.7011	3.9928	6.4006	-7.5063	-7.2966	-10.5788	-7.1375	-5.4284	3.2599	4.35	3.8827	-0.6645	3.1759	3.862	2.86	4.3641	1.3725	0.3491	3.372	0.1424	2.2595	0.3709	-6.0301	-1.2915	3.1127	6.5598	0.7895	-0.7887	-0.2376	1.0378
D04-OH-R1	-8.1006	-5.0007	-8.5867	-3.2417	-0.8337	-4.6688	-4.513	-1.7694	0.3551	-4.1615	-4.1524	-1.9935	-6.884	-1.9469	-2.3789	-2.34	6.0507	6.6962	4.8198	5.1608	7.2479	2.4538	1.6279	-1.3179	2.6276	4.4388	1.3446	4.8317	3.084	6.1559	2.2459	2.7492
D01-OR-R3	-3.613	-6.2173	-9.1305	-4.111	-1.6857	-5.6727	-3.3605	-0.0473	1.9577	1.5	-0.2314	-2.8415	-7.3991	2.26	-3.975	-2.266	5.8593	7.6127	4.5226	2.9766	7.6398	1.8862	-4.4095	-5.2141	2.8883	3.0799	-1.9432	7.6749	6.2443	-1.7211	2.5534	5.1834
D09-OF-R2	-1.1909	-6.4651	-10.1351	1.6292	-0.1838	-6.9471	-5.1498	4.3199	1.4123	-4.4389	-6.2344	-3.7586	-7.9842	-1.1276	-5.0054	-2.9757	4.7244	5.5397	3.6004	2.3696	5.8987	1.8866	1.8627	-0.693	2.3769	3.7517	1.6821	8.1644	5.1286	0.9396	3.6755	3.3273
D10-NF-R3	-3.2175	-7.4011	-9.3438	-4.0673	0.7715	-6.3515	-5.4368	-7.5824	-4.5899	-2.8881	-4.6121	-2.2165	-6.6495	2.0088	-0.3403	-1.943	6.0295	7.8438	4.6064	2.9533	6.676	2.9855	5.2256	3.0827	-3.5516	1.6112	6.7258	9.1204	3.5217	1.834	1.957	3.2383
D07-NF-R1	-1.2673	-6.7807	-9.9183	-3.8239	-2.1173	-5.5593	1.2178	0.5847	2.3983	-4.4616	-5.246	-2.6978	-7.3032	2.4718	0.01	-2.1971	4.8227	7.7913	4.5704	3.535	8.3357	4.8666	-3.3424	-1.8587	-3.714	5.1338	-2.2119	7.2796	5.3357	-1.9377	2.4951	3.5888
D09-ZF-R2	-1.5647	-6.7991	-10.7958	1.4106	0.4174	-6.8453	-5.5081	3.4844	1.638	-5.1561	-6.2033	-3.7168	-7.9405	-0.2619	-4.884	-2.7584	4.6551	6.1827	3.9408	2.7887	7.0648	1.969	2.8414	-0.0809	2.2878	4.9648	2.7984	7.2073	3.9626	0.0046	2.5382	2.358
D08-OH-R3	1.6199	-6.7299	-10.9184	-3.5983	-0.8604	-5.4769	-5.2498	2.875	2.2091	-0.9423	-5.4954	-2.7771	-8.2539	1.0336	-3.8829	-2.0014	5.3735	6.3171	3.4882	3.5629	7.9351	1.3107	-3.8828	2.4919	-3.7755	0.793	1.9927	9.0736	6.7291	-0.6471	3.8812	3.8055
D08-ZR-R1	2.5823	-6.7141	-10.3578	-3.9076	-1.6813	-5.6849	-5.5435	2.8112	1.7433	-0.7535	-5.7158	-3.0709	-8.4893	0.4544	-3.5959	-2.4873	5.3088	6.4932	3.9481	3.5901	7.2958	1.4396	-4.0415	3.3185	-3.5377	0.6411	2.8707	9.1468	6.6616	-0.5341	4.0431	3.7666
D08-ZF-R2	1.3019	-6.3829	-11.0674	-3.7921	-1.8966	-5.4267	-5.3473	1.8431	1.2428	-1.6495	-5.1908	-2.5788	-7.9748	1.8188	-3.3439	-2.14	5.4798	7.6759	4.622	2.7138	7.9613	2.0703	-3.7165	2.3738	-3.4366	2.4497	4.0641	8.2222	5.5293	-1.1921	2.9309	2.8359
D08-ZF-R3	1.3019	-6.3957	-10.1442	-3.9346	-1.7429	-5.2695	-5.3772	1.7696	1.2447	-1.6474	-5.2736	-2.7107	-7.8952	1.7575	-3.4635	-2.2328	5.4132	7.5734	4.4536	2.8394	7.9068	2.0358	-3.9754	2.2323	-3.6061	2.4033	4.0178	8.2473	5.7521	-1.2811	3.0823	2.9186
D02-NF-R3	1.8732	-6.0044	-9.7245	-4.1681	-3.5301	-6.3924	-4.0344	-0.6678	0.5209	-3.6108	-5.5214	-3.0044	-7.476	3.1493	1.6732	-2.672	5.5609	7.2474	4.6418	4.3493	7.2236	2.1155	-4.0029	1.7481	0.5131	3.7486	1.2151	8.0328	3.0691	-0.8455	2.5618	2.411
D08-ZR-R2	1.622	-6.3279	-10.6953	-4.1122	-1.6825	-5.3663	-5.7074	2.4363	1.5891	-1.4444	-5.5298	-2.7087	-7.9555	1.9199	-3.4438	-2.5733	5.1782	7.4162	4.4461	2.6836	7.6524	2.1282	-3.963	2.7826	-3.6833	2.4213	3.9991	8.3464	5.6462	-1.1507	3.1631	2.9134
D02-OH-R2	2.0507	-5.5698	-9.4475	-4.2077	-3.3842	-6.2352	-4.1149	-0.9274	-0.0243	-3.525	-5.1987	-2.8474	-7.5745	3.1572	1.3556	-2.7317	5.4308	7.1457	4.2118	4.8035	7.1391	1.5494	-3.9392	1.4297	0.1876	3.1234	0.5437	8.4348	3.7082	-0.3192	2.9286	2.8469
D09-ZR-R1	-0.6316	-5.9816	-10.8572	1.4851	0.5404	-6.1343	-5.4503	3.8961	1.9649	-4.6309	-6.5705	-3.8817	-8.2629	-1.7287	-5.061	-2.9918	4.8126	5.3147	3.5635	2.8711	6.4196	1.135	2.6592	0.5153	2.6505	3.6874	1.6181	7.8072	4.5856	0.6321	3.0553	2.9689
D07-ZH-R3	-2.5593	-6.4044	-9.6929	-3.6518	-2.4907	-5.2735	5.4749	1.9796	1.7263	-3.9659	-5.4	-2.6579	-7.5166	0.7607	-2.4293	-2.4506	5.4548	7.437	4.9154	4.2284	8.2412	3.3926	-3.2808	-1.7378	-3.4792	3.9725	-2.9578	7.585	5.8572	-1.6301	2.7373	3.8156
D05-ZF-R2	-0.4842	-5.3919	-8.1499	-3.0744	0.4007	-5.6321	-4.9593	3.039	0.8602	2.7667	-6.1454	-3.5262	-8.8711	1.7974	-4.0372	-3.4709	5.3337	6.2992	2.9171	2.5795	6.0052	0.9293	-3.9003	-4.4195	4.4892	5.1417	2.9921	7.5297	4.01	-0.9924	0.9796	4.9841
D06-ZH-R3	0.4856	-6.8052	-9.2094	-2.8094	-1.7013	-4.397	-3.9638	-1.8824	-4.0562	-4.1191	-4.5109	-2.4546	-7.7246	0.9382	-3.3525	-3.0808	5.4662	7.3251	5.2473	5.0283	8.44	2.3077	-3.3893	-3.5719	5.2092	6.4195	4.7698	9.2904	7.1141	-0.2838	-1.1493	0.4202
D09-ZF-R1	-1.4581	-6.928	-10.6619	1.2275	-0.4639	-6.686	-5.6443	3.2209	1.4641	-5.2374	-6.0782	-3.5062	-7.9043	0.3852	-4.7694	-2.8248	4.7714	6.3508	4.1835	2.2457	6.9614	2.3395	2.8906	-0.0176	2.508	5.1516	2.9206	7.1471	3.6425	0.0624	2.5473	2.1601
D03-NF-R3	-0.522	-7.4105	-10.5272	-4.0032	-1.383	-5.9467	-5.8754	-0.8791	-1.9674	-1.2603	-5.3886	-3.5245	-8.7526	2.8592	-3.5866	0.7951	4.8516	6.9146	3.542	2.6526	6.7717	2.2223	5.8429	0.2102	2.6679	3.3343	4.8689	5.6922	3.2376	7.0724	-3.6816	1.1733
D08-OH-R1	1.7791	-6.6544	-10.4386	-3.5408	-0.9953	-5.3742	-5.3191	2.8654	2.0098	-1.0032	-5.4642	-2.7009	-8.1306	0.7319	-3.9121	-1.9565	5.2621	6.2132	3.4482	3.3653	7.9494	1.3861	-3.758	2.2495	-3.7705	0.9004	1.8342	9.0896	6.6975	-0.5888	4.0957	3.7297
D01-ZR-R1	-2.2706	-6.3565	-8.5033	-3.7214	-1.6959	-5.344	-4.0593	-0.0502	1.6408	2.5293	-0.8599	-3.0146	-7.6607	1.1511	-4.1622	-2.1156	5.425	7.4274	4.1999	3.094	8.0777	1.5762	-4.109	-5.0174	3.1771	3.2046	-1.9676	7.341	6.3496	-1.7039	2.5425	4.8759
D05-OH-R1	-0.3178	-5.7648	-7.59	-2.6574	-2.276	-5.2119	-4.45	2.9383	0.7458	2.3692	-5.9032	-3.254	-8.0079	1.2391	-3.9458	-3.3497	5.5115	6.3515	3.6278	2.6015	6.2027	1.1672	-3.7363	-4.1852	3.4426	5.1369	3.5967	7.2678	3.9731	-1.3839	0.5772	5.285
D05-OF-R3	-0.6848	-5.7282	-7.7022	-2.7563	-2.6705	-5.3233	-4.4676	2.9352	0.6789	2.0667	-5.8295	-3.3947	-8.8055	2.05	-3.8513	-3.3289	5.4375	6.8353	3.2503	2.3536	6.3655	1.3409	-3.7096	-4.3492	4.0982	5.5158	3.7705	7.461	3.766	-1.2704	0.5845	5.3621
D06-ZR-R3	0.2524	-6.1055	-9.2642	-2.6215	-1.7361	-4.7928	-3.4698	-2.0979	-3.9964	-4.5482	-4.2151	-2.2639	-7.8021	0.326	-3.3433	-3.0018	5.3702	7.8637	5.0906	4.8967	8.3898	2.1554	-3.1414	-3.5766	4.9449	7.3882	5.4244	8.7789	6.855	-0.4627	-1.2929	-0.0039
D08-NF-R1	0.2903	-6.4042	-10.1838	-3.5228	-1.3848	-5.1698	-5.1561	2.6751	2.1461	-1.7563	-5.4383	-2.7096	-8.396	2.22	-3.4827	-2.1618	5.2309	7.0914	4.0894	2.559	8.0465	1.8645	-3.6772	1.3127	-4.1102	2.9446	4.0409	8.3737	5.5895	-1.3678	3.3202	3.1265
D08-ZH-R3	2.36	-6.6368	-11.6024	-3.9957	-1.8726	-5.4127	0.6345	2.4543	1.2948	-1.3565	-5.6556	-3.2624	-8.3845	0.7479	-3.828	-2.7937	4.8979	6.4363	3.7942	2.9028	7.1058	2.0459	-4.1242	2.3591	-3.4621	1.1751	3.2285	8.5865	6.2781	-0.6494	3.4714	3.2636
D09-OF-R3	-2.3994	-6.7867	-10.6282	1.5122	-0.3135	-7.003	-5.6525	3.1568	1.102	-5.0896	-5.9051	-3.5523	-7.6384	-0.0988	-4.6601	-2.6827	4.9076	6.4029	4.3536	2.0959	6.8872	2.9488	2.653	-0.0256	2.6286	4.7014	2.8904	7.2524	3.9846	0.0771	2.5359	2.3455
D02-OR-R2	2.3667	-5.1416	-9.4111	-4.382	-3.3137	-6.2723	-4.3487	-0.3588	0.5192	-3.2753	-5.2444	-2.9747	-7.2526	2.3459	0.3746	-2.7315	5.4274	6.3385	4.2088	5.2793	6.8842	1.0942	-4.1284	1.4652	0.2804	2.2899	-0.5871	8.9885	4.376	0.1931	3.5561	3.4342
D03-ZH-R1	0.43	-7.7905	-10.167	-3.9105	-1.4323	-5.7316	-5.8274	-0.1857	-1.6027	-0.6522	-6.4419	-3.9576	-8.7654	0.9744	-3.2282	-0.4395	4.4366	5.9262	3.3819	3.6228	6.0249	0.9842	3.512	1.0615	3.2415	3.513	4.4129	6.6788	4.8974	7.2455	-2.6693	2.4581
PCO-B1-R2	-5.3984	6.588	3.5796	10.8121	13.3612	-1.1961	-1.1817	-5.631	-2.6979	-6.0552	9.4942	10.469	9.9779	-0.493	8.8861	10.3152	-1.1002	-1.2986	-3.6869	-3.8169	-1.4778	-3.1135	-5.6819	-6.5975	-4.829	-3.4633	-4.6543	-1.5102	-3.9934	-3.5549	-6.6385	-5.4133
D09-NF-R3	-1.5779	-7.8327	-11.3395	2.514	0.6289	-6.6544	-5.5523	3.4116	1.8779	-5.384	-6.3055	-3.7816	-7.6334	-0.7566	-4.8564	-2.4925	4.444	6.2059	3.7502	2.7297	7.4704	2.2677	2.831	0.0071	2.886	5.3161	3.6516	6.9105	3.5652	-0.6669	2.0438	2.3221
D01-ZF-R1	-2.6477	-6.3803	-8.8574	-3.7542	-1.4808	-5.3961	-4.0379	-0.1559	1.7951	2.9618	-0.3822	-3.0786	-7.6974	1.4966	-4.2612	-2.1736	5.5043	7.0853	4.2011	3.3475	8.1017	1.4273	-4.2354	-5.0928	2.8765	2.6998	-2.3267	7.5938	6.5259	-1.5705	2.8042	5.1077
D04-NF-R3	-8.9585	-5.3873	-8.3939	-3.3753	-1.2555	-5.0797	-4.6333	-2.7361	0.2538	-4.8724	-4.5503	-2.1423	-6.9646	-1.4776	-1.0869	-1.952	5.4579	8.007	5.2562	4.3221	7.2078	4.2517	2.8032	-1.5696	2.5803	6.5278	3.6111	4.0633	1.7022	5.212	1.5317	1.6473
D04-ZH-R3	-8.5227	-5.5259	-8.6756	-3.606	-1.154	-5.0023	-1.5357	-1.7052	0.1001	-4.8575	-4.6176	-2.3669	-7.3089	-1.9593	-2.5539	-2.3166	5.2246	7.111	4.4338	4.7449	6.2146	3.3866	3.1228	-1.229	2.2107	5.418	3.0928	4.4471	2.959	6.3345	1.8164	2.3203
D09-OR-R3	-2.2526	-6.7969	-10.012	2.1014	0.0766	-7.1066	-5.5679	3.4366	1.4926	-5.1008	-6.0886	-3.5876	-7.1518	-0.1837	-4.8044	-2.9601	5.0095	6.2003	4.2081	2.3548	6.5899	2.6691	2.1444	-0.5006	1.8526	4.512	2.5303	7.3651	4.1594	0.2398	2.7266	2.4445
D02-OF-R2	1.6184	-5.7418	-9.7311	-4.3919	-3.4978	-6.4095	-4.2761	-1.0293	0.0256	-3.5385	-5.3161	-3.116	-7.5717	3.6978	1.779	-2.7854	5.5348	7.1412	4.5105	4.6878	7.2142	1.5748	-4.3524	1.6171	0.1901	3.7374	0.8235	8.4144	3.763	-0.3322	2.8737	2.8865
D07-ZH-R1	-2.1395	-6.3247	-9.466	-3.6325	-2.2927	-5.2455	5.7695	2.127	1.8415	-3.8095	-5.5968	-2.6552	-7.7375	0.1345	-2.7138	-2.4312	5.5748	6.9373	4.9969	4.3161	8.1108	2.686	-3.2116	-1.5367	-3.3269	2.6793	-3.2695	8.0727	6.0725	-1.2696	3.1119	4.2283
D05-ZR-R1	0.2221	-6.0137	-7.977	-2.6497	-1.819	-5.4219	-4.6195	3.2767	1.2686	3.0305	-6.0368	-3.4988	-8.9392	0.3864	-4.1626	-3.3267	5.1223	6.1038	2.6386	3.1736	6.1829	0.9763	-3.6807	-4.1193	4.625	5.28	3.3727	7.3345	4.4761	-1.2804	0.7212	5.354
D10-OH-R2	-2.5935	-7.4617	-9.2985	-4.1363	1.5643	-6.4244	-5.584	-7.4423	-4.2572	-2.343	-4.9561	-2.3483	-6.6974	1.2688	-0.9045	-2.4847	5.7771	7.3257	3.7838	3.5702	6.2038	2.2371	5.3392	3.6685	-3.3302	0.9977	5.8628	9.5218	4.2732	2.3676	2.5147	3.9859
D08-ZR-R3	1.3839	-6.8568	-11.0355	-3.751	-1.4479	-5.0576	-4.1809	2.5582	1.6177	-1.2436	-5.5922	-2.9632	-8.3726	1.1106	-3.6725	-2.6684	5.173	6.902	3.7692	3.2799	7.5189	1.6466	-4.1157	2.5322	-3.6565	1.8664	4.1797	8.6918	6.5293	-0.9538	3.4939	3.315
D03-OR-R2	-0.2622	-7.5734	-10.7842	-3.9894	-1.2849	-6.23	-5.8656	-0.4423	-2.0298	-0.9655	-5.5876	-3.5101	-8.5251	2.7925	-3.6477	0.5138	4.591	6.4862	3.3331	3.1282	5.9447	2.0272	4.4722	-0.0181	0.9943	3.5428	4.6108	6.449	4.355	7.8481	-2.4565	2.0835
D10-OF-R1	-3.521	-7.4244	-10.3374	-4.1737	1.267	-6.3663	-6.0619	-7.0957	-4.2282	-2.2413	-4.9662	-2.3034	-7.189	1.876	-0.8742	-2.6119	5.928	7.1894	3.7466	3.5124	5.9516	2.1367	5.7761	3.3199	-3.7487	1.1442	5.9259	10.0609	4.8134	3.0795	2.946	4.4695
D01-ZR-R2	-2.2542	-6.3757	-8.6849	-3.6437	-1.9064	-5.2003	-4.1957	-0.0918	1.582	2.1471	-0.4192	-3.0867	-7.6379	0.679	-4.1897	-2.1107	5.5884	7.2755	4.3053	3.2883	8.1942	1.6077	-4.0405	-4.8527	3.3429	2.9462	-1.979	7.4527	6.3925	-1.6726	2.5823	4.9577
D10-ZF-R2	-2.7851	-7.3058	-9.7121	-4.4252	1.5454	-6.3301	-5.7319	-7.2706	-4.4061	-2.4061	-4.8259	-2.1962	-6.6332	1.9498	-0.9414	-2.2061	5.8152	7.4733	4.0085	3.1563	6.3614	2.4649	5.3306	3.7294	-3.1566	1.1214	5.7864	9.3031	3.9198	2.2522	2.2448	3.8696
D03-OH-R3	0.4459	-7.61	-11.2017	-3.9807	-1.1423	-6.1438	-3.5724	0.0553	-2.0979	-1.3604	-5.6135	-3.772	-8.5563	2.077	-3.2869	-0.1002	5.1434	5.9681	3.149	3.0087	6.6956	1.4671	4.0344	0.1401	1.171	2.9198	3.6587	6.4823	4.4735	7.857	-2.4839	2.1749
D07-OR-R1	-3.3309	-6.143	-9.0727	-3.9168	-2.728	-5.7849	5.082	2.0031	1.6208	-4.1447	-5.3078	-2.6455	-7.3112	1.6112	-1.3472	-2.4865	5.5912	7.893	4.7648	3.8827	8.2289	4.2153	-3.6973	-2.2625	-3.6625	4.4189	-2.5722	7.4091	5.5984	-1.9334	2.4535	3.5741
D01-OR-R2	-3.3422	-6.2699	-8.6242	-3.9362	-1.4166	-5.4029	-4.0109	-0.0979	2.1524	2.9844	0.1623	-3.149	-7.575	2.086	-4.2015	-2.4511	5.3731	7.0947	4.2131	3.0212	7.5963	1.5072	-4.3356	-5.1965	2.7078	2.598	-2.0675	7.6242	6.5074	-1.5931	2.8075	5.2344
PCO-B4-R1	-6.5452	6.9013	3.4634	10.767	13.4794	-1.2683	-1.1435	-5.713	-2.5311	-5.4816	10.1667	10.974	10.5677	0.0724	10.1566	10.7495	-0.4986	-1.4355	-4.0917	-5.6241	-1.9448	-2.2947	-4.416	-6.1382	-4.1075	-3.7951	-4.3544	-4.128	-5.241	-2.9148	-7.331	-6.3
PCO-B2-R3	-5.7161	6.0209	3.096	11.1148	13.5718	-0.6933	-0.4896	-5.0821	-2.0777	-5.2956	9.2375	10.0032	9.4113	-0.2334	8.6965	10.4465	-1.2652	-1.7923	-4.2143	-5.1045	-1.9676	-2.7706	-4.4801	-5.6755	-4.3198	-3.4527	-4.5871	-2.9966	-4.7174	-3.0599	-5.3812	-6.2259
D05-NF-R1	0.2029	-6.1136	-7.5042	-2.5875	-2.1689	-5.2188	-4.4166	3.3296	1.7239	1.5766	-6.0187	-3.3634	-8.6694	1.8863	-3.759	-3.2026	5.0105	6.4574	3.4919	2.3571	6.5303	1.4073	-3.6429	-4.231	3.8782	5.0141	3.3918	7.1489	3.7275	-1.5287	1.0871	4.2038
D07-OR-R3	-3.3767	-6.2634	-9.8182	-3.9402	-2.6735	-5.7213	5.7833	2.3194	1.9226	-3.9314	-5.4713	-2.7815	-7.5628	0.9861	-1.9181	-2.4662	5.7608	7.6878	4.6725	3.9441	8.2095	4.0187	-3.777	-2.3112	-3.8651	4.0491	-2.4842	7.8947	5.959	-1.6565	2.8672	3.9437
D04-ZF-R3	-9.2255	-5.9072	-8.4033	-3.5899	-0.9432	-4.998	-4.924	-2.0405	0.039	-5.0229	-4.7025	-2.3707	-7.496	-1.5096	-1.552	-1.8433	5.2256	7.4537	4.5485	4.6529	6.8138	3.6061	3.8472	-0.9271	2.5651	5.9283	2.8108	4.5116	2.5336	6.6341	1.8595	2.4259
D04-OF-R1	-9.5847	-5.4513	-8.2908	-3.4016	-1.2161	-4.9917	-4.6511	-2.5138	0.1021	-5.0579	-4.5245	-2.168	-7.0684	-1.4697	-1.1798	-2.1543	5.3006	7.8874	5.0839	4.4462	6.9726	4.3218	2.392	-1.7055	2.298	6.5282	3.6599	4.3883	2.5975	5.4851	1.7507	2.2154
D04-ZH-R1	-8.6959	-5.609	-8.4133	-3.4165	-0.8634	-4.9779	-4.679	-1.6201	0.3603	-4.7873	-4.5273	-2.3396	-7.2873	-1.5846	-2.4559	-2.3048	5.3319	7.2274	4.5996	4.9399	6.3246	3.1876	3.446	-0.9515	2.5536	5.2091	2.7898	4.5585	2.8705	6.6893	1.9069	2.5184
D05-NF-R2	-0.6391	-6.4284	-7.4281	-2.0581	-2.1493	-4.774	-3.8946	1.2069	1.4416	1.577	-5.4974	-3.1963	-8.3715	2.585	-3.1699	-2.9595	4.5971	6.7131	3.6358	1.8895	6.856	1.5926	-3.1836	-3.6443	4.8172	5.4985	3.9735	6.5831	2.9416	-1.7808	0.1609	3.1055
D02-ZR-R2	2.8529	-5.6472	-9.4744	-4.2739	-3.4169	-6.1186	-4.2673	-0.1385	-0.0924	-3.4888	-5.6849	-3.0949	-7.261	1.5786	0.7538	-2.7054	5.2148	7.1964	3.9858	5.1768	6.9686	1.4232	-4.0221	1.4835	-0.0841	3.424	1.0598	8.7524	3.6766	-0.0431	3.2208	3.0455
D02-NF-R1	2.6019	-5.1538	-9.1646	-4.2353	-3.3881	-6.0848	-4.0564	-0.814	0.4119	-3.6755	-5.3503	-2.8709	-6.8403	1.7681	1.0225	-2.5862	5.2774	7.0082	4.3396	4.7254	7.0734	1.7471	-4.1332	0.8504	-0.0879	2.0716	0.3929	8.6112	3.9876	-0.1129	3.3948	3.2703
D02-ZF-R2	1.9021	-5.843	-9.1909	-4.2763	-3.6488	-6.0892	-4.1064	-0.8307	0.0794	-3.6098	-5.7006	-2.9755	-7.7873	2.6849	1.7132	-2.7836	5.3629	7.486	4.6096	4.9205	7.4292	1.8026	-3.9608	1.5553	-0.7874	3.9846	1.0164	8.2844	3.6517	-0.4888	2.8181	2.7783
D04-ZR-R3	-8.2363	-5.5781	-8.6814	-3.3811	-0.9843	-4.8899	-4.4891	-1.8192	0.192	-4.8447	-4.5042	-2.2875	-7.1682	-1.9719	-2.2831	-2.2658	5.3977	7.2519	4.5171	4.9872	6.554	3.4259	3.4798	-0.9372	2.4898	5.2787	2.8905	4.4547	2.7889	6.3256	1.934	2.3539
NCO-B4-R3	-2.8886	-5.6095	-6.5813	-3.0317	-3.0475	-3.348	4.704	1.0156	0.6206	-3.8944	-5.0445	-3.7348	-6.5252	0.8776	-2.9308	-2.7523	4.8773	6.7236	3.8195	3.1207	7.5891	3.2913	-1.6037	-3.794	-1.7904	2.6761	-0.6559	7.076	4.8822	0.9983	1.9566	3.0043
D09-OH-R3	-1.8211	-6.539	-9.7979	2.6276	0.7731	-6.8905	-5.5245	3.3145	1.3041	-5.1183	-5.9453	-3.6165	-7.6411	-0.4182	-4.7904	-2.632	4.9404	6.0513	4.3591	2.1312	7.2489	2.1464	1.3252	-0.4329	1.8989	4.187	2.1727	7.3369	4.0515	0.3198	2.7038	2.2752
D03-NF-R2	-0.9894	-7.6019	-9.9507	-4.0317	-1.3355	-6.0089	-5.6262	-0.8342	-2.0211	-1.0254	-5.4561	-3.5629	-8.5282	2.8107	-3.6351	0.4402	4.7751	6.8445	3.4493	2.7814	6.7776	2.1204	5.4803	0.3738	2.8772	3.4074	5.0051	5.6793	3.2328	7.1487	-3.6893	1.0928
D03-OF-R2	-0.4964	-7.4601	-10.3972	-3.9307	-1.1892	-6.2339	-5.8143	-0.0397	-2.1822	-1.6705	-5.5476	-3.6074	-8.4186	2.5253	-3.6804	0.5525	4.4384	6.3774	3.2197	2.3723	6.1838	1.8807	5.2464	-0.4217	1.2952	3.2213	4.2572	6.7166	4.6489	8.0469	-2.3717	2.479
D02-OR-R1	2.2518	-5.3576	-9.6041	-4.4671	-3.4601	-6.4676	-4.4439	-0.5001	0.2881	-3.2888	-5.3057	-2.9671	-7.1077	2.7684	0.8084	-2.7505	5.4274	6.5225	4.4468	5.0124	6.7921	1.4484	-4.2302	1.5211	0.3167	2.6121	-0.2661	8.908	4.1558	0.1298	3.4518	3.355
D06-OR-R1	-0.1649	-5.3336	-8.9461	-2.775	-1.5027	-5.5384	-4.1121	-1.4405	-4.5584	-4.0292	-4.1399	-2.3218	-7.6262	1.4776	-3.1328	-3.1731	5.6147	7.2739	5.9084	4.2981	8.5305	2.2638	-3.4895	-4.0719	3.5023	5.6084	3.6375	10.0917	7.2127	0.4974	-0.6704	1.1096
D05-ZH-R2	0.7304	-5.6437	-8.1085	-2.727	-0.6253	-5.5693	-4.8959	3.4047	1.1912	2.7533	-6.2552	-3.4177	-8.8031	0.225	-4.3638	-3.4029	5.376	5.8009	2.6626	3.1343	5.8457	0.9754	-3.7681	-4.3622	4.5906	4.7035	3.1173	7.529	4.4954	-1.1108	0.8997	5.6183
D06-OH-R1	-0.648	-6.0099	-9.3984	-2.6956	-1.746	-4.9951	-3.5609	-2.1499	-4.0563	-4.1535	-3.9853	-2.1168	-7.53	1.8638	-3.2532	-2.8258	5.6377	7.8697	5.6103	4.3245	8.8428	2.5025	-3.2518	-3.9328	4.032	6.4854	4.7271	9.2337	6.6686	-0.2599	-1.457	0.2281
D07-NF-R2	-1.5146	-6.7028	-9.8834	-3.8309	-2.5866	-5.4478	5.0954	2.078	2.178	-4.0395	-5.6079	-2.8179	-7.8529	1.4268	-0.9328	-2.4143	4.6367	7.356	4.829	3.5431	7.9839	3.9669	-3.4069	-2.1763	-3.9218	4.716	-2.8611	7.3727	5.6789	-1.8347	3.1702	3.8007
D03-ZR-R3	0.5459	-7.9003	-10.5015	-3.6453	-1.1408	-5.9768	-5.926	0.3874	-1.5858	-0.9094	-6.4228	-4.0058	-8.7168	0.6075	-3.3067	-1.0076	4.2921	5.7829	3.023	4.0204	6.3138	0.6453	2.4638	1.0683	2.9356	3.5257	4.5257	7.0666	5.373	8.003	-2.3822	2.8474
D04-OR-R2	-8.7771	-5.2299	-8.0963	-3.0414	-0.6385	-4.5534	-4.2838	-1.7447	0.718	-4.3482	-4.3091	-2.0381	-6.9551	-1.9512	-2.2993	-2.4303	5.8872	6.7201	4.4893	5.1466	7.1901	2.5133	1.9185	-1.6328	1.9489	4.7705	1.6547	4.8637	3.3032	6.0672	2.3111	2.8271
D07-OF-R2	-3.0605	-6.5445	-10.2243	-3.9585	-2.6953	-5.8698	5.987	2.6035	1.9549	-3.779	-5.4938	-2.8119	-7.6978	0.9652	-1.2808	-2.8279	5.3832	7.3725	4.628	3.1634	7.7363	4.2518	-3.5657	-1.8955	-3.773	3.6319	-2.471	8.1167	6.0767	-1.5444	3.3585	4.2642
D09-ZR-R2	-1.0109	-6.566	-10.339	2.1462	0.3837	-6.8229	-5.5422	3.3954	1.509	-5.0447	-6.4778	-3.786	-7.94	-0.6727	-4.8989	-2.6692	4.7428	5.8498	3.8094	2.7645	7.0821	1.6534	2.566	0.0417	2.3222	4.3956	2.2885	7.3741	4.0948	0.191	2.6722	2.4879
D03-OF-R1	-0.7667	-7.1516	-10.4636	-3.8799	-1.1579	-6.1044	-5.7742	-0.2069	-2.1932	-1.7324	-5.6459	-3.5907	-8.4438	2.772	-3.7739	0.465	4.5605	6.4616	3.2001	2.3026	6.2575	1.9857	5.1197	-0.2103	1.8285	3.612	4.5955	6.4245	4.4045	7.5985	-2.7025	2.2095
D08-OF-R2	0.2317	-6.6909	-12.0293	-3.7862	-1.2322	-5.3273	-5.2817	2.4699	1.8464	-1.2769	-5.2979	-2.7682	-8.2711	2.2381	-3.6434	-2.1427	5.4377	7.1324	4.4391	2.9369	8.1245	1.8321	-3.9213	1.6916	-4.1064	2.1658	3.83	8.8074	6.4129	-0.9476	3.6416	3.4851
PCO-B3-R2	-5.9776	7.3155	3.4665	10.9448	13.3729	-1.0747	-0.9806	-5.9551	-2.5496	-5.7967	10.1405	11.2634	10.8649	-0.1534	9.8651	10.626	-0.678	-1.8103	-4.1257	-6.0389	-2.0258	-2.3093	-4.7139	-6.4386	-4.2158	-3.9897	-4.2714	-3.7882	-5.0797	-3.0109	-7.0974	-5.7785
D08-OH-R2	1.2995	-6.6141	-11.6095	-3.6604	-1.3885	-5.3901	-5.3079	2.8074	1.8429	-1.2725	-5.3673	-2.6785	-8.2919	1.8971	-3.6184	-2.3647	5.411	7.0339	4.0548	3.1796	7.712	1.5794	-3.6852	2.2863	-3.6455	1.7177	3.2088	8.6982	6.2935	-0.9616	3.498	3.3362
D08-ZH-R2	1.8813	-6.4713	-10.3239	-3.7439	-1.2401	-5.1184	-5.046	2.8375	1.8235	-1.1155	-5.8487	-2.8798	-8.3238	0.883	-3.7155	-2.3805	5.2419	6.5028	3.9048	3.1872	7.3607	1.3557	-3.6371	2.8717	-3.4347	0.9078	2.5059	8.9512	6.3737	-0.6685	3.8137	3.5453
D10-OF-R2	-3.9632	-7.5476	-9.5096	-4.067	1.1524	-6.2681	-5.6677	-7.3115	-4.3803	-2.6931	-4.9019	-2.3368	-6.7062	2.1196	-0.3918	-2.2239	5.9095	7.4915	4.2275	3.3125	6.2855	2.5566	5.0575	3.3448	-3.6699	1.99	6.4259	9.3063	4.1874	2.2415	2.3456	3.6847
D07-ZR-R2	-2.4437	-6.534	-9.8767	-3.753	-2.231	-5.3989	5.5927	2.0842	1.957	-3.7728	-5.6215	-2.7478	-7.7062	0.2419	-2.7913	-2.4984	5.297	7.2504	4.9366	4.3906	8.1408	3.0817	-3.2028	-1.5421	-3.4003	3.5747	-2.9959	7.9869	6.0622	-1.2137	2.969	4.1645
D05-OH-R3	0.4174	-5.0834	-7.5067	-2.6514	-1.7617	-5.6615	-4.6653	3.5991	1.1662	2.7948	-6.0427	-3.3545	-8.0265	0.0447	-4.1754	-3.2395	6.0484	5.1515	3.6389	3.0236	6.0507	1.0389	-3.7753	-4.2096	2.3655	3.4559	2.2255	7.9826	4.5619	-0.7929	1.2748	6.1059
D03-OH-R2	0.3981	-7.2089	-9.9375	-3.6356	-1.055	-5.896	-5.828	0.3336	-2.0477	-1.5328	-6.0771	-3.6554	-8.4222	2.0046	-3.2998	-0.3806	5.069	5.9571	3.1184	3.1849	6.866	1.3239	3.8655	0.0056	1.3037	3.0757	3.7855	6.439	4.5818	8.0069	-2.5133	2.1705
PCO-B2-R2	-6.1753	5.5753	2.586	10.7157	13.1829	-1.3362	-0.9685	-5.5711	-2.7397	-5.3293	9.1721	10.0523	9.6163	-0.7966	8.9298	10.0879	-1.2852	-1.2855	-3.6766	-3.9287	-1.2098	-3.0363	-5.1975	-6.7114	-5.2677	-3.7746	-4.7739	-0.7714	-2.7204	-3.378	-5.612	-4.3725
D02-ZH-R3	2.6879	-5.673	-9.4082	-4.4792	-3.649	-6.3437	-4.298	-0.3181	0.1383	-3.5719	-5.6206	-3.1864	-7.3847	2.0817	0.7028	-2.7904	5.3247	7.2934	4.1532	5.2149	7.049	1.6437	-3.9594	1.6594	0.2515	3.916	1.2573	8.3238	3.8662	-0.383	2.6932	2.8085
D06-OH-R3	-0.8938	-5.2407	-9.1121	-2.8325	-1.8621	-5.2699	-3.4581	-2.4408	-4.0065	-4.2487	-3.9973	-2.1446	-7.2486	2.2516	-3.2386	-2.9408	5.559	8.0074	5.6575	4.1925	8.7748	2.5933	-3.2582	-3.9555	4.129	6.6652	4.7908	9.0734	6.3306	-0.3434	-1.5892	0.0561
D07-ZF-R2	-2.5309	-6.6717	-10.1335	-3.5692	-1.9581	-5.1957	5.5974	2.1101	2.2481	-3.8346	-5.7659	-2.7585	-7.7525	0.5401	-2.196	-2.459	5.0857	7.0535	4.9107	4.3223	8.1512	2.5042	-3.312	-1.6338	-3.5211	3.5884	-2.9995	8.0394	6.1886	-1.437	3.2453	4.144
D03-NF-R1	0.3851	-7.1677	-10.4838	-3.8311	-1.0148	-5.5004	-5.4822	-3.1299	-1.1115	-0.7447	-5.0664	-3.2965	-8.189	3.1429	-3.453	1.2718	4.9678	7.1191	3.5571	1.4606	7.0739	2.4201	6.4885	-0.0898	2.643	3.2683	5.0505	4.7712	2.8945	5.9052	-4.3469	0.488
D02-NF-R2	1.8287	-5.875	-9.9559	-4.2166	-3.4972	-6.0975	-3.9043	-0.789	0.2823	-3.6683	-5.536	-3.0002	-7.4	3.329	1.7682	-2.7	5.6086	7.3278	4.6799	4.218	7.234	2.165	-4.0229	1.7442	0.5388	3.8166	1.2269	7.987	2.9376	-0.8798	2.5018	2.3483
D05-OF-R2	-0.7387	-5.8473	-7.7736	-2.6983	-2.4816	-5.2244	-4.4781	3.0762	0.8839	2.1913	-5.8272	-3.4343	-8.6574	1.8326	-3.8058	-3.3922	5.3753	6.6523	3.0929	2.4197	6.3373	1.1113	-3.7216	-4.269	4.0366	5.5141	3.7338	7.4084	3.9942	-1.2802	0.6831	5.2868
D02-ZR-R1	2.3844	-5.666	-9.174	-4.4688	-3.6765	-6.1892	-4.1975	-0.3687	-0.053	-3.4608	-5.8196	-3.0314	-7.4903	1.8313	1.14	-2.8183	5.4427	7.4326	4.1489	4.999	7.1603	1.8686	-3.9709	1.9938	-0.2348	3.748	1.325	8.3351	3.5368	-0.4291	2.8942	2.8082
D03-ZF-R2	-0.6524	-7.4619	-11.1858	-4.1699	-0.9942	-6.0573	-5.8897	-0.9238	-2.7179	-1.1861	-5.6798	-3.604	-8.5412	3.0004	-3.6674	0.2416	4.63	6.7009	3.2881	3.1805	6.5634	1.9915	5.3864	0.603	3.162	3.7979	4.7773	5.8001	3.837	7.3319	-3.0782	1.5178
D01-ZH-R3	-2.133	-6.5287	-8.2716	-3.7138	-1.7106	-5.3104	-4.246	0.0249	1.7865	2.6367	0.4006	-3.0165	-7.8987	0.5657	-4.3698	-2.2563	5.4355	6.6548	4.1959	3.3756	8.0839	1.4296	-4.2161	-4.9251	3.2464	1.7096	-2.5379	7.8517	6.7161	-1.3624	2.968	5.4155
D02-ZH-R1	3.0779	-5.5335	-9.0366	-4.3991	-3.4228	-6.4098	-4.366	0.156	0.5779	-3.2459	-5.7094	-3.095	-7.1956	0.9614	-0.3335	-2.6557	5.4046	6.8518	4.0237	5.5424	6.6919	1.296	-3.9101	2.0882	0.5954	3.0224	0.4308	8.627	4.0238	-0.1455	3.0463	3.0408
D05-ZR-R3	0.9115	-5.5567	-8.0049	-2.9603	-1.7258	-5.9826	-5.0428	3.2451	0.7999	2.9031	-6.2375	-3.3719	-8.5945	0.7244	-4.277	-3.3892	5.474	6.2675	3.0111	2.9336	5.8683	1.2776	-3.9234	-4.4308	4.7358	4.7556	3.0036	7.6434	4.2337	-1.1007	1.0573	5.7527
D05-OR-R2	-0.4094	-5.5594	-7.5183	-2.6957	-2.178	-5.2732	-4.5068	2.9429	0.854	2.3622	-5.9013	-3.1899	-8.1021	1.2862	-4.0048	-3.291	5.4019	6.4396	3.5294	2.6273	6.5363	1.0994	-3.9009	-4.3221	3.4059	5.1852	3.585	7.2812	3.9699	-1.4477	0.5382	5.2559
D06-OH-R2	-0.4103	-6.1294	-9.2957	-2.7403	-1.7476	-5.2969	-3.7358	-2.0787	-3.986	-4.1396	-4.1599	-2.1671	-7.4417	2.2111	-3.2526	-2.8939	5.5865	7.8164	5.7302	4.2934	8.8977	2.5432	-3.3505	-3.8718	3.9903	6.3074	4.5706	9.3233	6.6654	-0.1784	-1.3569	0.2974
D06-ZF-R3	-1.0266	-5.6092	-9.4348	-3.0273	-2.1383	-5.6198	-2.9501	-3.1022	-4.267	-4.6697	-3.6419	-2.0635	-6.8685	3.1565	-2.8475	-2.6838	5.8828	8.7047	6.1772	3.8061	8.9847	3.3152	-3.4348	-4.0339	4.7064	7.2963	5.367	8.384	5.5111	-1.0406	-2.2598	-0.5727
D03-OR-R3	-0.3388	-7.4721	-10.7305	-4.0655	-1.3916	-6.0684	-5.7785	-0.5991	-2.0361	-0.9622	-5.6503	-3.6512	-8.4352	2.8432	-3.6477	0.6028	4.6522	6.5931	3.4212	3.1201	6.0321	2.0806	4.4606	0.0742	1.115	3.5641	4.681	6.3594	4.2689	7.6376	-2.6586	1.9796
D08-OR-R2	0.6277	-6.8988	-10.558	-3.5531	-1.1605	-5.3184	-5.1376	2.8189	2.0332	-1.35	-5.5237	-2.9425	-8.2575	1.9704	-3.8367	-2.5126	5.3423	6.7868	3.9085	3.3825	7.8157	1.3751	-4.0764	1.7595	-3.9254	2.141	3.8803	8.6874	6.5192	-0.9335	3.5093	3.4271
D09-NF-R1	-2.4267	-7.2017	-10.5887	1.8044	0.0113	-6.7888	-5.7308	3.1296	1.5214	-5.5423	-6.0489	-3.5014	-7.7662	0.4517	-4.5911	-2.4677	5.0389	6.6502	4.3941	2.2033	7.2996	2.9665	2.063	-0.0913	3.021	5.0656	3.5377	6.7848	3.0252	-0.4113	2.2019	1.9867
D09-OH-R1	-1.4359	-6.8189	-10.3056	1.7154	-0.0206	-6.6304	-5.2769	3.4946	1.6019	-4.8959	-6.235	-3.6072	-7.7557	-0.5308	-4.8909	-2.736	4.9347	6.0257	4.3813	2.5343	7.0194	2.5675	1.2362	-0.0761	2.1319	4.2081	2.3313	7.3613	4.3462	0.1958	2.7447	2.3856
D07-OR-R2	-2.5252	-6.2788	-9.0744	-4.0028	-2.3686	-5.6503	6.335	3.0254	2.2801	-3.2536	-5.809	-2.924	-8.1899	0.2892	-2.4621	-2.5293	5.6546	6.9588	4.278	3.9095	7.7004	3.3678	-4.1191	-2.8695	-4.0705	3.1324	-2.9496	8.3912	6.6553	-1.2454	3.7573	4.587
NCO-B2-R3	0.8796	-3.5618	-5.1167	-0.7702	1.8258	2.0382	-2.7633	-2.7733	-1.5374	-5.0283	-1.6174	-0.5048	-1.3515	0.276	-0.2142	-1.0325	3.2058	4.8369	2.3118	3.7901	4.899	-0.2182	-4.2676	-1.0798	-1.9138	0.9731	-0.5532	6.1882	2.694	-1.7651	0.9077	1.2432
D06-ZH-R1	1.0671	-6.6617	-9.2864	-2.665	-1.2886	-4.8356	-4.36	-1.3802	-3.9225	-3.8308	-4.7831	-2.3439	-7.8158	0.3077	-3.2418	-2.9154	5.5898	6.8181	5.2887	5.3761	8.3054	2.1041	-3.243	-3.2381	5.664	4.6837	3.0112	9.7062	7.5099	0.3153	-0.7041	0.769
D05-ZF-R3	-0.511	-5.6927	-7.8097	-2.7392	-1.0968	-5.6029	-4.7209	2.8906	1.0013	2.6256	-5.9879	-3.4704	-8.4732	1.6554	-4.0713	-3.316	5.3295	6.548	2.9608	2.8265	6.376	1.0173	-3.7737	-4.2301	4.3057	5.3307	3.2577	7.0901	3.9846	-1.413	0.5711	5.1378
D09-ZH-R1	-0.8451	-6.6854	-10.5709	1.8965	0.3962	-6.5506	-5.4378	3.6157	1.5555	-4.8505	-6.5008	-3.7727	-7.7421	-0.7678	-4.9403	-2.7019	4.8201	5.5218	3.8117	2.8099	6.9117	1.2594	2.3949	0.1288	2.4911	3.8878	1.9733	7.5422	4.3605	0.4354	2.9038	2.6493
D01-OR-R1	-3.1619	-6.2488	-8.7983	-3.7492	-1.5328	-5.2279	-4.259	-0.0118	2.4225	3.2748	0.1369	-3.2485	-8.1187	1.5241	-4.4257	-2.6578	5.3238	6.6579	4.1007	3.4243	7.6285	1.2621	-4.2495	-5.1467	2.3187	2.2156	-2.2029	7.969	7.1505	-1.2807	3.3302	5.5808
D06-OF-R2	-1.4085	-6.3521	-9.157	-2.8839	-1.3972	-5.4702	-3.7656	-1.2162	-4.4984	-4.2742	-4.0412	-2.4921	-7.7385	3.0005	-3.1753	-3.1161	5.5198	7.8446	5.8575	3.4135	8.3963	2.4186	-3.6771	-4.5018	3.6226	6.5774	4.9154	10.0659	7.3796	0.2481	-0.9612	0.8667
D10-OH-R3	-2.7504	-7.313	-9.759	-4.1144	1.7019	-6.5481	-5.6369	-7.0599	-4.3195	-2.1133	-4.8851	-2.297	-6.535	1.1721	-0.9873	-2.5242	5.6243	7.2845	3.7105	3.562	6.0418	2.1846	5.2985	3.9057	-3.281	0.7749	5.7198	9.6506	4.5241	2.5376	2.5643	3.867
D08-NF-R3	0.3183	-6.2735	-10.4315	-3.7068	-1.6491	-5.2535	-5.3885	2.4972	1.3571	-2.064	-5.127	-2.4758	-8.0932	2.9046	-3.3519	-2.147	5.3884	7.4962	4.4813	2.5171	8.0891	2.5093	-3.7878	1.9414	-3.7573	2.8511	4.5844	7.8927	5.07	-1.5531	2.5344	2.6275
D03-ZR-R2	0.0544	-7.5519	-10.0988	-3.8685	-1.3998	-5.7615	-5.7876	-0.115	-2.0721	-0.8577	-6.1149	-3.8749	-9.1057	0.8719	-3.4835	-0.517	4.5411	6.1711	3.1251	3.8882	6.2503	0.8794	3.7646	0.9936	3.0622	3.7845	4.8964	6.5367	4.7256	7.4125	-2.6677	2.3193
D04-OH-R3	-8.7435	-5.2427	-8.4413	-3.1943	-0.8287	-4.6886	-4.4406	-2.0389	0.4162	-4.5062	-4.3637	-2.1081	-6.9523	-1.8849	-2.1024	-2.3435	5.7129	6.9632	4.7203	5.1687	7.07	3.0829	1.84	-1.471	2.2388	5.5044	2.6575	4.6137	3.0458	5.7908	2.0271	2.4987
D04-NF-R2	-9.3341	-5.5552	-8.3848	-3.1494	-1.1646	-4.7425	-4.4697	-2.4384	0.5216	-4.8	-4.7484	-2.2843	-7.259	-1.7046	-1.2205	-2.1412	5.3823	7.7474	5.0649	4.5666	7.1665	4.0021	2.9502	-1.5138	2.486	6.2553	3.6445	4.1681	2.1962	5.2156	1.6701	1.873
D01-NF-R3	-2.8091	-6.5784	-9.1588	-3.7426	0.1857	-5.2546	-3.891	-0.4717	2.6227	4.1807	-0.7189	-3.1959	-7.8461	2.5746	-3.8476	-2.6367	4.6849	7.0227	3.706	2.7973	7.9702	1.3202	-4.0653	-5.1908	2.8861	3.5101	-1.6405	6.4661	5.9237	-2.0634	2.4394	4.8207
D07-ZR-R1	-2.2392	-6.4434	-9.28	-3.6265	-2.4081	-5.391	5.8625	2.1022	2.0472	-3.74	-5.6488	-2.6736	-7.8721	-0.1394	-2.7835	-2.431	5.549	6.8561	4.978	4.4036	8.171	2.5855	-3.1789	-1.3481	-3.3273	2.8096	-3.287	8.1194	6.0997	-1.3957	3.2876	4.3422
D09-OR-R1	-2.201	-6.2255	-10.3793	2.1987	0.2711	-6.9275	-5.219	3.899	1.841	-4.6435	-6.2375	-3.6956	-7.8971	-0.6736	-4.8034	-2.8171	5.0689	5.6971	3.8769	2.3655	6.6951	1.871	1.6963	-0.7107	1.5045	4.0797	1.946	7.8525	4.7152	0.7078	3.2208	2.9235
D07-ZR-R3	-2.64	-6.4791	-9.8609	-3.8965	-2.6188	-5.6016	5.4648	1.9071	1.7617	-4.0845	-5.4338	-2.6372	-7.4926	1.226	-2.1357	-2.4118	5.4397	7.6268	4.9842	4.0617	8.2634	3.6507	-3.392	-1.6819	-3.4863	4.0926	-2.9254	7.6909	5.7365	-1.7181	2.7069	3.8831
D08-OR-R1	1.5556	-6.6535	-10.0998	-3.9369	-1.553	-5.5707	-5.433	3.0022	1.9979	-1.2548	-5.4281	-2.8494	-8.1829	1.8747	-3.7449	-2.6822	5.4322	6.88	4.4687	3.2212	7.5411	1.5665	-4.2187	1.9929	-4.0185	1.5949	3.1552	8.8224	6.3721	-0.9136	3.5998	3.4626
D02-ZR-R3	3.0198	-5.5574	-9.2489	-4.5293	-3.5499	-6.1812	-4.3452	-0.1508	0.2032	-3.4766	-5.6309	-3.1424	-7.2688	1.2776	0.5515	-2.7707	5.245	7.1755	3.8966	5.2993	6.9972	1.4812	-4.1231	1.3765	-0.3459	3.5255	1.2695	8.7887	3.8231	0.0085	3.226	3.1564
D01-OF-R3	-3.6975	-6.0369	-8.6744	-3.9511	-1.8483	-5.5312	-3.7951	-0.3648	1.8884	1.5319	-0.2705	-2.9098	-7.2103	2.2933	-3.9008	-2.2944	5.5079	7.5659	4.5694	2.8135	8.0863	1.7327	-4.3033	-5.2084	2.5624	3.0301	-1.686	7.5367	6.3172	-1.6979	2.7651	5.1801
D01-NF-R1	-2.5727	-6.5987	-8.9915	-3.583	-0.0095	-5.1886	-3.8813	-0.8691	2.9268	4.3305	-1.5648	-3.0981	-7.7743	2.9748	-3.6439	-2.4637	4.817	7.2074	3.6318	2.7614	8.0706	1.5156	-4.0089	-5.1253	2.7312	3.6051	-1.6369	6.2069	5.7736	-2.1743	1.8756	4.7563
D01-NF-R2	-2.2981	-6.8344	-10.0359	-3.3643	-0.0432	-5.0293	-4.1843	-0.6078	3.2688	4.3099	-1.4234	-3.245	-7.7691	1.9921	-3.9106	-2.6023	4.9116	6.7259	3.5755	3.4421	8.2322	1.0131	-3.7948	-4.9623	2.069	3.4993	-1.7318	6.5813	6.5838	-1.8137	2.2984	5.1474
D07-NF-R3	-1.9409	-6.5971	-9.3111	-3.7225	-2.5523	-5.2983	4.5629	2.1097	2.1556	-4.1704	-5.4669	-2.7175	-7.6151	1.4698	-0.8887	-2.2829	4.5851	7.512	4.8398	3.5685	8.099	4.1045	-3.2802	-2.0312	-3.7965	4.9087	-2.5056	6.9103	5.4669	-2.005	2.5573	3.3321
D10-ZF-R1	-2.6724	-7.4164	-10.0163	-4.3116	2.2889	-6.374	-5.9938	-7.1167	-4.6366	-2.3167	-5.0063	-2.3752	-6.5064	2.0823	-0.8442	-2.4059	5.6337	7.3519	3.8245	3.1489	6.2323	2.4563	5.0832	3.6902	-2.7323	0.759	5.5525	9.5176	3.8802	2.5928	2.8225	3.8079
D08-OR-R3	1.4488	-6.7525	-10.9637	-3.7942	-0.5976	-5.545	-5.4296	3.0899	2.1456	-1.117	-5.5774	-2.9393	-8.2198	1.6365	-3.905	-2.4235	5.2827	6.5187	3.9604	3.3577	7.707	1.396	-4.3214	2.1472	-3.873	1.7601	3.1624	8.8273	6.6656	-0.8808	3.6906	3.5434
D09-OR-R2	-2.2402	-6.9213	-10.2817	2.5071	0.5579	-6.9034	-5.4394	3.5265	1.6122	-4.9574	-6.0576	-3.6199	-7.9747	-0.0596	-4.9119	-2.9515	4.9114	6.1849	4.1381	2.4223	6.6028	2.5047	1.8081	-0.6083	1.7706	4.7849	2.8236	7.3044	4.3055	0.1312	2.6722	2.3582
D10-ZH-R2	-1.2366	-7.4248	-8.6669	-4.0392	1.9688	-4.8098	-5.5215	-7.1881	-4.038	-2.2397	-5.1526	-2.4743	-6.5691	0.3906	-2.2668	-2.9684	5.9308	6.7614	2.4504	4.045	5.7725	1.5986	5.5782	3.7949	-2.5865	-0.3772	5.189	9.5576	4.6331	2.5917	2.7492	4.5479
D09-ZH-R3	-0.2446	-6.4729	-10.1218	2.8044	1.0524	-6.6297	-5.4819	3.72	1.6662	-4.6548	-6.5069	-3.6733	-7.7648	-1.4883	-4.9053	-2.6032	4.9523	5.0431	3.7581	2.7955	6.8173	0.7071	2.0074	0.4006	2.5548	2.5684	0.309	7.9252	4.3844	0.8109	3.2689	3.0016
D10-OR-R2	-3.3931	-7.4327	-9.4813	-4.1234	0.9259	-6.545	-5.8105	-7.2318	-4.394	-2.2727	-5.0773	-2.4001	-6.5672	1.7516	-0.5691	-2.2392	5.9029	7.1803	4.2371	3.7753	6.2163	2.599	4.7702	3.5925	-3.5898	1.4272	5.7899	9.6846	4.1097	2.181	2.832	4.1517
D07-ZH-R2	-1.96	-6.4275	-9.0435	-3.5875	-2.3486	-5.0668	5.8952	2.2167	1.9889	-3.6459	-5.5015	-2.6382	-7.9388	-0.2813	-2.6088	-2.4523	5.5461	6.6471	4.9902	4.4724	7.9737	2.3022	-3.131	-1.3976	-3.2041	1.9807	-3.3499	8.1368	6.2258	-1.362	3.2681	4.3017
D10-OR-R3	-3.7897	-7.4856	-9.5809	-4.2491	1.1336	-6.5798	-5.7651	-7.711	-4.6283	-2.5055	-4.8212	-2.3547	-6.5556	2.2298	-0.0818	-2.2781	5.7842	7.2996	4.3338	3.2755	6.2937	3.1149	5.1413	3.3262	-3.1572	1.6347	5.9713	9.4458	3.7161	2.1464	2.7149	3.9816
D06-OR-R2	-0.3845	-5.9019	-9.3231	-2.7159	-1.5406	-5.5646	-3.9373	-1.4656	-4.4172	-4.1628	-4.1458	-2.3166	-7.2834	1.705	-3.2731	-3.2049	5.6913	7.4606	5.9111	4.4827	8.4294	2.5032	-3.5227	-4.0843	3.4824	5.9772	4.1676	9.8714	7.2369	0.2697	-0.822	0.8779
D08-NF-R2	0.8589	-6.6041	-10.3607	-3.7164	-1.3103	-5.3898	-5.4087	2.5895	1.7823	-1.8929	-4.5951	-2.4215	-7.3202	2.0188	-3.5022	-2.1924	5.2532	7.1832	4.3658	2.362	7.8761	1.9854	-4.0042	1.2991	-3.8806	2.2212	3.9408	8.4076	5.336	-1.1452	3.1865	3.0779
D02-OH-R1	1.8889	-5.6063	-9.5807	-4.3431	-3.5214	-6.1822	-4.1205	-0.9936	-0.0749	-3.5873	-5.4449	-2.8893	-7.5167	3.289	1.59	-2.7767	5.4655	7.3039	4.3071	4.7252	7.2002	1.7753	-4	1.4792	0.084	3.4354	0.8715	8.3314	3.6359	-0.4249	2.8733	2.8067
D01-OH-R3	-2.6898	-6.2077	-8.9676	-3.7637	-1.7086	-5.4907	-4.1009	-0.3565	2.0902	2.334	0.2471	-3.0142	-7.6659	2.035	-4.0143	-2.2827	5.5395	7.1335	4.2093	3.1598	8.3055	1.5992	-4.2756	-5.0737	1.9954	2.468	-2.1897	7.6478	6.5346	-1.5291	2.7633	5.2683
D04-ZF-R2	-9.1693	-5.7274	-8.4361	-3.4001	-0.8879	-4.9604	-4.7244	-1.8667	0.2119	-4.955	-4.7761	-2.5159	-7.3527	-1.5991	-1.6322	-2.0188	5.1832	7.3036	4.4545	4.7698	6.8357	3.482	3.8529	-0.9687	2.5757	5.8005	2.9117	4.4079	2.6456	6.4694	1.7616	2.3248
D07-OH-R1	-3.1081	-6.2162	-9.1707	-3.7639	-2.5435	-5.5764	5.3166	1.9369	1.712	-4.16	-5.4642	-2.6381	-7.616	0.6712	-1.8917	-2.189	5.5838	7.7157	4.8151	4.1443	8.5273	4.1272	-3.4992	-2.0725	-3.5973	3.7444	-2.5293	7.545	5.6713	-1.7388	2.6153	3.6488
D02-ZF-R1	2.3253	-5.7355	-9.5071	-4.3173	-3.5963	-6.2785	-4.2446	-0.775	0.3588	-3.5154	-5.5602	-3.036	-7.6156	2.5376	1.2873	-2.7897	5.3301	7.2519	4.4447	5.1751	7.3553	1.4508	-4.0514	1.3935	-0.6641	3.5604	0.5156	8.6165	3.9137	-0.1334	3.1647	3.1386
D05-OF-R1	-0.3981	-5.8149	-7.8702	-2.8603	-2.4679	-5.4944	-4.6826	3.3049	0.9751	2.3948	-5.9118	-3.5097	-8.6488	1.7648	-3.9695	-3.4791	5.5011	6.4994	2.9886	2.4805	6.174	1.0934	-3.8744	-4.4047	4.0141	5.3495	3.4849	7.7252	4.2973	-1.126	0.9876	5.477
D08-OF-R1	0.0203	-6.5487	-10.4496	-3.7695	-1.349	-5.2751	-5.271	2.2464	1.831	-1.5396	-5.4409	-2.7839	-8.0634	2.56	-3.5686	-2.3078	5.4042	7.1216	4.3912	2.911	7.9797	1.957	-4.0261	1.7235	-4.1628	2.3977	4.0407	8.4631	6.193	-1.2271	3.4313	3.1115
D05-NF-R3	-0.5984	-6.4031	-7.6264	-2.2471	-2.1542	-4.8617	-4.037	2.9705	1.702	1.8469	-5.845	-3.3625	-8.6276	1.8015	-3.5708	-3.0711	4.7657	6.4524	3.5111	2.3581	6.7288	1.4119	-3.4348	-3.6971	4.2882	5.3643	3.7573	6.7324	3.2236	-1.6573	0.5435	3.7357
D08-ZH-R1	2.4251	-6.5308	-10.4989	-3.8831	-1.8632	-4.4336	-5.4707	2.7377	1.2928	-1.3477	-5.6397	-2.9552	-8.3891	1.0112	-3.7458	-2.6266	5.0469	6.8322	4.1128	2.8839	7.3398	2.1948	-3.872	2.5478	-3.1372	1.6561	4.0331	8.523	6.1172	-0.8579	3.3541	3.1431
D10-ZF-R3	-3.2778	-7.4488	-10.3077	-4.4482	1.4687	-6.4751	-5.7372	-7.2814	-4.5805	-2.8426	-4.7442	-2.2483	-6.5079	2.8427	-0.0434	-2.0688	5.8619	7.7148	4.2995	3.138	6.6438	2.7528	5.716	3.1779	-3.0225	1.5432	6.2821	8.863	3.5576	1.8154	1.8972	3.4595
D10-OR-R1	-3.2921	-7.3972	-9.4967	-4.1303	0.9093	-6.688	-6.0052	-7.3894	-4.3202	-2.3615	-4.9193	-2.3788	-6.5767	1.7946	-0.434	-2.1707	5.8951	7.2217	4.3096	3.6582	6.254	2.8832	4.7814	3.5476	-3.4066	1.5778	5.9276	9.4953	3.9012	2.2428	2.5869	3.9804
PCO-B4-R3	-6.6553	7.7028	9.5294	9.6944	13.034	-2.673	-2.2082	-6.7147	-3.5174	-6.7543	10.5471	11.3631	10.799	-0.0954	10.6543	10.4774	-1.2074	-1.6274	-3.955	-5.2541	-1.3446	-2.7992	-5.4998	-8.4071	-5.1461	-4.126	-4.2652	-2.1397	-4.2888	-2.8668	-6.8479	-5.4079
D10-NF-R2	-2.5467	-7.5365	-8.914	-3.9573	1.4199	-6.1435	-5.3703	-7.1606	-4.323	-3.1383	-5.0506	-2.3661	-6.9045	0.9762	-0.3372	-2.2668	6.2826	7.4638	3.9433	3.3669	6.1685	2.248	5.3698	2.5223	-3.6196	1.3556	6.4325	9.1389	4.4105	1.843	2.8667	3.8265
D02-ZH-R2	3.059	-5.5267	-9.6109	-4.3221	-3.5603	-6.0906	-4.3594	-0.149	0.1562	-3.0765	-5.7084	-3.1878	-7.1662	1.7653	0.5633	-2.7396	5.247	7.0647	4.0236	5.1371	6.8961	1.5269	-3.9844	1.902	0.528	3.559	0.9708	8.3028	3.7945	-0.4357	2.6993	2.7222
PCO-B4-R2	-7.2026	7.5547	4.0053	10.7304	13.1383	-1.3376	-1.0838	-6.7958	-2.6595	-5.2385	9.9648	11.097	10.6411	-0.1509	9.9221	10.6006	-0.9233	-1.4763	-3.7704	-5.0634	-1.7953	-2.2873	-4.795	-6.3759	-4.74	-3.0976	-4.5846	-3.1245	-5.3452	-3.0696	-6.5996	-6.1376
D06-NF-R2	-0.2742	-5.8723	-8.8819	-2.6521	-1.5569	-5.096	-3.2489	-2.3072	-3.9147	-4.326	-3.9057	-2.0965	-7.1861	1.4577	-3.1318	-2.8307	5.6535	8.1672	5.4304	4.0594	9.0856	2.5009	-3.1502	-3.8255	3.8041	6.9099	5.0861	9.0545	5.6086	-0.5074	-2.2821	0.2281
D10-ZR-R2	-1.7845	-7.6638	-9.4008	-4.5017	1.5012	-6.3941	-5.9963	-7.326	-4.3734	-1.8697	-4.8244	-2.2939	-6.3209	1.2047	-1.641	-2.552	5.8329	7.2065	3.275	3.1705	5.7851	2.2994	5.9644	4.1134	-2.2103	-0.1107	4.5728	9.9239	4.1229	2.9248	3.0579	4.308
D01-OF-R2	-3.1226	-6.1934	-8.9938	-3.8819	-1.2826	-5.4366	-4.0302	-0.2167	2.2458	3.047	0.2782	-3.0866	-7.8387	2.3606	-4.2391	-2.6287	5.0223	7.1421	4.0519	2.9413	7.8296	1.4477	-4.2949	-5.3092	2.2031	2.8958	-2.0049	7.5892	6.6354	-1.4839	2.925	5.4289
D04-OF-R2	-8.5288	-5.4411	-8.1138	-3.4323	-1.1744	-4.9256	-4.6735	-1.4901	0.3559	-4.3281	-4.5764	-2.2804	-7.5197	-1.83	-1.9826	-2.5023	5.6079	6.8507	4.2456	4.7917	6.3988	3.2234	1.8673	-2.0053	1.8653	5.5192	2.6024	5.1945	3.776	6.4553	2.7988	3.2518
D10-ZR-R1	-1.7757	-7.5956	-9.6661	-4.3375	1.5333	-5.9223	-5.3513	-7.2885	-4.4179	-2.1602	-4.9391	-2.3415	-6.6403	1.0388	-1.7422	-2.556	5.6746	7.3073	3.3903	3.2803	5.9707	2.7744	5.3652	3.9422	-2.6747	0.8293	6.051	9.4376	4.1371	2.3392	2.4539	3.8837
PCO-B1-R1	-6.3862	6.3818	3.5644	11.3385	13.7471	-0.6795	-0.4642	-5.1654	-2.1426	-5.3919	9.7407	10.6988	10.1388	-0.2465	9.21	10.576	-1.1368	-1.6697	-4.1195	-5.8925	-1.8928	-2.7315	-4.7459	-5.9817	-4.2588	-3.5131	-4.0727	-3.9107	-4.5161	-2.7689	-7.7619	-5.9475
D04-ZH-R2	-8.0076	-5.3709	-8.6596	-3.6149	-1.1782	-4.9534	-4.7943	-1.8058	-0.1021	-4.7929	-4.3369	-2.2025	-7.0312	-1.6886	-2.4232	-2.1369	5.415	7.3664	4.7555	4.7101	6.1925	3.4719	2.9715	-0.9699	2.4437	5.227	2.7374	4.6402	2.7301	6.6605	2.1483	2.5989
D02-ZF-R3	1.952	-5.902	-9.216	-4.4092	-3.7033	-6.0364	-4.0496	-0.9771	-0.0499	-3.7038	-5.5285	-2.9404	-7.9331	2.9498	1.9055	-2.8045	5.3672	7.6926	4.6861	4.7432	7.5378	2.0273	-3.8887	1.5594	-0.6676	4.3095	1.3976	8.0221	3.3803	-0.702	2.515	2.4666
D06-NF-R3	-0.5758	-5.8801	-9.2561	-2.6675	-1.6782	-5.1336	-3.0454	-2.2697	-3.8517	-4.2926	-4.0793	-2.0598	-7.3358	1.4732	-3.0646	-2.8371	5.6498	8.2267	5.5351	4.0915	9.0834	2.653	-3.1399	-3.8671	4.0889	7.0193	5.1537	8.9805	5.6594	-0.4801	-2.2093	0.1095
D01-OH-R2	-2.5545	-6.0481	-8.757	-3.8106	-1.3931	-5.547	-4.2296	-0.0346	2.1865	2.2778	0.2402	-2.9832	-7.608	1.3863	-3.8277	-2.3047	5.6249	6.8807	4.0721	3.3003	8.2396	1.5522	-4.4449	-5.2069	2.0297	1.8619	-2.5948	7.965	6.6762	-1.3395	2.9548	5.4357
D07-OF-R1	-3.3774	-6.4294	-9.6184	-3.9288	-2.7581	-5.7503	5.5134	2.2933	1.7972	-4.0883	-5.3857	-2.7242	-7.7182	1.0803	-1.845	-2.5601	5.4897	7.8008	4.9821	3.475	8.2047	4.2686	-3.4913	-1.9089	-3.7686	4.2661	-2.532	7.6844	5.8694	-1.6031	2.8786	3.8841
D04-ZF-R1	-9.1791	-5.6054	-8.4641	-3.4922	-0.8462	-5.1321	-4.7713	-1.9777	0.0999	-5.1053	-4.3768	-2.2757	-6.9668	-1.4732	-1.6334	-1.8714	5.1521	7.3119	4.4965	4.672	6.7212	3.5673	3.7258	-1.0172	2.4341	5.7804	2.7409	4.4011	2.5098	6.4526	1.7876	2.335
D07-ZF-R3	-2.7907	-6.4522	-9.8793	-3.995	-2.3096	-5.7211	5.3824	1.7063	1.6024	-4.2191	-5.342	-2.7455	-7.3464	1.6987	-1.6713	-2.4331	5.4163	7.7811	5.017	3.8789	8.276	3.6434	-3.4895	-1.8535	-3.5644	4.0305	-3.0404	7.6842	5.5426	-1.3931	2.7269	3.8594
D07-OH-R3	-4.1287	-6.7221	-9.1979	-3.3817	-2.245	-4.9524	5.9654	2.4238	2.2118	-3.8076	-5.5901	-2.6938	-7.5862	-1.0336	-2.0698	-2.0306	5.3939	7.5109	4.0055	4.3824	8.7368	3.1262	-3.6028	-2.2304	-3.6623	3.7253	-2.1951	7.9545	6.2502	-1.1633	2.6528	3.9539
D10-ZH-R1	-1.8922	-7.4505	-8.6347	-3.8009	2.2472	-5.8475	-5.1571	-6.771	-3.7702	-1.9655	-4.8795	-2.259	-6.5379	0.2826	-2.389	-2.8719	6.3066	6.9121	2.3802	4.3664	5.8772	1.2411	5.8666	4.0312	-2.4869	-1.3621	3.5986	9.8083	4.7315	2.6343	3.2152	4.577
D07-OF-R3	-3.9031	-6.4356	-9.6572	-4.2259	-2.7954	-6.0138	5.4129	1.8811	1.5186	-3.4036	-4.6459	-2.7407	-7.2801	1.5343	-1.4062	-2.6258	5.403	7.7454	4.8855	3.2253	8.1534	4.173	-3.6677	-2.0126	-2.3872	4.0851	-2.6975	7.6163	5.5934	-1.7305	2.6436	3.7579
D05-OH-R2	-0.0638	-5.5299	-7.6392	-2.5594	-1.9955	-5.4101	-4.5091	3.1532	0.9952	2.5853	-5.8488	-3.3053	-8.2923	0.6255	-4.1107	-3.2249	5.6934	5.8755	3.6515	2.84	6.2835	1.0708	-3.743	-4.1582	3.0058	4.5553	3.1528	7.5516	4.2032	-1.196	0.773	5.5705
D05-ZH-R3	1.0566	-5.4981	-7.7789	-2.7071	-1.623	-5.5958	-4.7575	3.1889	1.0044	2.7491	-6.0988	-3.3289	-8.7511	0.3025	-4.1951	-3.2996	5.5742	5.804	2.7839	3.0454	5.8874	1.1131	-3.6728	-4.2133	4.7278	4.5419	2.8799	7.4897	4.2852	-1.2082	0.8003	5.4938
D06-ZR-R1	0.0052	-6.1949	-9.214	-2.5635	-1.8105	-4.8804	-3.3845	-2.3964	-3.9383	-4.3102	-4.1111	-2.189	-7.3213	0.8819	-3.2994	-2.91	5.4579	7.8694	5.3091	4.6906	8.4259	2.2664	-3.0548	-3.5659	4.9308	7.3455	5.3875	8.6033	6.5279	-0.7183	-1.6191	-0.2197
D09-ZF-R3	-1.0725	-6.8192	-10.4896	2.4281	0.5889	-6.9629	-5.6757	3.4859	1.6566	-5.0776	-6.3802	-3.7428	-7.7353	-0.6506	-4.9223	-2.7722	4.6637	5.8058	3.8163	2.8577	6.9508	1.6017	2.7382	0.1176	2.2572	4.3342	2.0671	7.3672	4.0681	0.2908	2.7275	2.4777
D06-OR-R3	-1.3068	-5.9838	-9.7489	-2.909	-1.8258	-5.6673	-1.724	-2.1467	-3.978	-4.255	-3.8379	-2.3633	-6.9651	2.4607	-3.176	-3.0007	5.7015	8.0542	5.9072	3.9006	8.4682	2.8627	-3.498	-4.325	3.7752	6.5721	4.8014	9.1428	6.3943	-0.2192	-1.4108	0.3003
D06-NF-R1	-1.8474	-5.5643	-9.2068	-2.6349	-1.6381	-5.1751	-2.8119	-2.6083	-3.9451	-4.5619	-3.9065	-1.8735	-7.5115	2.0076	-2.9112	-2.6613	5.7121	8.4939	5.601	3.8407	9.1476	2.8736	-3.0003	-3.9174	4.5484	7.2725	5.379	8.7639	5.251	-0.6939	-2.328	-0.0939
D02-OH-R3	2.3269	-6.2295	-9.2783	-4.1041	-3.204	-5.909	-4.2697	-0.9606	0.2129	-3.3801	-5.3829	-2.9878	-7.0323	2.7718	0.8506	-2.7998	5.5499	6.7998	3.8927	5.0808	7.0086	0.9586	-3.8732	1.6054	0.5627	2.6044	-0.128	8.7831	4.0294	0.082	3.235	3.1845
D01-ZH-R1	-2.4555	-6.4091	-8.7687	-3.7766	-1.55	-5.2067	-4.1441	0.0826	1.9561	2.6518	-0.3118	-3.0542	-7.6539	0.8275	-4.2848	-2.206	5.4667	7.0751	4.1449	3.2232	8.0657	1.5528	-4.2558	-5.0403	3.0089	2.8937	-2.2355	7.5922	6.6062	-1.5355	2.6224	5.1187
PCO-B3-R3	-6.21	7.029	8.4846	8.5481	11.4095	-3.3155	-3.2668	-5.237	-4.2885	-7.4103	9.499	10.4742	9.9345	-0.8093	9.3621	9.4754	-1.2974	-0.0311	-3.0416	-4.6734	0.2225	-3.223	-7.4512	-5.4429	-5.0444	-4.2424	-3.4849	0.4466	-2.1395	-4.8961	-4.5805	-4.7997
D01-OH-R1	-2.3599	-6.2099	-9.0321	-3.9298	-1.0321	-5.5765	-4.4269	0.4046	2.3018	1.3962	-0.0415	-3.1397	-7.634	1.2037	-4.4565	-2.3245	5.861	6.9582	4.4074	3.5294	8.3425	1.6935	-4.5611	-5.3432	1.9443	1.7456	-2.7322	8.3329	6.8103	-1.0665	3.1706	5.7643
D07-ZF-R1	-2.4716	-6.5913	-9.5031	-3.7019	-2.5173	-5.3972	5.4003	2.0934	2.1561	-3.9465	-5.5257	-2.7005	-7.6579	0.6316	-2.275	-2.4277	5.3044	7.2365	4.9313	4.3127	8.1667	3.2843	-3.3222	-1.6871	-3.52	3.7337	-2.9073	7.6933	5.9107	-1.6104	2.9209	3.9869
D05-ZR-R2	0.0094	-5.5863	-7.9197	-2.6621	-2.0664	-5.4301	-4.6069	3.0919	1.0479	2.8252	-6.0769	-3.4536	-8.7649	0.6875	-4.0803	-3.3136	5.1171	6.2949	2.7643	3.0243	6.1591	1.124	-3.7014	-4.1691	4.5349	5.4012	3.621	7.243	4.2855	-1.3444	0.689	5.2554
D03-ZF-R3	-0.4986	-7.477	-11.1305	-4.3486	-0.9839	-6.4722	-4.0801	-0.8079	-2.7506	-1.0775	-5.5232	-3.6731	-8.6471	2.8953	-3.7161	0.2146	4.3989	6.536	3.2111	2.924	6.4906	2.1021	5.3431	0.2835	2.9091	3.4258	4.4014	5.9163	3.8196	7.47	-2.8282	1.6736
D03-ZF-R1	-0.0045	-7.9103	-10.3714	-3.914	-1.063	-6.0322	-5.713	-0.3684	-2.2702	-0.1983	-5.8712	-3.7012	-8.8282	1.3122	-3.5981	0.4465	4.3798	6.2402	2.9792	3.4612	6.1446	1.4478	4.7167	0.6856	3.0204	3.3421	4.2662	6.2806	4.3688	7.3017	-2.6649	2.1152
D04-OF-R3	-8.8736	-5.5631	-8.22	-3.4423	-1.2224	-4.9536	-4.7527	-2.1629	0.1364	-4.8882	-4.6014	-2.25	-7.2587	-1.6391	-1.4609	-2.3113	5.3495	7.5875	4.7653	4.4031	6.7299	3.8467	2.1915	-1.9355	2.1591	6.2711	3.195	4.7851	3.1108	5.981	2.2974	2.7264
D04-OR-R1	-9.0056	-5.42	-8.4916	-3.2845	-0.9914	-4.9273	-4.6301	-2.217	0.2131	-4.942	-4.3996	-2.0859	-7.0045	-1.5809	-1.5245	-2.2435	5.4521	7.6692	4.8878	4.7132	6.8705	3.7277	2.6132	-1.5146	2.3215	6.0869	3.012	4.4081	2.6531	5.6289	1.7738	2.232
D05-OR-R1	0.2448	-5.0647	-7.8087	-3.1016	-1.9645	-5.8096	-5.1648	3.6762	1.2797	2.9067	-6.2689	-3.4639	-8.2788	0.7414	-4.4207	-3.3611	5.7002	5.7107	3.6098	2.9923	6.5405	0.7659	-4.2542	-4.6903	3.1059	4.5995	2.9805	7.8685	4.6495	-0.961	1.2635	5.9774
D02-OR-R3	1.5272	-5.6165	-9.551	-4.463	-3.5836	-6.5457	-3.4134	-0.9192	-0.0311	-3.6223	-5.3304	-3.0179	-7.6152	3.4365	1.6921	-2.811	5.494	7.1466	4.618	4.6333	7.016	1.9608	-4.2238	1.5685	0.1237	3.5254	0.7692	8.3538	3.6248	-0.398	2.7997	2.8528
PCO-B3-R1	-6.0545	6.9168	3.9313	11.2685	13.674	-0.6327	-0.6153	-5.6604	-2.2221	-5.4861	9.6446	10.7449	10.1303	-0.2759	9.5087	10.5574	-1.0195	-1.7788	-3.9956	-5.719	-1.8593	-2.6113	-4.7091	-6.0833	-4.2402	-3.2764	-3.9919	-3.6944	-4.8317	-2.6763	-9.1147	-5.8279
D06-ZH-R2	0.6573	-6.6478	-10.5764	-2.2451	-1.6074	-4.3816	-4.147	-1.7276	-3.6622	-4.1274	-4.694	-2.4679	-7.9819	1.3957	-3.5325	-3.0653	5.5031	7.1694	5.2913	5.093	8.0678	2.3749	-3.4699	-3.1614	5.3502	6.5723	5.0083	9.1649	7.0593	-0.395	-1.1076	0.2905
D04-ZR-R2	-9.007	-5.5746	-8.4575	-3.4272	-0.8947	-4.7886	-4.6555	-1.8487	0.3175	-4.8864	-4.5214	-2.3123	-7.2104	-1.9474	-2.0928	-2.2103	5.283	7.2741	4.5749	5.0598	6.585	3.4443	3.6712	-0.8673	2.546	5.2637	2.9539	4.4675	2.692	6.3635	1.8466	2.3592
D03-OF-R3	-0.4761	-7.3002	-10.0596	-4.0118	-1.1095	-6.2573	-5.822	-0.1528	-2.5126	-1.618	-5.5752	-3.6402	-8.6018	2.6277	-3.6916	0.3672	4.5233	6.5639	3.2427	2.48	6.262	2.0319	5.2932	-0.2084	1.6449	3.2664	4.3954	6.5332	4.2979	7.7968	-2.5393	2.2499
D01-ZH-R2	-1.829	-6.2945	-8.2185	-3.764	-1.9328	-5.3125	-4.2668	0.0259	1.3848	2.0226	0.1864	-3.0064	-7.6685	0.8813	-4.237	-2.2611	5.6593	6.9942	4.5006	3.1803	7.9482	1.8162	-4.1066	-4.946	3.6481	2.0034	-2.1702	7.3623	6.3727	-1.6139	2.7018	4.9398
D10-ZR-R3	-2.4122	-7.4137	-9.9796	-4.3028	1.6261	-6.408	-5.8948	-7.0974	-4.3618	-2.2385	-4.8983	-2.2785	-6.3083	1.2566	-1.4427	-2.4558	5.8136	7.3222	3.7551	3.3261	6.2409	2.6441	5.4725	3.9359	-2.9563	1.1796	5.7786	9.3599	3.9595	2.4892	2.3995	3.8891
D05-OR-R3	-0.3293	-5.4192	-7.7752	-2.8454	-2.137	-5.6846	-4.7686	2.9456	0.7967	2.435	-6.0374	-3.3117	-8.0966	1.4356	-3.9903	-3.285	5.5439	6.5405	3.7215	2.6243	6.4717	1.2436	-3.9947	-4.5145	3.4349	5.3582	3.7059	7.3131	4.0317	-1.3237	0.5998	5.3113
D05-ZH-R1	0.6778	-5.8351	-8.0155	-2.3285	-1.2068	-5.4775	-4.6979	3.1979	1.1631	2.8314	-6.0665	-3.3967	-8.6504	0.4139	-4.2627	-3.3795	5.2996	5.9373	2.7596	3.0524	5.8821	1.1605	-3.7591	-4.2475	4.5909	4.8491	3.2095	7.3379	4.3079	-1.3253	0.701	5.2772
D03-OR-R1	-0.0387	-7.2175	-10.6396	-3.7167	-1.0297	-6.0053	-5.8244	0.3115	-1.6841	-0.8305	-5.7769	-3.636	-8.4458	2.2988	-3.6143	0.4802	4.411	5.9209	3.0744	3.239	5.7764	1.684	4.0362	-0.1985	0.859	2.9439	3.9533	6.6296	4.7009	8.0895	-2.2596	2.5092
D04-OH-R2	-8.5133	-5.1163	-8.8065	-3.1125	-0.7687	-4.5226	-4.3822	-2.1119	0.5625	-4.5937	-4.1333	-1.9537	-6.9713	-1.8977	-2.2377	-2.2854	5.7908	6.826	4.8574	5.3713	7.2026	2.7193	1.7782	-1.4301	2.5134	5.022	1.9519	4.7293	2.998	5.9147	2.0279	2.5712
D09-OF-R1	-1.3501	-6.8381	-10.394	1.8708	0.0515	-7.0087	-5.3318	3.8388	1.5358	-4.7791	-5.968	-3.672	-8.0689	-0.6605	-4.9978	-3.0223	4.6868	5.8306	3.9194	2.1888	6.077	2.5004	1.9786	-0.3375	2.6109	4.1324	2.1954	7.7712	4.6743	0.515	3.1887	2.8622
D08-ZF-R1	1.5585	-6.7178	-10.7726	-4.0249	-1.3828	-5.816	-5.6373	2.3947	1.6961	-1.2522	-5.4157	-2.8695	-8.008	1.4296	-3.5996	-2.1581	5.2733	7.1743	4.2268	3.1526	7.8051	1.5837	-4.2936	2.673	-3.6178	2.4816	3.3209	8.7723	6.0621	-0.9033	3.4666	3.3981
D01-OF-R1	-3.4429	-6.1258	-8.6933	-3.7664	-1.6883	-5.2757	-3.8594	-0.3719	2.0097	2.2845	-0.3768	-2.9615	-7.5497	2.0926	-4.0152	-2.323	5.3321	7.3617	4.3761	2.9861	7.9753	1.4426	-4.2249	-5.175	2.2535	2.8893	-1.718	7.5556	6.5415	-1.5469	2.8367	5.1773
D03-OH-R1	-0.6274	-7.281	-10.5364	-4.1134	-0.9522	-6.298	-6.0037	-0.4711	-2.2583	-1.6867	-5.6239	-3.5374	-8.6479	3.2732	-3.5798	0.2247	4.6705	6.3897	3.3322	2.7905	6.6277	2.1082	4.8398	0.3402	1.5465	3.712	4.4751	6.1806	4.0788	7.9745	-2.7251	1.7779
D10-ZH-R3	-1.8645	-7.3494	-8.9234	-3.9866	2.3732	-5.9731	-5.5532	-6.8833	-3.9185	-2.0541	-4.9831	-2.2976	-6.5145	0.7255	-2.251	-2.9058	6.2578	6.8197	2.5069	4.1361	5.7988	1.354	6.0298	3.951	-2.5245	-1.0355	4.0871	9.7793	4.7262	2.9176	3.0064	4.5487
D01-ZF-R2	-2.7009	-6.2472	-8.8097	-3.8791	-1.8391	-5.5003	-3.7218	-0.4774	1.1275	2.0178	-0.3923	-2.7188	-7.1017	2.0242	-3.896	-1.8274	5.7454	7.8206	4.441	2.7445	8.187	1.9478	-4.1169	-5.0274	3.2016	3.2589	-2.0008	7.049	5.9357	-1.9324	2.1015	4.5867
PCO-B2-R1	-6.3046	6.5293	3.6118	11.1601	13.639	-0.8546	-0.71	-5.0393	-2.4183	-5.2686	9.8708	10.8527	10.2515	-0.2017	9.7252	10.7237	-0.8576	-1.5853	-3.8937	-6.0551	-1.8616	-2.3554	-4.7586	-5.8142	-4.2695	-3.6406	-4.2022	-3.9394	-4.8233	-3.1136	-8.0316	-6.3652
D04-NF-R1	-9.2266	-5.5327	-8.4966	-3.335	-1.1593	-5.0053	-4.6045	-2.1923	0.4733	-4.8265	-4.6997	-2.2422	-7.1936	-1.6445	-1.2539	-2.0287	5.4123	7.8386	5.1557	4.4011	7.1693	4.0629	2.9201	-1.4901	2.5759	6.1867	3.294	4.2526	2.1119	5.3626	1.783	1.9315
D06-OF-R3	-1.6721	-5.9361	-9.6431	-2.784	-1.7548	-5.2755	-2.7763	-2.2555	-4.0362	-4.3366	-4.0588	-2.2311	-7.6712	2.3404	-3.0494	-2.9315	5.7939	8.1596	5.815	4.0606	8.7939	2.6639	-3.3632	-3.95	4.3307	6.994	5.1774	9.1337	6.4709	-0.4462	-1.6567	0.0944
D09-OH-R2	-1.6764	-6.9746	-11.0271	2.4309	0.6022	-6.6202	-5.2543	3.3764	1.5958	-4.9138	-6.1906	-3.6261	-7.6434	-0.2639	-4.9145	-2.5956	4.8816	5.9904	4.342	2.5419	7.3695	2.1079	1.2081	-0.2372	1.9796	4.2828	2.4234	7.3649	4.2633	0.1277	2.6472	2.4022
D08-OF-R3	-0.2331	-6.9007	-9.6641	-3.803	-0.788	-5.4796	-5.3706	2.3004	1.7992	-1.4439	-4.642	-2.6788	-7.3048	1.9953	-3.6878	-2.4326	5.2116	6.8712	4.1412	2.8296	7.7996	1.5226	-4.2788	1.5402	-4.2337	2.1836	3.6898	8.7007	6.3318	-0.8708	3.4822	3.4135
D04-OR-R3	-8.8247	-5.3475	-8.663	-3.2657	-0.9359	-4.8381	-4.5619	-2.2698	0.3025	-5.0564	-4.3593	-2.0834	-7.0156	-1.6586	-1.4915	-2.2515	5.4544	7.6292	4.8543	4.7776	6.9432	3.7531	2.5692	-1.6148	2.2735	6.184	3.1291	4.3486	2.6695	5.5058	1.674	2.1694
D10-OF-R3	-4.2622	-7.5323	-9.7911	-4.0854	1.1293	-6.5648	-5.7384	-7.6199	-4.4412	-2.5662	-4.8468	-2.2818	-6.7269	2.4981	-0.2117	-2.3405	5.8097	7.5167	4.1491	3.1887	6.3469	2.61	5.4364	3.1969	-3.686	1.8097	6.1926	9.5803	4.1394	2.4723	2.6927	3.9262
D06-ZF-R1	0.1432	-6.1764	-9.0578	-2.723	-1.4255	-5.1923	-3.6235	-2.0911	-4.1627	-4.4263	-4.1228	-2.245	-7.3169	1.2833	-3.3192	-3.0043	5.3773	7.7577	5.4753	4.467	8.5586	2.1601	-3.2779	-3.8755	4.5811	6.9966	4.7183	9.1931	6.8535	-0.4262	-1.3235	0.2246
D05-ZF-R1	-0.309	-5.8172	-7.8376	-2.7805	-2.2119	-5.4705	-4.5989	2.9006	0.8845	2.5723	-5.8999	-3.4007	-8.639	1.5363	-3.976	-3.2715	5.2971	6.7377	3.0636	2.7589	6.4033	1.1906	-3.6788	-4.1116	4.3904	5.547	3.2961	7.1194	3.8766	-1.3911	0.4998	5.3199
D06-OF-R1	-0.8366	-6.0192	-9.6163	-2.9765	-1.5159	-5.6964	-3.5969	-1.2857	-4.3795	-4.0806	-4.111	-2.4901	-7.5527	2.6362	-3.1564	-3.2187	5.4232	7.8366	5.9801	3.4414	8.2614	2.5091	-3.8604	-4.5478	3.6325	6.4083	4.6124	10.239	7.2666	0.3365	-0.7759	1.1333
D03-ZR-R1	0.9426	-7.5091	-9.7899	-3.9464	-2.0452	-5.9021	-5.9203	0.165	-1.9912	-1.579	-6.1691	-3.7484	-8.5622	1.2448	-3.5367	0.4182	4.1549	6.2481	3.7005	3.1623	6.7726	1.5653	2.4725	0.6777	2.1351	3.3993	4.6086	6.9729	4.7288	7.4712	-2.776	2.6351
D09-ZR-R3	-0.7574	-6.8011	-10.3222	2.3063	1.0394	-7.2686	-5.7942	3.3689	1.3241	-5.0639	-6.3899	-3.7134	-8.024	-0.3856	-4.9917	-2.937	4.7922	5.9336	3.9022	2.3267	6.6038	1.9931	2.2403	0.3209	2.5285	4.3062	2.1132	7.5502	3.8612	0.4257	2.8649	2.6473
D01-ZF-R3	-1.5942	-6.6075	-8.6128	-3.8023	-1.2064	-5.5911	-4.3098	0.2322	1.9493	3.1671	-0.4422	-3.1832	-8.2118	0.5994	-4.5641	-2.2721	5.4221	6.5126	4.1521	3.6669	8.1052	1.2235	-4.3691	-5.0689	3.1996	1.8874	-2.8592	7.9694	7.0962	-1.2577	3.1744	5.5951
D03-ZH-R3	0.2669	-7.714	-10.0463	-4.1489	-1.4506	-6.0719	-5.9347	-0.6031	-2.0787	-1.2278	-6.0223	-3.7594	-8.7271	2.0078	-3.5566	-0.5439	4.572	6.2813	3.3469	3.1383	6.6089	1.4804	4.5755	0.9044	2.881	3.6449	4.4826	6.2706	4.2085	8.09	-2.6581	1.7835
D07-OH-R2	-2.7602	-6.4772	-9.1545	-3.7444	-2.5584	-5.4301	5.573	2.1953	1.8029	-3.9488	-5.5749	-2.8167	-7.4896	0.5851	-2.0211	-2.215	5.5335	7.5241	4.6483	4.0477	8.5124	3.706	-3.6933	-2.4027	-3.767	4.0226	-2.6	7.6863	5.9153	-1.7607	2.8512	3.8109
D09-NF-R2	-1.7269	-7.1015	-9.8663	2.2607	0.455	-6.7965	-5.703	3.0955	1.4309	-5.6125	-6.1496	-3.6202	-7.8245	0.0224	-4.8236	-2.6401	4.8138	6.374	4.1757	2.3016	7.1639	2.8215	2.6881	-0.0664	2.7941	4.8264	3.2189	6.7693	3.0512	-0.4184	2.076	2.0107
