Well,Well96,PCR_Replicate,Plate,SampleName,Donor,Condition,Replicate,SampleCode,SampleNameFull,Omit,Sample,Target,Task,Dyes,Cq,Cq.Conf,Amp.Score,Amp.Status,Annotated,Baseline.Start,Baseline.End,Curve.Quality,Result.Quality.Issues,logCopyNumber,CopyNumber,PlotOrder
A1,A1,Rep1,Plate3,D07_OF_R3,D07,OF,R3,3-1-14,D07_OF_R3_Rep1,false,Sample,16S,Unknown,SYBR,13.3245228860101,0.920272592239945,3.48772700260777,Amp,false,3,7,NA,NA,7.08481696932584,2026122591.17869,2
A10,A5,Rep2,Plate3,D04_ZF_R3,D04,ZF,R3,3-1-10,D04_ZF_R3_Rep2,false,Sample,16S,Unknown,SYBR,15.1854525100406,0.857660580575703,NA,Amp,false,3,8,NA,NA,6.4902707635653,515370449.487302,5
A11,A6,Rep1,Plate3,NCO_B4_R3,NCO,B4,R3,3-4-9,NCO_B4_R3_Rep1,false,Sample,16S,Unknown,SYBR,22.5857308778872,0.8907839601484,3.46645656933516,Amp,false,3,12,NA,NA,4.12596457575487,2227477.4974223,7
A12,A6,Rep2,Plate3,NCO_B4_R3,NCO,B4,R3,3-4-9,NCO_B4_R3_Rep2,false,Sample,16S,Unknown,SYBR,24.2595285679464,0.911363835364256,3.47524790230225,Amp,false,3,13,NA,NA,3.59120493036855,650210.053116069,7
A13,A7,Rep1,Plate3,D03_OF_R3,D03,OF,R3,3-1-4,D03_OF_R3_Rep1,false,Sample,16S,Unknown,SYBR,23.6914105614784,0.933349733391932,3.46649195657823,Amp,false,3,13,NA,NA,3.77271228067782,987554.404494071,2
A14,A7,Rep2,Plate3,D03_OF_R3,D03,OF,R3,3-1-4,D03_OF_R3_Rep2,false,Sample,16S,Unknown,SYBR,24.1985535541623,0.923020441800018,3.45661235956968,Amp,false,3,13,NA,NA,3.61068576544336,680040.088267906,2
A15,A8,Rep1,Plate3,D02_OR_R3,D02,OR,R3,3-4-4,D02_OR_R3_Rep1,false,Sample,16S,Unknown,SYBR,11.476970707409,0.924992173926223,3.50433966906657,Amp,false,3,6,NA,NA,7.67508923085974,7887474723.10427,3
A16,A8,Rep2,Plate3,D02_OR_R3,D02,OR,R3,3-4-4,D02_OR_R3_Rep2,false,Sample,16S,Unknown,SYBR,11.6508428192013,0.925418947233212,3.47813764273936,Amp,false,3,6,NA,NA,7.61953903539895,6940452479.74255,3
A17,A9,Rep1,Plate3,PCO_B4_R3,PCO,B4,R3,3-4-10,PCO_B4_R3_Rep1,false,Sample,16S,Unknown,SYBR,13.7088083584534,0.952543967888972,3.47714413842029,Amp,false,3,8,NA,NA,6.96204205800212,1527182038.60187,7
A18,A9,Rep2,Plate3,PCO_B4_R3,PCO,B4,R3,3-4-10,PCO_B4_R3_Rep2,false,Sample,16S,Unknown,SYBR,13.464258775717,0.955163196611975,3.48851529075761,Amp,false,3,8,NA,NA,7.0401729151064,1828191412.95475,7
A19,A10,Rep1,Plate3,D09_OR_R3,D09,OR,R3,3-3-12,D09_OR_R3_Rep1,false,Sample,16S,Unknown,SYBR,12.44076119762,0.869864103719281,3.47660689978152,Amp,false,3,7,NA,NA,7.36716894644727,3881661821.56412,3
A2,A1,Rep2,Plate3,D07_OF_R3,D07,OF,R3,3-1-14,D07_OF_R3_Rep2,false,Sample,16S,Unknown,SYBR,14.2186426276838,0.99305851780478,3.37991782881988,Amp,false,3,8,NA,NA,6.79915571000518,1049553206.1,2
A20,A10,Rep2,Plate3,D09_OR_R3,D09,OR,R3,3-3-12,D09_OR_R3_Rep2,false,Sample,16S,Unknown,SYBR,12.486822564172,0.916625481828947,3.46796544965889,Amp,false,3,7,NA,NA,7.35245285489712,3752335002.1117,3
A21,A11,Rep1,Plate3,D04_ZH_R3,D04,ZH,R3,3-4-19,D04_ZH_R3_Rep1,false,Sample,16S,Unknown,SYBR,15.9051364657209,0.899957854044036,NA,Amp,false,3,9,NA,NA,6.26033978730961,303520854.998752,7
A23,A12,Rep1,Plate3,D07_ZR_R3,D07,ZR,R3,3-3-18,D07_ZR_R3_Rep1,false,Sample,16S,Unknown,SYBR,14.4485200035973,0.944774965052485,3.49266564244743,Amp,false,3,8,NA,NA,6.72571245891459,886260122.454835,6
A24,A12,Rep2,Plate3,D07_ZR_R3,D07,ZR,R3,3-3-18,D07_ZR_R3_Rep2,false,Sample,16S,Unknown,SYBR,14.1968892341118,0.878383155122914,3.48750979233049,Amp,false,3,8,NA,NA,6.80610567600261,1066484199.68936,6
A3,A2,Rep1,Plate3,buffer_1,buffer,1,NA,NA,buffer_1_Rep1,false,Sample,16S,Unknown,SYBR,25.1790281167612,0.992079907044336,3.39588983688593,Amp,false,3,15,NA,NA,3.29743510646607,330585.542070316,7
A4,A2,Rep2,Plate3,buffer_1,buffer,1,NA,NA,buffer_1_Rep2,false,Sample,16S,Unknown,SYBR,25.699274433084,0.991879888151231,3.40059976666591,Amp,false,3,14,NA,NA,3.13122222585174,225460.764593292,7
A5,A3,Rep1,Plate3,D02_ZH_R3,D02,ZH,R3,3-2-1,D02_ZH_R3_Rep1,false,Sample,16S,Unknown,SYBR,17.8585932789703,0.992563011701476,NA,Amp,false,3,9,NA,NA,5.63623217924272,72124186.6898485,7
A7,A4,Rep1,Plate3,D06_NF_R3,D06,NF,R3,3-1-15,D06_NF_R3_Rep1,false,Sample,16S,Unknown,SYBR,8.1879331263838,0.953869389054434,3.41922433933294,Amp,false,3,4,NA,NA,8.72589995962179,88664283576.0141,1
A8,A4,Rep2,Plate3,D06_NF_R3,D06,NF,R3,3-1-15,D06_NF_R3_Rep2,false,Sample,16S,Unknown,SYBR,8.51401617258076,0.946783219884452,3.37004056797132,Amp,false,3,4,NA,NA,8.6217200726579,69753952661.4564,1
A9,A5,Rep1,Plate3,D04_ZF_R3,D04,ZF,R3,3-1-10,D04_ZF_R3_Rep1,false,Sample,16S,Unknown,SYBR,15.7328746738388,0.989489256095561,NA,Amp,false,3,8,NA,NA,6.31537550356586,344527785.909017,5
B1,A1,Rep3,Plate3,D07_OF_R3,D07,OF,R3,3-1-14,D07_OF_R3_Rep3,false,Sample,16S,Unknown,SYBR,13.5954398748973,0.911564194110868,3.46614203093957,Amp,false,3,8,NA,NA,6.99826202079957,1660010252.8535,2
B11,A6,Rep3,Plate3,NCO_B4_R3,NCO,B4,R3,3-4-9,NCO_B4_R3_Rep3,false,Sample,16S,Unknown,SYBR,23.8547754176722,0.899479711389213,3.4558452789607,Amp,false,3,13,NA,NA,3.72051903588749,875725.07557216,7
B13,A7,Rep3,Plate3,D03_OF_R3,D03,OF,R3,3-1-4,D03_OF_R3_Rep3,false,Sample,16S,Unknown,SYBR,25.5443896994071,0.949350285329113,3.44399601351098,Amp,false,3,14,NA,NA,3.18070616632361,252670.718858176,2
B15,A8,Rep3,Plate3,D02_OR_R3,D02,OR,R3,3-4-4,D02_OR_R3_Rep3,false,Sample,16S,Unknown,SYBR,11.8477007283713,0.927854902165279,3.47208569925032,Amp,false,3,6,NA,NA,7.55664513470566,6004735530.5812,3
B17,A9,Rep3,Plate3,PCO_B4_R3,PCO,B4,R3,3-4-10,PCO_B4_R3_Rep3,false,Sample,16S,Unknown,SYBR,13.5818332768256,0.96717940567319,3.48069630146963,Amp,false,3,8,NA,NA,7.00260917673303,1676709891.30974,7
B19,A10,Rep3,Plate3,D09_OR_R3,D09,OR,R3,3-3-12,D09_OR_R3_Rep3,false,Sample,16S,Unknown,SYBR,12.432973873597,0.882182809581924,3.47402271031935,Amp,false,3,7,NA,NA,7.36965690939391,3903962694.75597,3
B21,A11,Rep3,Plate3,D04_ZH_R3,D04,ZH,R3,3-4-19,D04_ZH_R3_Rep3,false,Sample,16S,Unknown,SYBR,15.8882691162477,0.873566453200346,NA,Amp,false,3,9,NA,NA,6.26572871685377,307310547.585308,7
B23,A12,Rep3,Plate3,D07_ZR_R3,D07,ZR,R3,3-3-18,D07_ZR_R3_Rep3,false,Sample,16S,Unknown,SYBR,14.5109836206323,0.892084816528858,3.47715547080984,Amp,false,3,8,NA,NA,6.70575603174686,846456767.108516,6
B3,A2,Rep3,Plate3,buffer_1,buffer,1,NA,NA,buffer_1_Rep3,false,Sample,16S,Unknown,SYBR,21.4752899575242,0.991642234397955,3.36644008931429,Amp,false,3,11,NA,NA,4.48073803273986,5041813.56451725,7
B5,A3,Rep3,Plate3,D02_ZH_R3,D02,ZH,R3,3-2-1,D02_ZH_R3_Rep3,false,Sample,16S,Unknown,SYBR,17.7157633323615,0.9676683281773,NA,Amp,false,3,10,NA,NA,5.68186475004423,80114937.7659038,7
B7,A4,Rep3,Plate3,D06_NF_R3,D06,NF,R3,3-1-15,D06_NF_R3_Rep3,false,Sample,16S,Unknown,SYBR,8.2251173307221,0.954259877148757,3.41582677431257,Amp,false,3,4,NA,NA,8.71402002213351,86271782592.6045,1
B9,A5,Rep3,Plate3,D04_ZF_R3,D04,ZF,R3,3-1-10,D04_ZF_R3_Rep3,false,Sample,16S,Unknown,SYBR,15.2208999035505,0.868173545014658,3.46692103490401,Amp,false,3,8,NA,NA,6.47894571771551,502104908.894262,5
NA,NA,,,,,NA,NA,,,,,,,,NA,,,,,,,,,NA,NA,NA
NA,NA,,,,,NA,NA,,,,,,,,NA,,,,,,,,,NA,NA,NA
C11,B6,Rep1,Plate3,D01_OH_R3,D01,OH,R3,3-2-3,D01_OH_R3_Rep1,false,Sample,16S,Unknown,SYBR,11.8304059106161,0.92291063993241,3.4504178408395,Amp,false,3,6,NA,NA,7.56217063558592,6081621466.45772,4
C12,B6,Rep2,Plate3,D01_OH_R3,D01,OH,R3,3-2-3,D01_OH_R3_Rep2,false,Sample,16S,Unknown,SYBR,11.8948947192978,0.926890584304213,3.45634864387555,Amp,false,3,6,NA,NA,7.54156718233298,5799838919.46508,4
C13,B7,Rep1,Plate3,D03_OR_R3,D03,OR,R3,3-1-6,D03_OR_R3_Rep1,false,Sample,16S,Unknown,SYBR,12.8617203996949,0.921768255389402,3.44937956161416,Amp,false,3,7,NA,NA,7.23267718859589,2847907886.22455,3
C14,B7,Rep2,Plate3,D03_OR_R3,D03,OR,R3,3-1-6,D03_OR_R3_Rep2,false,Sample,16S,Unknown,SYBR,12.6405600343505,0.832749180445441,3.48015793449337,Amp,false,3,7,NA,NA,7.30333545228419,3351075417.17119,3
C15,B8,Rep1,Plate3,D09_OH_R3,D09,OH,R3,3-2-20,D09_OH_R3_Rep1,false,Sample,16S,Unknown,SYBR,9.38450457559693,0.728948327340679,3.49301512449311,Amp,false,3,5,NA,NA,8.34360876179012,36766942119.4752,4
C16,B8,Rep2,Plate3,D09_OH_R3,D09,OH,R3,3-2-20,D09_OH_R3_Rep2,false,Sample,16S,Unknown,SYBR,9.65207798174604,0.771224859466895,3.46178579264075,Amp,false,3,5,NA,NA,8.25812205056037,30197486805.3896,4
NA,NA,,,,,NA,NA,,,,,,,,NA,,,,,,,,,NA,NA,NA
C21,B11,Rep1,Plate3,buffer_2,buffer,2,NA,NA,buffer_2_Rep1,false,Sample,16S,Unknown,SYBR,25.6009680467106,0.942616784579204,3.46270819866637,Amp,false,3,16,NA,NA,3.16263001702537,242369.946307865,7
C22,B11,Rep2,Plate3,buffer_2,buffer,2,NA,NA,buffer_2_Rep2,false,Sample,16S,Unknown,SYBR,24.1668381899552,0.807832895657332,3.47283057183447,Amp,false,3,13,NA,NA,3.62081846966288,696092.924374776,7
C23,B12,Rep1,Plate3,D09_NF_R3,D09,NF,R3,3-4-17,D09_NF_R3_Rep1,false,Sample,16S,Unknown,SYBR,10.9200937273623,0.898286451703291,3.4843240329052,Amp,false,3,6,NA,NA,7.85300519892577,11881026061.985,1
C24,B12,Rep2,Plate3,D09_NF_R3,D09,NF,R3,3-4-17,D09_NF_R3_Rep2,false,Sample,16S,Unknown,SYBR,11.3061072467725,0.918531109731829,3.45949393766656,Amp,false,3,6,NA,NA,7.72967819591931,8943900220.93346,1
C3,B2,Rep1,Plate3,D06_OF_R3,D06,OF,R3,3-4-3,D06_OF_R3_Rep1,false,Sample,16S,Unknown,SYBR,10.9164710693452,0.986994811088483,3.20708414025399,Amp,false,3,5,NA,NA,7.85416259765328,11912731332.6941,2
C4,B2,Rep2,Plate3,D06_OF_R3,D06,OF,R3,3-4-3,D06_OF_R3_Rep2,false,Sample,16S,Unknown,SYBR,10.0788355969843,0.94044377878257,3.40762801274593,Amp,false,3,5,NA,NA,8.12177776454176,22061067028.8853,2
C5,B3,Rep1,Plate3,D05_ZR_R3,D05,ZR,R3,3-1-3,D05_ZR_R3_Rep1,false,Sample,16S,Unknown,SYBR,16.4493989348322,0.961413867820104,NA,Amp,false,3,9,NA,NA,6.08645401443062,203377434.224651,6
C6,B3,Rep2,Plate3,D05_ZR_R3,D05,ZR,R3,3-1-3,D05_ZR_R3_Rep2,false,Sample,16S,Unknown,SYBR,16.3852568895582,0.991093694954986,NA,Amp,false,3,9,NA,NA,6.10694668065234,213204040.194838,6
NA,NA,,,,,NA,NA,,,,,,,,NA,,,,,,,,,NA,NA,NA
NA,NA,,,,,NA,NA,,,,,,,,NA,,,,,,,,,NA,NA,NA
NA,NA,,,,,NA,NA,,,,,,,,NA,,,,,,,,,NA,NA,NA
D11,B6,Rep3,Plate3,D01_OH_R3,D01,OH,R3,3-2-3,D01_OH_R3_Rep3,false,Sample,16S,Unknown,SYBR,11.8702533482644,0.715630234534646,3.46412465218017,Amp,false,3,6,NA,NA,7.54943982483565,5905933797.70237,4
D13,B7,Rep3,Plate3,D03_OR_R3,D03,OR,R3,3-1-6,D03_OR_R3_Rep3,false,Sample,16S,Unknown,SYBR,12.7980384844124,0.919921386073428,3.46530611664217,Amp,false,3,7,NA,NA,7.25302284843056,2984500101.83865,3
D15,B8,Rep3,Plate3,D09_OH_R3,D09,OH,R3,3-2-20,D09_OH_R3_Rep3,false,Sample,16S,Unknown,SYBR,9.42034043311355,0.716374664545835,3.48622379046329,Amp,false,3,5,NA,NA,8.33215960603401,35810332679.9685,4
NA,NA,,,,,NA,NA,,,,,,,,NA,,,,,,,,,NA,NA,NA
D21,B11,Rep3,Plate3,buffer_2,buffer,2,NA,NA,buffer_2_Rep3,false,Sample,16S,Unknown,SYBR,23.9479255275149,0.927010747502722,3.45541490960404,Amp,false,3,13,NA,NA,3.69075861740738,817725.17237068,7
D23,B12,Rep3,Plate3,D09_NF_R3,D09,NF,R3,3-4-17,D09_NF_R3_Rep3,false,Sample,16S,Unknown,SYBR,11.1979401383711,0.915760712847078,3.48540693181207,Amp,false,3,6,NA,NA,7.76423637751722,9684676693.9658,1
D3,B2,Rep3,Plate3,D06_OF_R3,D06,OF,R3,3-4-3,D06_OF_R3_Rep3,false,Sample,16S,Unknown,SYBR,9.36249735711589,0.940658281762019,3.51053617735361,Amp,false,3,5,NA,NA,8.3506398220077,37367029219.0714,2
D5,B3,Rep3,Plate3,D05_ZR_R3,D05,ZR,R3,3-1-3,D05_ZR_R3_Rep3,false,Sample,16S,Unknown,SYBR,15.9555021928517,0.911086079356169,NA,Amp,false,3,9,NA,NA,6.24424850068637,292480724.811634,6
NA,NA,,,,,NA,NA,,,,,,,,NA,,,,,,,,,NA,NA,NA
E1,C1,Rep1,Plate3,D03_ZH_R3,D03,ZH,R3,3-3-14,D03_ZH_R3_Rep1,false,Sample,16S,Unknown,SYBR,14.6383701885597,0.947206541640381,3.44106871394005,Amp,false,3,8,NA,NA,6.66505744774451,770736980.715792,7
NA,NA,,,,,NA,NA,,,,,,,,NA,,,,,,,,,NA,NA,NA
E11,C6,Rep1,Plate3,D03_ZR_R3,D03,ZR,R3,3-3-9,D03_ZR_R3_Rep1,false,Sample,16S,Unknown,SYBR,17.3327169682602,0.901785586061184,NA,Amp,false,3,10,NA,NA,5.80424378010858,106192178.356798,6
E12,C6,Rep2,Plate3,D03_ZR_R3,D03,ZR,R3,3-3-9,D03_ZR_R3_Rep2,false,Sample,16S,Unknown,SYBR,17.9112129496885,0.922334910036215,NA,Amp,false,3,11,NA,NA,5.61942078284713,69385629.4504999,6
E13,C7,Rep1,Plate3,D08_ZF_R3,D08,ZF,R3,3-1-11,D08_ZF_R3_Rep1,false,Sample,16S,Unknown,SYBR,14.3333337974916,0.903365136694514,3.4569723385653,Amp,false,3,9,NA,NA,6.76251316374072,964632552.09549,5
E14,C7,Rep2,Plate3,D08_ZF_R3,D08,ZF,R3,3-1-11,D08_ZF_R3_Rep2,false,Sample,16S,Unknown,SYBR,14.3037616904113,0.902233362397383,3.45823040912233,Amp,false,3,8,NA,NA,6.77196112127435,985847798.361901,5
E15,C8,Rep1,Plate3,D05_OR_R3,D05,OR,R3,3-3-15,D05_OR_R3_Rep1,false,Sample,16S,Unknown,SYBR,11.2969521032315,0.914517293939237,3.46283220009807,Amp,false,3,6,NA,NA,7.73260316190687,9004340541.39843,3
E16,C8,Rep2,Plate3,D05_OR_R3,D05,OR,R3,3-3-15,D05_OR_R3_Rep2,false,Sample,16S,Unknown,SYBR,11.3890829116585,0.915152864883739,3.45972245812601,Amp,false,3,6,NA,NA,7.70316839883115,8414283654.27414,3
E17,C9,Rep1,Plate3,D04_ZR_R3,D04,ZR,R3,3-4-8,D04_ZR_R3_Rep1,false,Sample,16S,Unknown,SYBR,13.1712254148364,0.888245094040913,3.48325567977252,Amp,false,3,7,NA,NA,7.13379379717687,2267997370.97,6
E18,C9,Rep2,Plate3,D04_ZR_R3,D04,ZR,R3,3-4-8,D04_ZR_R3_Rep2,false,Sample,16S,Unknown,SYBR,13.2313032457875,0.881437811399384,3.48698291679994,Inconclusive,false,3,7,NA,NA,7.11459960198482,2169943128.09829,6
E19,C10,Rep1,Plate3,D08_NF_R3,D08,NF,R3,3-3-3,D08_NF_R3_Rep1,false,Sample,16S,Unknown,SYBR,9.26416507327713,0.946119562590476,3.49656894890605,Amp,false,3,5,NA,NA,8.38205588713191,40170259450.4078,1
E2,C1,Rep2,Plate3,D03_ZH_R3,D03,ZH,R3,3-3-14,D03_ZH_R3_Rep2,false,Sample,16S,Unknown,SYBR,14.1899492540899,0.93137481408223,3.50878130268905,Amp,false,3,8,NA,NA,6.80832292201601,1071942948.26614,7
E20,C10,Rep2,Plate3,D08_NF_R3,D08,NF,R3,3-3-3,D08_NF_R3_Rep2,false,Sample,16S,Unknown,SYBR,8.8529423283343,0.947183614064668,3.48296506054599,Amp,false,3,5,NA,NA,8.51343695580374,54360783230.1229,1
E21,C11,Rep1,Plate3,NCO_B1_R3,NCO,B1,R3,3-1-12,NCO_B1_R3_Rep1,false,Sample,16S,Unknown,SYBR,25.4906915194414,0.922294164648359,3.48913488209389,Amp,false,3,18,NA,NA,3.19786213436376,262851.756775044,7
E22,C11,Rep2,Plate3,NCO_B1_R3,NCO,B1,R3,3-1-12,NCO_B1_R3_Rep2,false,Sample,16S,Unknown,SYBR,25.9334478129549,0.949394149432204,3.45380659815068,Amp,false,3,18,NA,NA,3.05640644953517,189782.078682516,7
E23,C12,Rep1,Plate3,D04_NF_R3,D04,NF,R3,3-3-7,D04_NF_R3_Rep1,false,Sample,16S,Unknown,SYBR,7.53242481970979,0.91724829898977,3.47906772258997,Amp,false,3,4,NA,NA,8.93532753363905,143607222711.658,1
E24,C12,Rep2,Plate3,D04_NF_R3,D04,NF,R3,3-3-7,D04_NF_R3_Rep2,false,Sample,16S,Unknown,SYBR,7.86673397399726,0.923887773354693,3.44887843273895,Amp,false,3,4,NA,NA,8.82851949712548,112297023904.33,1
E3,C2,Rep1,Plate3,D06_OH_R3,D06,OH,R3,3-3-17,D06_OH_R3_Rep1,false,Sample,16S,Unknown,SYBR,12.2757622124397,0.934103405613798,3.5252984149535,Amp,false,3,7,NA,NA,7.41988427717581,4382612032.85864,4
E4,C2,Rep2,Plate3,D06_OH_R3,D06,OH,R3,3-3-17,D06_OH_R3_Rep2,false,Sample,16S,Unknown,SYBR,12.5441861204759,0.947626926854394,3.47173939302445,Amp,false,3,7,NA,NA,7.33412584010353,3597282870.78148,4
E5,C3,Rep1,Plate3,D02_ZR_R3,D02,ZR,R3,3-2-6,D02_ZR_R3_Rep1,false,Sample,16S,Unknown,SYBR,16.4303649033067,0.90694553689404,NA,Amp,false,3,9,NA,NA,6.09253517466239,206245235.328281,6
E6,C3,Rep2,Plate3,D02_ZR_R3,D02,ZR,R3,3-2-6,D02_ZR_R3_Rep2,false,Sample,16S,Unknown,SYBR,16.7374471111007,0.914548996611284,NA,Amp,false,3,11,NA,NA,5.9944258430988,164541174.396363,6
E7,C4,Rep1,Plate3,D05_ZF_R3,D05,ZF,R3,3-2-10,D05_ZF_R3_Rep1,false,Sample,16S,Unknown,SYBR,17.4703901416932,0.867814651564251,NA,Amp,false,3,9,NA,NA,5.76025874067309,95963811.7873891,5
E8,C4,Rep2,Plate3,D05_ZF_R3,D05,ZF,R3,3-2-10,D05_ZF_R3_Rep2,false,Sample,16S,Unknown,SYBR,17.454023460427,0.893967014638798,NA,Amp,false,3,10,NA,NA,5.76548771232366,97126214.3943718,5
NA,NA,,,,,NA,NA,,,,,,,,NA,,,,,,,,,NA,NA,NA
F1,C1,Rep3,Plate3,D03_ZH_R3,D03,ZH,R3,3-3-14,D03_ZH_R3_Rep3,false,Sample,16S,Unknown,SYBR,14.3660863677994,0.922396634759755,3.47733976375978,Amp,false,3,8,NA,NA,6.75204908377017,941668045.579053,7
NA,NA,,,,,NA,NA,,,,,,,,NA,,,,,,,,,NA,NA,NA
F11,C6,Rep3,Plate3,D03_ZR_R3,D03,ZR,R3,3-3-9,D03_ZR_R3_Rep3,false,Sample,16S,Unknown,SYBR,17.3431188296531,0.889893492036243,3.47870171363144,Amp,false,3,10,NA,NA,5.80092050170828,105382682.996909,6
F13,C7,Rep3,Plate3,D08_ZF_R3,D08,ZF,R3,3-1-11,D08_ZF_R3_Rep3,false,Sample,16S,Unknown,SYBR,14.2832693051933,0.911704891924125,3.46182143145998,Amp,false,3,8,NA,NA,6.77850820920343,1000822265.93267,5
F15,C8,Rep3,Plate3,D05_OR_R3,D05,OR,R3,3-3-15,D05_OR_R3_Rep3,false,Sample,16S,Unknown,SYBR,11.5777344237489,0.908116183509236,3.46690420517453,Amp,false,3,6,NA,NA,7.64289635023996,7323945431.69062,3
F17,C9,Rep3,Plate3,D04_ZR_R3,D04,ZR,R3,3-4-8,D04_ZR_R3_Rep3,false,Sample,16S,Unknown,SYBR,13.397224061553,0.889064098822333,3.47963404845089,Amp,false,3,7,NA,NA,7.06158975669235,1920606995.1936,6
F19,C10,Rep3,Plate3,D08_NF_R3,D08,NF,R3,3-3-3,D08_NF_R3_Rep3,false,Sample,16S,Unknown,SYBR,9.43641508722508,0.934453472862283,3.47525863444321,Amp,false,3,5,NA,NA,8.3270239337939,35389357939.521,1
F21,C11,Rep3,Plate3,NCO_B1_R3,NCO,B1,R3,3-1-12,NCO_B1_R3_Rep3,false,Sample,16S,Unknown,SYBR,24.9645355685803,0.945285034936261,3.47742532532894,Amp,false,3,14,NA,NA,3.36596307713091,387089.888367158,7
F23,C12,Rep3,Plate3,D04_NF_R3,D04,NF,R3,3-3-7,D04_NF_R3_Rep3,false,Sample,16S,Unknown,SYBR,7.67441929449323,0.920333001970181,3.47762848479406,Amp,false,3,4,NA,NA,8.88996188674338,129363166155.707,1
F3,C2,Rep3,Plate3,D06_OH_R3,D06,OH,R3,3-3-17,D06_OH_R3_Rep3,false,Sample,16S,Unknown,SYBR,12.5750879350666,0.937480697982583,3.48143990849783,Amp,false,3,7,NA,NA,7.32425305588928,3516428615.24173,4
F5,C3,Rep3,Plate3,D02_ZR_R3,D02,ZR,R3,3-2-6,D02_ZR_R3_Rep3,false,Sample,16S,Unknown,SYBR,16.449836535816,0.90802101840687,3.45849178501687,Amp,false,3,9,NA,NA,6.08631420580959,203311973.244687,6
F7,C4,Rep3,Plate3,D05_ZF_R3,D05,ZF,R3,3-2-10,D05_ZF_R3_Rep3,false,Sample,16S,Unknown,SYBR,17.8059336779558,0.86761744705088,NA,Amp,false,3,11,NA,NA,5.65305633292148,74973033.371213,5
NA,NA,,,,,NA,NA,,,,,,,,NA,,,,,,,,,NA,NA,NA
G1,D1,Rep1,Plate3,D09_ZH_R3,D09,ZH,R3,3-1-19,D09_ZH_R3_Rep1,false,Sample,16S,Unknown,SYBR,17.6046233331346,0.864722539143698,NA,Amp,false,3,10,NA,NA,5.7173727370177,86940370.5022665,7
G13,D7,Rep1,Plate3,D10_ZF_R3,D10,ZF,R3,3-3-1,D10_ZF_R3_Rep1,false,Sample,16S,Unknown,SYBR,14.2904036956992,0.924356697487368,3.47800141206671,Amp,false,3,8,NA,NA,6.77622885121431,995583294.787161,5
G14,D7,Rep2,Plate3,D10_ZF_R3,D10,ZF,R3,3-3-1,D10_ZF_R3_Rep2,false,Sample,16S,Unknown,SYBR,13.7351357009329,0.935982904715869,3.47099042646379,Amp,false,3,8,NA,NA,6.9536307664751,1497888602.05112,5
G15,D8,Rep1,Plate3,D10_OR_R3,D10,OR,R3,3-4-1,D10_OR_R3_Rep1,false,Sample,16S,Unknown,SYBR,11.1894226410407,0.954327951037673,3.44737282882603,Amp,false,3,6,NA,NA,7.7669576226707,9745550410.47497,3
G16,D8,Rep2,Plate3,D10_OR_R3,D10,OR,R3,3-4-1,D10_OR_R3_Rep2,false,Sample,16S,Unknown,SYBR,10.9981036403158,0.961648787074684,3.46747993558554,Amp,false,3,6,NA,NA,7.82808190405247,11218393093.7872,3
NA,NA,,,,,NA,NA,,,,,,,,NA,,,,,,,,,NA,NA,NA
NA,NA,,,,,NA,NA,,,,,,,,NA,,,,,,,,,NA,NA,NA
G19,D10,Rep1,Plate3,D04_OF_R3,D04,OF,R3,3-2-7,D04_OF_R3_Rep1,false,Sample,16S,Unknown,SYBR,13.3825692680042,0.861755497778585,3.45816083299774,Amp,false,3,7,NA,NA,7.06627179935967,1941424692.36055,2
G2,D1,Rep2,Plate3,D09_ZH_R3,D09,ZH,R3,3-1-19,D09_ZH_R3_Rep2,false,Sample,16S,Unknown,SYBR,17.7500487173106,0.871606907889754,NA,Amp,false,3,10,NA,NA,5.6709109529359,78119544.538932,7
G20,D10,Rep2,Plate3,D04_OF_R3,D04,OF,R3,3-2-7,D04_OF_R3_Rep2,false,Sample,16S,Unknown,SYBR,13.4378581373379,0.866120296845102,3.4828631508167,Amp,false,3,7,NA,NA,7.0486076238537,1864044918.45641,2
G21,D11,Rep1,Plate3,D07_ZH_R3,D07,ZH,R3,3-3-5,D07_ZH_R3_Rep1,false,Sample,16S,Unknown,SYBR,14.9538040149213,0.860750298449542,3.48995539780023,Amp,false,3,8,NA,NA,6.5642798674373,611122983.225465,7
G23,D12,Rep1,Plate3,D08_OR_R3,D08,OR,R3,3-2-14,D08_OR_R3_Rep1,false,Sample,16S,Unknown,SYBR,9.77910690208619,0.936239765538794,3.48539385620316,Amp,false,3,5,NA,NA,8.21753773096288,27503406046.4882,3
G24,D12,Rep2,Plate3,D08_OR_R3,D08,OR,R3,3-2-14,D08_OR_R3_Rep2,false,Sample,16S,Unknown,SYBR,9.9292150799659,0.940947212535407,3.48467172311565,Amp,false,3,5,NA,NA,8.16957984665626,24627968887.3194,3
G3,D2,Rep1,Plate3,D01_ZH_R3,D01,ZH,R3,3-1-1,D01_ZH_R3_Rep1,false,Sample,16S,Unknown,SYBR,16.9737227694469,0.89734617193502,3.48922163732338,Amp,false,3,9,NA,NA,5.91893841231728,138288848.998431,7
G4,D2,Rep2,Plate3,D01_ZH_R3,D01,ZH,R3,3-1-1,D01_ZH_R3_Rep2,false,Sample,16S,Unknown,SYBR,17.1533281333762,0.91163447960233,3.47580990779933,Amp,false,3,9,NA,NA,5.86155650690857,121172831.545312,7
G7,D4,Rep1,Plate3,D05_OH_R3,D05,OH,R3,3-2-16,D05_OH_R3_Rep1,false,Sample,16S,Unknown,SYBR,12.7155027964889,0.925532155200086,3.47421499254687,Amp,false,3,7,NA,NA,7.27939207779907,3171325556.80474,4
H1,D1,Rep3,Plate3,D09_ZH_R3,D09,ZH,R3,3-1-19,D09_ZH_R3_Rep3,false,Sample,16S,Unknown,SYBR,17.7037251969693,0.848964026054219,NA,Amp,false,3,10,NA,NA,5.68571079969032,80827575.0140199,7
H13,D7,Rep3,Plate3,D10_ZF_R3,D10,ZF,R3,3-3-1,D10_ZF_R3_Rep3,false,Sample,16S,Unknown,SYBR,14.3756676098102,0.946083046149299,3.49362029314743,Amp,false,3,8,NA,NA,6.74898798408619,935054088.933857,5
H15,D8,Rep3,Plate3,D10_OR_R3,D10,OR,R3,3-4-1,D10_OR_R3_Rep3,false,Sample,16S,Unknown,SYBR,11.2749509715343,0.959285484588813,3.49013708205771,Amp,false,3,6,NA,NA,7.73963227746508,9151262795.06355,3
NA,NA,,,,,NA,NA,,,,,,,,NA,,,,,,,,,NA,NA,NA
NA,NA,,,,,NA,NA,,,,,,,,NA,,,,,,,,,NA,NA,NA
H19,D10,Rep3,Plate3,D04_OF_R3,D04,OF,R3,3-2-7,D04_OF_R3_Rep3,false,Sample,16S,Unknown,SYBR,13.8830200263146,0.848853708976143,3.46860661369858,Amp,false,3,7,NA,NA,6.90638337817424,1343482852.77727,2
H23,D12,Rep3,Plate3,D08_OR_R3,D08,OR,R3,3-2-14,D08_OR_R3_Rep3,false,Sample,16S,Unknown,SYBR,9.93566148401034,0.945783926224793,3.49228938653296,Amp,false,3,6,NA,NA,8.16752029264845,24511452207.7335,3
H3,D2,Rep3,Plate3,D01_ZH_R3,D01,ZH,R3,3-1-1,D01_ZH_R3_Rep3,false,Sample,16S,Unknown,SYBR,17.3260278373943,0.904848186978366,3.4651759047376,Amp,false,3,9,NA,NA,5.80638088262162,106716023.067141,7
H7,D4,Rep3,Plate3,D05_OH_R3,D05,OH,R3,3-2-16,D05_OH_R3_Rep3,false,Sample,16S,Unknown,SYBR,12.5196265411254,0.92971872706819,3.48420963535549,Amp,false,3,7,NA,NA,7.34197235107816,3662866587.83041,4
I1,E1,Rep1,Plate3,D08_OH_R3,D08,OH,R3,3-1-2,D08_OH_R3_Rep1,false,Sample,16S,Unknown,SYBR,13.4258037053342,0.932743066505818,3.50361499248248,Amp,false,3,8,NA,NA,7.05245888008492,1880648490.36129,4
I10,E5,Rep2,Plate3,D02_NF_R3,D02,NF,R3,3-1-18,D02_NF_R3_Rep2,false,Sample,16S,Unknown,SYBR,10.552681813826,0.917098678726995,3.47741894040212,Amp,false,3,6,NA,NA,7.9703891968607,15568183663.2598,1
I11,E6,Rep1,Plate3,NCO_B3_R3,NCO,B3,R3,3-3-11,NCO_B3_R3_Rep1,false,Sample,16S,Unknown,SYBR,23.4648177141733,0.882510053085522,3.42708719860779,Amp,false,3,13,NA,NA,3.84510616160598,1166688.4843027,7
I12,E6,Rep2,Plate3,NCO_B3_R3,NCO,B3,R3,3-3-11,NCO_B3_R3_Rep2,false,Sample,16S,Unknown,SYBR,23.6607371757766,0.865708639331998,3.43457936725954,Amp,false,3,13,NA,NA,3.78251208441643,1010091.7733588,7
I13,E7,Rep1,Plate3,D10_OH_R3,D10,OH,R3,3-3-8,D10_OH_R3_Rep1,false,Sample,16S,Unknown,SYBR,11.8000281088769,0.963551207577721,3.51146823117911,Amp,false,3,6,NA,NA,7.57187600355369,6219060091.17867,4
I14,E7,Rep2,Plate3,D10_OH_R3,D10,OH,R3,3-3-8,D10_OH_R3_Rep2,false,Sample,16S,Unknown,SYBR,11.9470207247524,0.950580320947455,3.48527708142265,Amp,false,3,6,NA,NA,7.52491350646888,5581645575.23147,4
I15,E8,Rep1,Plate3,PCO_B3_R3,PCO,B3,R3,3-3-13,PCO_B3_R3_Rep1,false,Sample,16S,Unknown,SYBR,16.0044195445823,0.959365921844096,3.44688825780866,Amp,false,3,9,NA,NA,6.22861995380759,282142625.524125,7
I16,E8,Rep2,Plate3,PCO_B3_R3,PCO,B3,R3,3-3-13,PCO_B3_R3_Rep2,false,Sample,16S,Unknown,SYBR,15.9986459210566,0.969164314143156,3.48535930540154,Amp,false,3,9,NA,NA,6.23046456196275,283343537.420465,7
I17,E9,Rep1,Plate3,D06_ZR_R3,D06,ZR,R3,3-2-5,D06_ZR_R3_Rep1,false,Sample,16S,Unknown,SYBR,17.9734600946354,0.885890336030777,NA,Amp,false,3,11,NA,NA,5.59953351609094,66279964.2819145,6
I18,E9,Rep2,Plate3,D06_ZR_R3,D06,ZR,R3,3-2-5,D06_ZR_R3_Rep2,false,Sample,16S,Unknown,SYBR,17.7577964283476,0.890851184748013,3.48478423555032,Amp,false,3,10,NA,NA,5.66843564589533,77675560.4539731,6
I19,E10,Rep1,Plate3,D08_ZR_R3,D08,ZR,R3,3-4-2,D08_ZR_R3_Rep1,false,Sample,16S,Unknown,SYBR,15.2921001615468,0.888838411785968,3.47067359975618,Amp,false,3,9,NA,NA,6.45619803145469,476482309.475199,6
I2,E1,Rep2,Plate3,D08_OH_R3,D08,OH,R3,3-1-2,D08_OH_R3_Rep2,false,Sample,16S,Unknown,SYBR,13.7561073753814,0.946041087588316,3.46567000009565,Amp,false,3,7,NA,NA,6.94693055099634,1474956800.54497,4
I20,E10,Rep2,Plate3,D08_ZR_R3,D08,ZR,R3,3-4-2,D08_ZR_R3_Rep2,false,Sample,16S,Unknown,SYBR,15.2871311219798,0.882408148458687,3.44029855984246,Amp,false,3,9,NA,NA,6.45778558403201,478227265.976512,6
I21,E11,Rep1,Plate3,D06_OR_R3,D06,OR,R3,3-4-15,D06_OR_R3_Rep1,false,Sample,16S,Unknown,SYBR,11.2943735438603,0.932693162712502,3.47249481851371,Amp,false,3,6,NA,NA,7.73342698279224,9021437244.65048,3
I22,E11,Rep2,Plate3,D06_OR_R3,D06,OR,R3,3-4-15,D06_OR_R3_Rep2,false,Sample,16S,Unknown,SYBR,11.3009836182453,0.932124238482738,3.45868602491849,Amp,false,3,6,NA,NA,7.73131513794079,8977675166.66013,3
I23,E12,Rep1,Plate3,D03_NF_R3,D03,NF,R3,3-2-13,D03_NF_R3_Rep1,false,Sample,16S,Unknown,SYBR,10.609033000395,0.917417879134751,3.48601961474189,Amp,false,3,6,NA,NA,7.95238562287701,14936002323.2206,1
I24,E12,Rep2,Plate3,D03_NF_R3,D03,NF,R3,3-2-13,D03_NF_R3_Rep2,false,Sample,16S,Unknown,SYBR,10.6280087734664,0.913741580206248,3.49269821361548,Amp,false,3,6,NA,NA,7.94632307556983,14728951265.0888,1
I3,E2,Rep1,Plate3,D02_OH_R3,D02,OH,R3,3-3-10,D02_OH_R3_Rep1,false,Sample,16S,Unknown,SYBR,11.8166628834644,0.94360290719015,3.4672178758822,Amp,false,3,6,NA,NA,7.56656137908484,6143418889.05627,4
I4,E2,Rep2,Plate3,D02_OH_R3,D02,OH,R3,3-3-10,D02_OH_R3_Rep2,false,Sample,16S,Unknown,SYBR,11.841022861187,0.943901165695198,3.47419788730756,Amp,false,3,6,NA,NA,7.55877863859842,6034306815.87895,4
NA,NA,,,,,NA,NA,,,,,,,,NA,,,,,,,,,NA,NA,NA
NA,NA,,,,,NA,NA,,,,,,,,NA,,,,,,,,,NA,NA,NA
I7,E4,Rep1,Plate3,D04_OH_R3,D04,OH,R3,3-1-16,D04_OH_R3_Rep1,false,Sample,16S,Unknown,SYBR,12.7497989632825,0.900254708787863,3.49804742140307,Amp,false,3,7,NA,NA,7.26843483601198,3092313992.71796,4
I8,E4,Rep2,Plate3,D04_OH_R3,D04,OH,R3,3-1-16,D04_OH_R3_Rep2,false,Sample,16S,Unknown,SYBR,13.4052845057834,0.896957713733092,3.50128721530711,Amp,false,3,7,NA,NA,7.05901453489349,1909252133.19734,4
I9,E5,Rep1,Plate3,D02_NF_R3,D02,NF,R3,3-1-18,D02_NF_R3_Rep1,false,Sample,16S,Unknown,SYBR,10.277715194445,0.922977265126056,3.47259193075951,Amp,false,3,6,NA,NA,8.05823795704631,19058411801.6191,1
J11,E6,Rep3,Plate3,NCO_B3_R3,NCO,B3,R3,3-3-11,NCO_B3_R3_Rep3,false,Sample,16S,Unknown,SYBR,23.2831167149022,0.865338412947131,3.45636592693935,Amp,false,3,13,NA,NA,3.90315759907278,1333540.92625148,7
J13,E7,Rep3,Plate3,D10_OH_R3,D10,OH,R3,3-3-8,D10_OH_R3_Rep3,false,Sample,16S,Unknown,SYBR,12.00493150964,0.968430611571475,3.49122259371173,Amp,false,3,6,NA,NA,7.506411658262,5348849863.4296,4
J15,E8,Rep3,Plate3,PCO_B3_R3,PCO,B3,R3,3-3-13,PCO_B3_R3_Rep3,false,Sample,16S,Unknown,SYBR,16.1879386026257,0.959944318500967,3.44774250295655,Amp,false,3,9,NA,NA,6.16998766689274,246511064.16697,7
J17,E9,Rep3,Plate3,D06_ZR_R3,D06,ZR,R3,3-2-5,D06_ZR_R3_Rep3,false,Sample,16S,Unknown,SYBR,18.3417484399353,0.846780320688043,NA,Amp,false,3,13,NA,NA,5.48186950800791,50549662.1856362,6
J21,E11,Rep3,Plate3,D06_OR_R3,D06,OR,R3,3-4-15,D06_OR_R3_Rep3,false,Sample,16S,Unknown,SYBR,11.3475878744172,0.930804864904462,3.47929410056051,Amp,false,3,6,NA,NA,7.71642559922773,8675097186.1718,3
J23,E12,Rep3,Plate3,D03_NF_R3,D03,NF,R3,3-2-13,D03_NF_R3_Rep3,false,Sample,16S,Unknown,SYBR,11.1010404416516,0.906432111946658,3.48340240239589,Amp,false,3,6,NA,NA,7.79519474707617,10400243240.784,1
J3,E2,Rep3,Plate3,D02_OH_R3,D02,OH,R3,3-3-10,D02_OH_R3_Rep3,false,Sample,16S,Unknown,SYBR,11.883439867125,0.941639719500345,3.46496729342413,Amp,false,3,6,NA,NA,7.54522687951277,5848919298.22393,4
NA,NA,,,,,NA,NA,,,,,,,,NA,,,,,,,,,NA,NA,NA
NA,NA,,,,,NA,NA,,,,,,,,NA,,,,,,,,,NA,NA,NA
J7,E4,Rep3,Plate3,D04_OH_R3,D04,OH,R3,3-1-16,D04_OH_R3_Rep3,false,Sample,16S,Unknown,SYBR,12.8799046467325,0.797797335993603,3.48440649016259,Amp,false,3,7,NA,NA,7.22686752500558,2810064410.38538,4
J9,E5,Rep3,Plate3,D02_NF_R3,D02,NF,R3,3-1-18,D02_NF_R3_Rep3,false,Sample,16S,Unknown,SYBR,10.4705323995815,0.927627314251996,3.49428462837954,Amp,false,3,6,NA,NA,7.99663501610816,16538029631.3687,1
K10,F5,Rep2,Plate3,D09_ZR_R3,D09,ZR,R3,3-1-5,D09_ZR_R3_Rep2,false,Sample,16S,Unknown,SYBR,18.8276246414371,0.913949169013906,3.49796436335164,Amp,false,3,11,NA,NA,5.32663749474854,35357882.1837026,6
K11,F6,Rep1,Plate3,D07_ZF_R3,D07,ZF,R3,3-4-16,D07_ZF_R3_Rep1,false,Sample,16S,Unknown,SYBR,16.3384614009142,0.864519357933229,3.46144779409822,Amp,false,3,9,NA,NA,6.12189731600185,220671407.782202,5
K13,F7,Rep1,Plate3,D09_ZF_R3,D09,ZF,R3,3-2-19,D09_ZF_R3_Rep1,false,Sample,16S,Unknown,SYBR,16.9436232796159,0.91661307444548,NA,Amp,false,3,10,NA,NA,5.92855486274252,141385089.912333,5
K14,F7,Rep2,Plate3,D09_ZF_R3,D09,ZF,R3,3-2-19,D09_ZF_R3_Rep2,false,Sample,16S,Unknown,SYBR,17.2963292965187,0.897959253939262,NA,Amp,false,3,9,NA,NA,5.81586923433907,109073182.233585,5
K17,F9,Rep1,Plate3,D10_NF_R3,D10,NF,R3,3-1-13,D10_NF_R3_Rep1,false,Sample,16S,Unknown,SYBR,24.1664585852118,0.909672110261431,3.46270368654805,Amp,false,3,17,NA,NA,3.6209397491336,696287.33985485,1
K18,F9,Rep2,Plate3,D10_NF_R3,D10,NF,R3,3-1-13,D10_NF_R3_Rep2,false,Sample,16S,Unknown,SYBR,25.2492402393089,0.921534416599253,3.45770475917047,Amp,false,3,13,NA,NA,3.27500311843166,313943.769165748,1
K19,F10,Rep1,Plate3,water_2,water,2,NA,NA,water_2_Rep1,false,Sample,16S,Unknown,SYBR,24.1901015695077,0.969662888808115,3.47241516933842,Amp,false,3,13,NA,NA,3.61338608002948,684281.548729889,7
K20,F10,Rep2,Plate3,water_2,water,2,NA,NA,water_2_Rep2,false,Sample,16S,Unknown,SYBR,22.4550533288606,0.939122217791202,3.44224988946494,Amp,false,3,12,NA,NA,4.16771459141835,2452242.08263227,7
K21,F11,Rep1,Plate3,D01_ZR_R3,D01,ZR,R3,3-1-7,D01_ZR_R3_Rep1,false,Sample,16S,Unknown,SYBR,18.3253594722396,0.909695760421381,3.48688153790786,Amp,false,3,10,NA,NA,5.48710559992345,51162805.3407152,6
K22,F11,Rep2,Plate3,D01_ZR_R3,D01,ZR,R3,3-1-7,D01_ZR_R3_Rep2,false,Sample,16S,Unknown,SYBR,18.9797151951251,0.913942084961623,3.4523653577872,Amp,false,3,12,NA,NA,5.2780462635383,31615132.9993826,6
K23,F12,Rep1,Plate3,D03_OH_R3,D03,OH,R3,3-4-12,D03_OH_R3_Rep1,false,Sample,16S,Unknown,SYBR,14.9213863540412,0.875378320366832,3.4766403446314,Amp,false,3,9,NA,NA,6.57463694759068,625872251.482158,4
K24,F12,Rep2,Plate3,D03_OH_R3,D03,OH,R3,3-4-12,D03_OH_R3_Rep2,false,Sample,16S,Unknown,SYBR,15.4714960724004,0.910425237731424,3.44665102845607,Amp,false,3,8,NA,NA,6.39888304396154,417572407.598886,4
K3,F2,Rep1,Plate3,PCO_B1_R3,PCO,B1,R3,3-1-8,PCO_B1_R3_Rep1,false,Sample,16S,Unknown,SYBR,16.5757137069179,0.972119871464561,3.47188377294697,Amp,false,3,9,NA,NA,6.04609785721472,185330375.995372,7
K4,F2,Rep2,Plate3,PCO_B1_R3,PCO,B1,R3,3-1-8,PCO_B1_R3_Rep2,false,Sample,16S,Unknown,SYBR,18.7004686096222,0.889680724775356,3.41973129298201,Inconclusive,false,3,15,NA,NA,5.36726242504082,38824974.0975651,7
K5,F3,Rep1,Plate3,D02_OF_R3,D02,OF,R3,3-4-7,D02_OF_R3_Rep1,false,Sample,16S,Unknown,SYBR,12.2646578240495,0.778805206669532,3.47565044441759,Amp,false,3,7,NA,NA,7.42343200509601,4418559979.86876,2
K6,F3,Rep2,Plate3,D02_OF_R3,D02,OF,R3,3-4-7,D02_OF_R3_Rep2,false,Sample,16S,Unknown,SYBR,12.2050059163422,0.943015201897553,3.49506117094227,Amp,false,3,7,NA,NA,7.44249012257438,4616776728.56233,2
L17,F9,Rep3,Plate3,D10_NF_R3,D10,NF,R3,3-1-13,D10_NF_R3_Rep3,false,Sample,16S,Unknown,SYBR,25.6646728776757,0.919963255858998,3.48130358080869,Amp,false,3,14,NA,NA,3.14227703588636,231273.453470176,1
L19,F10,Rep3,Plate3,water_2,water,2,NA,NA,water_2_Rep3,false,Sample,16S,Unknown,SYBR,23.4885237574815,0.937977367844842,3.45377010282388,Amp,false,3,14,NA,NA,3.83753234585256,1146518.57564781,7
L21,F11,Rep3,Plate3,D01_ZR_R3,D01,ZR,R3,3-1-7,D01_ZR_R3_Rep3,false,Sample,16S,Unknown,SYBR,18.2376041360789,0.939228691701584,3.48639927140083,Amp,false,3,10,NA,NA,5.51514244853709,54574680.0328416,6
L23,F12,Rep3,Plate3,D03_OH_R3,D03,OH,R3,3-4-12,D03_OH_R3_Rep3,false,Sample,16S,Unknown,SYBR,15.6336548524955,0.898826370866301,3.45575600679204,Amp,false,3,9,NA,NA,6.34707512699824,370615754.347392,4
L3,F2,Rep3,Plate3,PCO_B1_R3,PCO,B1,R3,3-1-8,PCO_B1_R3_Rep3,false,Sample,16S,Unknown,SYBR,16.6707004119422,0.969730194076625,3.49291848674572,Amp,false,3,9,NA,NA,6.01575066711113,172822155.188687,7
L5,F3,Rep3,Plate3,D02_OF_R3,D02,OF,R3,3-4-7,D02_OF_R3_Rep3,false,Sample,16S,Unknown,SYBR,12.2545154348309,0.815041673979193,3.47487851277227,Amp,false,3,7,NA,NA,7.42667238503806,4451651260.60137,2
M1,G1,Rep1,Plate3,D08_OF_R3,D08,OF,R3,3-2-2,D08_OF_R3_Rep1,false,Sample,16S,Unknown,SYBR,10.2466824153227,0.944790874288532,3.49296681660268,Amp,false,3,6,NA,NA,8.06815258296401,19498505826.3077,2
M11,G6,Rep1,Plate3,D01_ZF_R3,D01,ZF,R3,3-2-17,D01_ZF_R3_Rep1,false,Sample,16S,Unknown,SYBR,15.9360577584052,0.909504669238755,3.48096992454504,Amp,false,3,9,NA,NA,6.25046078006224,296694523.267706,5
M12,G6,Rep2,Plate3,D01_ZF_R3,D01,ZF,R3,3-2-17,D01_ZF_R3_Rep2,false,Sample,16S,Unknown,SYBR,15.7641344329988,0.898636602922293,3.48941444711528,Amp,false,3,9,NA,NA,6.30538836006428,336695343.149644,5
M13,G7,Rep1,Plate3,D06_ZF_R3,D06,ZF,R3,3-3-4,D06_ZF_R3_Rep1,false,Sample,16S,Unknown,SYBR,14.3613034508508,0.895331320466216,3.43921746395889,Amp,false,3,8,NA,NA,6.75357717225214,944987191.092563,5
M14,G7,Rep2,Plate3,D06_ZF_R3,D06,ZF,R3,3-3-4,D06_ZF_R3_Rep2,false,Sample,16S,Unknown,SYBR,14.0030818587122,0.909897630179434,3.47840797713713,Amp,false,3,8,NA,NA,6.86802496526768,1229911082.52849,5
M15,G8,Rep1,Plate3,D09_OF_R3,D09,OF,R3,3-3-16,D09_OF_R3_Rep1,false,Sample,16S,Unknown,SYBR,12.0308879959913,0.918922972022944,3.47589504902344,Amp,false,3,7,NA,NA,7.49811885112098,5247683099.92903,2
M16,G8,Rep2,Plate3,D09_OF_R3,D09,OF,R3,3-3-16,D09_OF_R3_Rep2,false,Sample,16S,Unknown,SYBR,11.842585466589,0.914095519840007,3.4796225882806,Amp,false,3,7,NA,NA,7.55827940364569,6027374178.77552,2
M17,G9,Rep1,Plate3,D07_OR_R3,D07,OR,R3,3-1-9,D07_OR_R3_Rep1,false,Sample,16S,Unknown,SYBR,13.064475906686,0.905166737932987,3.44851428104333,Amp,false,3,7,NA,NA,7.16789907134634,2453283969.09053,3
M18,G9,Rep2,Plate3,D07_OR_R3,D07,OR,R3,3-1-9,D07_OR_R3_Rep2,false,Sample,16S,Unknown,SYBR,13.4412094509457,0.903769361658421,3.47375195459168,Amp,false,3,7,NA,NA,7.04753691663076,1859454972.72271,3
M19,G10,Rep1,Plate3,D08_ZH_R3,D08,ZH,R3,3-4-6,D08_ZH_R3_Rep1,false,Sample,16S,Unknown,SYBR,20.4213616936958,0.930466009985064,3.45461063711086,Amp,false,3,11,NA,NA,4.81745632789271,10947251.0441128,7
M2,G1,Rep2,Plate3,D08_OF_R3,D08,OF,R3,3-2-2,D08_OF_R3_Rep2,false,Sample,16S,Unknown,SYBR,10.3203918569899,0.93698735922443,3.48496060394694,Amp,false,3,6,NA,NA,8.0446032405783,18469366109.4643,2
M20,G10,Rep2,Plate3,D08_ZH_R3,D08,ZH,R3,3-4-6,D08_ZH_R3_Rep2,false,Sample,16S,Unknown,SYBR,20.7482542806991,0.912522584297017,3.48372951282974,Amp,false,3,13,NA,NA,4.71301780169356,8607292.29280993,7
M21,G11,Rep1,Plate3,D05_OF_R3,D05,OF,R3,3-3-6,D05_OF_R3_Rep1,false,Sample,16S,Unknown,SYBR,13.2780681338163,0.910157272548808,3.47775199498356,Amp,false,3,7,NA,NA,7.09965874318967,2096560951.5759,2
M22,G11,Rep2,Plate3,D05_OF_R3,D05,OF,R3,3-3-6,D05_OF_R3_Rep2,false,Sample,16S,Unknown,SYBR,13.302177851803,0.907523867973747,3.4620671968319,Amp,false,3,7,NA,NA,7.09195595789041,2059703502.49841,2
M23,G12,Rep1,Plate3,D01_NF_R3,D01,NF,R3,3-4-13,D01_NF_R3_Rep1,false,Sample,16S,Unknown,SYBR,10.0793889912244,0.928666638663297,3.47593970857588,Amp,false,3,6,NA,NA,8.12160096127016,22052087695.3994,1
M24,G12,Rep2,Plate3,D01_NF_R3,D01,NF,R3,3-4-13,D01_NF_R3_Rep2,false,Sample,16S,Unknown,SYBR,10.5330775446968,0.924948636987416,3.44022098434293,Amp,false,3,5,NA,NA,7.97665254163042,15794333037.115,1
M3,G2,Rep1,Plate3,D04_OR_R3,D04,OR,R3,3-2-8,D04_OR_R3_Rep1,false,Sample,16S,Unknown,SYBR,11.7741410068238,0.894748014977081,3.47661986238818,Amp,false,3,6,NA,NA,7.58014664318728,6338629869.10061,3
M4,G2,Rep2,Plate3,D04_OR_R3,D04,OR,R3,3-2-8,D04_OR_R3_Rep2,false,Sample,16S,Unknown,SYBR,11.8222087281506,0.913867344412823,3.47273367706832,Amp,false,3,6,NA,NA,7.56478954372185,6118406016.7393,3
M5,G3,Rep1,Plate3,NCO_B2_R3,NCO,B2,R3,3-2-9,NCO_B2_R3_Rep1,false,Sample,16S,Unknown,SYBR,23.6521913550425,0.89177029897547,3.44764787389979,Amp,false,3,14,NA,NA,3.78524237858069,1016461.95514261,7
M6,G3,Rep2,Plate3,NCO_B2_R3,NCO,B2,R3,3-2-9,NCO_B2_R3_Rep2,false,Sample,16S,Unknown,SYBR,24.4017135568934,0.881055058783647,3.45051652750973,Amp,false,3,13,NA,NA,3.54577841632799,585635.191296636,7
N1,G1,Rep3,Plate3,D08_OF_R3,D08,OF,R3,3-2-2,D08_OF_R3_Rep3,false,Sample,16S,Unknown,SYBR,10.1716035839165,0.940520946205741,3.49025053486113,Amp,false,3,6,NA,NA,8.09213943005861,20605738292.4201,2
N11,G6,Rep3,Plate3,D01_ZF_R3,D01,ZF,R3,3-2-17,D01_ZF_R3_Rep3,false,Sample,16S,Unknown,SYBR,15.8008223551128,0.893244565174154,3.4508710637731,Amp,false,3,9,NA,NA,6.29366697919718,327729645.952402,5
N13,G7,Rep3,Plate3,D06_ZF_R3,D06,ZF,R3,3-3-4,D06_ZF_R3_Rep3,false,Sample,16S,Unknown,SYBR,14.1590521005383,0.90766814923705,3.45109971113655,Inconclusive,false,3,8,NA,NA,6.81819421708043,1096586681.00479,5
N15,G8,Rep3,Plate3,D09_OF_R3,D09,OF,R3,3-3-16,D09_OF_R3_Rep3,false,Sample,16S,Unknown,SYBR,11.8127580116362,0.92161049489635,3.48001570447776,Amp,false,3,7,NA,NA,7.56780894196926,6161091967.04674,2
N17,G9,Rep3,Plate3,D07_OR_R3,D07,OR,R3,3-1-9,D07_OR_R3_Rep3,false,Sample,16S,Unknown,SYBR,12.9850431764903,0.90719951745748,3.46847645839315,Amp,false,3,7,NA,NA,7.19327694041842,2600912189.45015,3
N19,G10,Rep3,Plate3,D08_ZH_R3,D08,ZH,R3,3-4-6,D08_ZH_R3_Rep3,false,Sample,16S,Unknown,SYBR,20.3593901424757,0.901309553718999,3.48629479782279,Amp,false,3,11,NA,NA,4.83725554553491,11457880.6764925,7
N21,G11,Rep3,Plate3,D05_OF_R3,D05,OF,R3,3-3-6,D05_OF_R3_Rep3,false,Sample,16S,Unknown,SYBR,12.9446854656531,0.920058724529804,3.48120404919652,Amp,false,3,7,NA,NA,7.20617077774661,2679288792.08424,2
N23,G12,Rep3,Plate3,D01_NF_R3,D01,NF,R3,3-4-13,D01_NF_R3_Rep3,false,Sample,16S,Unknown,SYBR,10.2749980427491,0.932801390944351,3.48112133780244,Amp,false,3,6,NA,NA,8.05910605662969,19096545248.7055,1
N3,G2,Rep3,Plate3,D04_OR_R3,D04,OR,R3,3-2-8,D04_OR_R3_Rep3,false,Sample,16S,Unknown,SYBR,11.6866526354426,0.910752912082118,3.51143130673706,Amp,false,3,7,NA,NA,7.60809819953911,6760003941.39468,3
N5,G3,Rep3,Plate3,NCO_B2_R3,NCO,B2,R3,3-2-9,NCO_B2_R3_Rep3,false,Sample,16S,Unknown,SYBR,25.728837995741,0.88700338833393,3.46435119385406,Amp,false,3,16,NA,NA,3.1217769981658,220610.280989493,7
N9,G5,Rep3,Plate3,D06_ZH_R3,D06,ZH,R3,3-2-11,D06_ZH_R3_Rep3,false,Sample,16S,Unknown,SYBR,19.5866850463837,0.905614661594947,3.46040057364859,Amp,false,3,11,NA,NA,5.084126183264,20229024.1504799,7
O1,H1,Rep1,Plate3,D01_OR_R3,D01,OR,R3,3-3-19,D01_OR_R3_Rep1,false,Sample,16S,Unknown,SYBR,12.0100592493907,0.898855894691811,3.50319167363728,Amp,false,3,7,NA,NA,7.50477340275058,5328710818.81549,3
NA,NA,,,,,NA,NA,,,,,,,,NA,,,,,,,,,NA,NA,NA
O13,H7,Rep1,Plate3,D07_OH_R3,D07,OH,R3,3-4-14,D07_OH_R3_Rep1,false,Sample,16S,Unknown,SYBR,12.3349932758537,0.911607465425937,3.44906842718855,Amp,false,3,6,NA,NA,7.40096061474322,4195747692.10862,4
O14,H7,Rep2,Plate3,D07_OH_R3,D07,OH,R3,3-4-14,D07_OH_R3_Rep2,false,Sample,16S,Unknown,SYBR,12.2062903623311,0.910469615244791,3.47940858584137,Amp,false,3,7,NA,NA,7.44207975644375,4612416383.05708,4
O15,H8,Rep1,Plate3,D10_ZR_R3,D10,ZR,R3,3-2-4,D10_ZR_R3_Rep1,false,Sample,16S,Unknown,SYBR,18.463434689838,0.906612231636302,3.44901365492287,Amp,false,3,10,NA,NA,5.44299211187284,46221162.2177208,6
O16,H8,Rep2,Plate3,D10_ZR_R3,D10,ZR,R3,3-2-4,D10_ZR_R3_Rep2,false,Sample,16S,Unknown,SYBR,18.3702863856182,0.918030580172264,3.486858838787,Amp,false,3,10,NA,NA,5.47275195347663,49499487.5759045,6
O17,H9,Rep1,Plate3,D01_OF_R3,D01,OF,R3,3-3-20,D01_OF_R3_Rep1,false,Sample,16S,Unknown,SYBR,10.5684347292808,0.91444308831711,3.46165362033563,Amp,false,3,6,NA,NA,7.96535631652371,15388811010.9967,2
O18,H9,Rep2,Plate3,D01_OF_R3,D01,OF,R3,3-3-20,D01_OF_R3_Rep2,false,Sample,16S,Unknown,SYBR,10.6780734536859,0.914552093562389,3.48142969043748,Amp,false,3,6,NA,NA,7.93032797006839,14196350708.7983,2
O19,H10,Rep1,Plate3,PCO_B2_R3,PCO,B2,R3,3-2-18,PCO_B2_R3_Rep1,false,Sample,16S,Unknown,SYBR,14.7203718361813,0.968036400057109,3.45741365796294,Amp,false,3,8,NA,NA,6.63885883828074,725617232.120489,7
O2,H1,Rep2,Plate3,D01_OR_R3,D01,OR,R3,3-3-19,D01_OR_R3_Rep2,false,Sample,16S,Unknown,SYBR,12.4049759598363,0.904379001342685,3.47511402233714,Amp,false,3,7,NA,NA,7.37860192976476,3985205117.92678,3
O20,H10,Rep2,Plate3,PCO_B2_R3,PCO,B2,R3,3-2-18,PCO_B2_R3_Rep2,false,Sample,16S,Unknown,SYBR,15.0252221240754,0.96508461350773,3.47221923775134,Amp,false,3,9,NA,NA,6.54146258016759,579844216.523396,7
O21,H11,Rep1,Plate3,D02_ZF_R3,D02,ZF,R3,3-3-2,D02_ZF_R3_Rep1,false,Sample,16S,Unknown,SYBR,14.7885958133841,0.898893621232379,3.43814673007731,Amp,false,3,9,NA,NA,6.61706204045236,690098033.856577,5
O22,H11,Rep2,Plate3,D02_ZF_R3,D02,ZF,R3,3-3-2,D02_ZF_R3_Rep2,false,Sample,16S,Unknown,SYBR,14.7408873068817,0.901055946487483,3.45250770930284,Amp,false,3,8,NA,NA,6.63230437479819,714748289.031278,5
O23,H12,Rep1,Plate3,water_1,water,1,NA,NA,water_1_Rep1,false,Sample,16S,Unknown,SYBR,16.3885022355959,0.944959879152834,3.39637022800136,Amp,false,3,9,NA,NA,6.10590982888311,212695635.59726,7
O24,H12,Rep2,Plate3,water_1,water,1,NA,NA,water_1_Rep2,false,Sample,16S,Unknown,SYBR,24.4766426447323,0.792033959168516,3.43708715535066,Amp,false,3,14,NA,NA,3.52183941062865,554227.613800204,7
O3,H2,Rep1,Plate3,D05_NF_R3,D05,NF,R3,3-4-11,D05_NF_R3_Rep1,false,Sample,16S,Unknown,SYBR,11.9914837501943,0.843060319376369,3.49111175163143,Amp,false,3,7,NA,NA,7.51070806703057,5402027822.59703,1
O4,H2,Rep2,Plate3,D05_NF_R3,D05,NF,R3,3-4-11,D05_NF_R3_Rep2,false,Sample,16S,Unknown,SYBR,12.0762218582403,0.903417759878762,3.48786964521233,Amp,false,3,7,NA,NA,7.48363518906061,5075559679.61244,1
O5,H3,Rep1,Plate3,D10_OF_R3,D10,OF,R3,3-4-5,D10_OF_R3_Rep1,false,Sample,16S,Unknown,SYBR,12.8509592969453,0.972453006211852,3.52267211174179,Amp,false,3,7,NA,NA,7.23611524059255,2870542559.3748,2
O6,H3,Rep2,Plate3,D10_OF_R3,D10,OF,R3,3-4-5,D10_OF_R3_Rep2,false,Sample,16S,Unknown,SYBR,12.6371859534143,0.969980803966803,3.51722154501098,Amp,false,3,7,NA,NA,7.30441343341397,3359403598.09188,2
O7,H4,Rep1,Plate3,D10_ZH_R3,D10,ZH,R3,3-2-15,D10_ZH_R3_Rep1,false,Sample,16S,Unknown,SYBR,17.9168899934628,0.904826517065904,3.50573099164879,Amp,false,3,10,NA,NA,5.61760703084255,69096457.2324382,7
O8,H4,Rep2,Plate3,D10_ZH_R3,D10,ZH,R3,3-2-15,D10_ZH_R3_Rep2,false,Sample,16S,Unknown,SYBR,17.8798027494146,0.918524577235267,3.51393455231028,Amp,false,3,10,NA,NA,5.62945599060238,71007584.6517553,7
NA,NA,,,,,NA,NA,,,,,,,,NA,,,,,,,,,NA,NA,NA
P1,H1,Rep3,Plate3,D01_OR_R3,D01,OR,R3,3-3-19,D01_OR_R3_Rep3,false,Sample,16S,Unknown,SYBR,12.1845448386882,0.910215934688917,3.48974975122212,Amp,false,3,7,NA,NA,7.44902720808684,4686794997.51675,3
NA,NA,,,,,NA,NA,,,,,,,,NA,,,,,,,,,NA,NA,NA
P13,H7,Rep3,Plate3,D07_OH_R3,D07,OH,R3,3-4-14,D07_OH_R3_Rep3,false,Sample,16S,Unknown,SYBR,11.9220386319273,0.839768708912792,3.48779700336887,Amp,false,3,7,NA,NA,7.53289500577401,5685173923.80688,4
P15,H8,Rep3,Plate3,D10_ZR_R3,D10,ZR,R3,3-2-4,D10_ZR_R3_Rep3,false,Sample,16S,Unknown,SYBR,16.5904406361436,0.903274087837141,3.44909498803272,Amp,false,3,9,NA,NA,6.04139276800524,183333368.306424,6
P17,H9,Rep3,Plate3,D01_OF_R3,D01,OF,R3,3-3-20,D01_OF_R3_Rep3,false,Sample,16S,Unknown,SYBR,10.5469730090251,0.780815534904024,3.45580784714228,Amp,false,3,6,NA,NA,7.97221309615811,15633702587.7901,2
P19,H10,Rep3,Plate3,PCO_B2_R3,PCO,B2,R3,3-2-18,PCO_B2_R3_Rep3,false,Sample,16S,Unknown,SYBR,14.3714144664975,0.959203827582565,3.47782398711776,Amp,false,3,8,NA,NA,6.75034681581549,937984291.83964,7
P21,H11,Rep3,Plate3,D02_ZF_R3,D02,ZF,R3,3-3-2,D02_ZF_R3_Rep3,false,Sample,16S,Unknown,SYBR,14.4471181780632,0.899225516545137,3.43539858376838,Amp,false,3,8,NA,NA,6.72616032649738,887174552.483082,5
P23,H12,Rep3,Plate3,water_1,water,1,NA,NA,water_1_Rep3,false,Sample,16S,Unknown,SYBR,21.6618110823162,0.928063872892546,3.41789479601254,Amp,false,3,12,NA,NA,4.42114661906832,4395369.28192075,7
P3,H2,Rep3,Plate3,D05_NF_R3,D05,NF,R3,3-4-11,D05_NF_R3_Rep3,false,Sample,16S,Unknown,SYBR,12.210229329542,0.906750818016139,3.46747342798842,Amp,false,3,7,NA,NA,7.44082130046581,4599070320.78844,1
P5,H3,Rep3,Plate3,D10_OF_R3,D10,OF,R3,3-4-5,D10_OF_R3_Rep3,false,Sample,16S,Unknown,SYBR,12.2583985497589,0.97965084964335,3.56497496998462,Amp,false,3,7,NA,NA,7.42543177323996,4438952756.25164,2
NA,NA,,,,,NA,NA,,,,,,,,NA,,,,,,,,,NA,NA,NA
