Sample,Patient,Sample_Type,Replication,MicrobesPerGram,mean_16s_count,DNAConcentration,Absolute Abundance: Firmicutes,Absolute Abundance: Bacteroidetes,Absolute Abundance: Actinobacteria,Absolute Abundance: Other Bacteria,Absolute Abundance: Viruses,Absolute Abundance: Fungi,Absolute Abundance: Unclassified + Root,Absolute Abundance: Unclassified,Richness 100M,Richness 10M,Richness 1M
D01-NF-R1,D01,NF,R1,2.19155E+12,4.559263825,98.4,1.43179E+12,4.05603E+11,52151623878,74758266752,860284410.3,1490360749,2.24768E+11,1.55023E+11,123,358,1307
D01-NF-R2,D01,NF,R2,1.6514E+12,4.490261832,5.9,9.62904E+11,4.2043E+11,34765817298,57896432980,730702225.1,955789918,1.73612E+11,1.14625E+11,112,309,1122
D01-NF-R3,D01,NF,R3,3.41473E+12,4.509996104,160.8,2.11358E+12,7.48977E+11,79888103700,1.14346E+11,1214594437,2282374748,3.5425E+11,2.41666E+11,144,447,1592
D01-OF-R1,D01,OF,R1,1.31365E+13,4.523915222,93.8,7.42777E+12,4.08096E+12,1.83987E+11,1.85033E+11,2753697458,8400626662,1.24695E+12,8.06039E+11,248,928,2420
D01-OF-R2,D01,OF,R2,5.5204E+12,4.466311003,88.2,2.9013E+12,1.88787E+12,73455247543,1.04682E+11,1384892734,3524876416,5.47913E+11,3.40951E+11,168,555,1839
D01-OF-R3,D01,OF,R3,1.28345E+13,4.611613129,102,7.67509E+12,3.66551E+12,1.86415E+11,1.50621E+11,2307496197,9240457538,1.14473E+12,7.63768E+11,241,856,2343
D01-OH-R1,D01,OH,R1,1.03234E+13,4.624399073,60,5.05471E+12,4.17677E+12,51583926530,1.4179E+11,3760478178,5314256038,8.891E+11,5.25161E+11,194,670,2022
D01-OH-R2,D01,OH,R2,1.63026E+13,4.58728675,39.6,8.44575E+12,5.9786E+12,1.06508E+11,2.44875E+11,5670968958,9384497844,1.511E+12,9.20366E+11,252,977,2412
D01-OH-R3,D01,OH,R3,4.9406E+12,4.597646345,4.64,2.83129E+12,1.52903E+12,49772495582,69717237516,1561935624,2840596339,4.56171E+11,2.92523E+11,152,492,1680
D01-OR-R1,D01,OR,R1,1.47507E+12,4.352061337,48.4,6.41263E+11,6.35994E+11,13227844206,30574474284,353418125.6,893594252.7,1.52691E+11,89326659641,93,258,948
D01-OR-R2,D01,OR,R2,3.06477E+12,4.485716776,58,1.59537E+12,1.06191E+12,35647925084,59877376815,720623895.2,2078183412,3.09006E+11,1.9085E+11,131,392,1462
D01-OR-R3,D01,OR,R3,3.90655E+12,4.614335646,102,2.24756E+12,1.19753E+12,53570577516,51176064325,736242078.1,2773661154,3.53024E+11,2.26157E+11,143,432,1563
D01-ZF-R1,D01,ZF,R1,1.0323E+13,4.60863841,35,5.82131E+12,3.25507E+12,1.05367E+11,1.72456E+11,3519191193,6240964546,9.58508E+11,6.382E+11,214,764,2278
D01-ZF-R2,D01,ZF,R2,1.34427E+12,4.68778945,9.92,9.1539E+11,2.74968E+11,18709705093,14843744340,418811154.3,901356633.2,1.18973E+11,85125358819,96,247,919
D01-ZF-R3,D01,ZF,R3,6.01884E+11,4.537551392,10.3,2.85739E+11,2.45076E+11,3263779206,10930987650,370622474,310552918.1,56167128619,34302091777,70,161,520
D01-ZH-R1,D01,ZH,R1,8273042954,4.575243355,5,4610487258,2629741690,96878830.68,138242315.5,3065223.519,5185631.465,789031883.8,515428456.1,13,40,83
D01-ZH-R2,D01,ZH,R2,2.33239E+11,4.569371389,4.88,1.3539E+11,68632624368,2062116213,3436739790,136577710.9,160231086.6,23407490604,16063543196,58,116,344
D01-ZH-R3,D01,ZH,R3,2.21067E+11,4.567729639,3.48,1.12874E+11,81481296051,1311326973,3567502457,98352314.69,125673953.1,21597196786,13800516880,54,111,312
D01-ZR-R1,D01,ZR,R1,8.42831E+11,4.549462411,9.32,5.12086E+11,2.24127E+11,12657865409,12396789452,341955227.2,507237782.2,80671400827,56430966281,82,204,695
D01-ZR-R2,D01,ZR,R2,52212092184,4.588679689,11,31225657793,14547751271,676659416.1,697778318.7,21443036.39,31065555.32,5008966922,3471556435,32,70,160
D01-ZR-R3,D01,ZR,R3,90545652883,4.708748544,5,60615143021,20116791294,1177992074,929591294,25508353.1,59551351.11,7616957520,5282857586,41,84,198
D02-NF-R1,D02,NF,R1,1.42936E+12,4.543064107,153.2,6.53468E+11,5.79167E+11,10063472376,9585560394,14850110819,1249112044,1.60887E+11,1.0407E+11,85,232,908
D02-NF-R2,D02,NF,R2,1.70417E+12,4.640558393,104,9.88957E+11,4.86816E+11,34159414756,11663423737,11585250956,1230008019,1.69663E+11,1.17018E+11,92,264,1018
D02-NF-R3,D02,NF,R3,2.88098E+12,4.629363285,143.2,1.63128E+12,8.59163E+11,56980900116,20991327388,20389054367,2030540931,2.89994E+11,1.97134E+11,118,361,1384
D02-OF-R1,D02,OF,R1,4.42754E+12,4.539933311,42.6,1.52909E+12,2.34213E+12,40226004680,30544497036,32810646755,3310270503,4.49241E+11,2.46822E+11,124,403,1418
D02-OF-R2,D02,OF,R2,3.76079E+13,4.615519712,4.92,1.92405E+13,1.36151E+13,6.31266E+11,2.19039E+11,2.07089E+11,22702655078,3.6704E+12,2.29872E+12,393,1403,2763
D02-OF-R3,D02,OF,R3,3.6892E+12,4.641039764,110,1.82753E+12,1.41149E+12,50559823390,21615822482,14144832107,2567904680,3.61123E+11,2.19995E+11,122,392,1413
D02-OH-R1,D02,OH,R1,9.27989E+12,4.626937316,80.2,4.9174E+12,3.16289E+12,1.34823E+11,55832527574,61506744905,7029677474,9.39882E+11,6.43384E+11,196,700,2027
D02-OH-R2,D02,OH,R2,27438245277,4.620559328,62,13834567344,9974824930,323288245,176160069.5,201971990.3,20653843.58,2905240838,1911793569,23,53,111
D02-OH-R3,D02,OH,R3,5.01351E+12,4.629270717,89.6,2.1782E+12,2.18225E+12,39274567355,32450644820,42103577366,2494352809,5.36479E+11,3.31617E+11,131,458,1529
D02-OR-R1,D02,OR,R1,1.49156E+13,4.569566185,79.6,5.91255E+12,7.11086E+12,1.15571E+11,1.05242E+11,1.19402E+11,11241736338,1.53996E+12,9.0956E+11,240,886,2263
D02-OR-R2,D02,OR,R2,3.93158E+13,4.56444081,98.2,1.5099E+13,1.92321E+13,2.33335E+11,2.99236E+11,3.29244E+11,30343909625,4.09048E+12,2.38703E+12,411,1437,2730
D02-OR-R3,D02,OR,R3,5.77686E+12,4.620859581,112,2.9766E+12,2.06756E+12,88687930872,35113401391,30892494776,4225324563,5.73479E+11,3.67362E+11,154,514,1732
D02-ZF-R1,D02,ZF,R1,4.28485E+12,4.562874176,19,2.17045E+12,1.60862E+12,54350795211,25168780563,34741923534,2485910682,3.88836E+11,2.67616E+11,120,408,1492
D02-ZF-R2,D02,ZF,R2,2.12704E+12,4.58016007,8.8,1.20276E+12,6.63238E+11,38672035012,11916450894,13443693647,1364056648,1.95538E+11,1.39744E+11,100,282,1077
D02-ZF-R3,D02,ZF,R3,1.29968E+12,4.582844955,12.4,7.95668E+11,3.40894E+11,29513492482,6797832196,8572809511,789812616.9,1.17382E+11,85887108166,88,220,799
D02-ZH-R1,D02,ZH,R1,7.13482E+11,4.47004546,7.34,3.33104E+11,2.87976E+11,7110375003,6244405067,10407601203,511913754.7,68088817224,48018379507,73,156,555
D02-ZH-R2,D02,ZH,R2,9.03636E+11,4.478611876,3.2,4.62281E+11,3.17164E+11,14512092256,7490228468,14068539688,693080189.4,87377764151,62815576380,80,191,703
D02-ZH-R3,D02,ZH,R3,1.4073E+11,4.501208973,4.44,74699040732,47789139237,2691272927,997474565.4,1616489020,94197550.89,12835126711,9183776846,46,91,233
D02-ZR-R1,D02,ZR,R1,7.59126E+11,4.546578705,12.4,4.10946E+11,2.51482E+11,13014646158,4928100408,6895429626,492645762.1,71326568616,51775049045,75,173,597
D02-ZR-R2,D02,ZR,R2,1.93285E+12,4.492525386,5.68,8.95277E+11,7.84167E+11,24660029568,13239177650,22389748542,1211460654,1.91797E+11,1.24966E+11,96,256,998
D02-ZR-R3,D02,ZR,R3,3.76335E+11,4.502011079,2.16,1.71875E+11,1.56388E+11,5267514378,2477917418,4887128331,220400058.8,35202153175,23253883501,63,119,372
D03-NF-R1,D03,NF,R1,8.43182E+11,4.788781087,46.6,6.04995E+11,1.16417E+11,48531474928,3940389394,2944494003,760066462.4,64806275083,52904316484,72,214,761
D03-NF-R2,D03,NF,R2,7.57425E+12,4.629671133,109.2,4.36306E+12,2.11602E+12,4.36682E+11,36369186185,10543883920,4896072742,6.03773E+11,4.56796E+11,193,665,2062
D03-NF-R3,D03,NF,R3,2.54971E+12,4.658635121,27,1.51687E+12,6.82229E+11,1.3343E+11,11847969974,4780567721,1760202788,1.97758E+11,1.52727E+11,109,356,1339
D03-OF-R1,D03,OF,R1,9.05312E+12,4.457539334,41,3.95163E+12,3.80043E+12,4.42905E+11,51684056328,14509101462,6431326920,7.83067E+11,5.78582E+11,212,790,2190
D03-OF-R2,D03,OF,R2,3.01075E+12,4.395748492,26.2,1.13297E+12,1.49281E+12,1.04592E+11,16454008024,5208250201,1877514975,2.56223E+11,1.84391E+11,112,373,1409
D03-OF-R3,D03,OF,R3,586339143,4.460795142,31.2,251233749.1,258369786.4,22907161.42,3043494.38,1076952.378,368737.6867,49174729.29,35761626.78,2,13,30
D03-OH-R1,D03,OH,R1,5.71842E+12,4.465382506,38.8,2.48646E+12,2.48737E+12,2.54132E+11,33084262831,9512658482,3801974117,4.43021E+11,3.31671E+11,153,535,1829
D03-OH-R2,D03,OH,R2,2.5147E+12,4.477203931,28,1.01687E+12,1.17565E+12,69705382262,16635818442,8103038898,1498077344,2.25942E+11,1.72047E+11,105,355,1342
D03-OH-R3,D03,OH,R3,3.56401E+11,4.506291267,35.6,1.46805E+11,1.65523E+11,9525348784,2230795042,1258531563,213557008.5,30793013860,23345425052,57,127,412
D03-OR-R1,D03,OR,R1,9.93592E+11,4.295434664,24,3.22488E+11,5.34014E+11,30510831383,7248817056,2510744879,670712008.8,95995583543,72339543570,76,220,854
D03-OR-R2,D03,OR,R2,1.12957E+11,4.369110468,37.8,45856354877,51043285038,5288150487,606037677.4,244346248.2,67869805.26,9819920942,7147428445,45,84,230
D03-OR-R3,D03,OR,R3,2.6026E+12,4.410526771,37.4,1.14487E+12,1.08231E+12,1.31018E+11,13650485420,5532661409,1600251252,2.22741E+11,1.63886E+11,113,341,1383
D03-ZF-R1,D03,ZF,R1,5.80057E+11,4.421716852,9.16,2.61831E+11,2.33579E+11,25486306687,3835419690,1707334956,361635006.9,53020148353,40393295874,69,167,619
D03-ZF-R2,D03,ZF,R2,2.29103E+11,4.538685312,8,1.23063E+11,73752122757,12731715399,1113591131,401088318.1,139592604,17808061937,13489681535,52,109,325
D03-ZF-R3,D03,ZF,R3,1390941373,4.533465525,14.3,704852089.5,505369124.9,62121402.57,6860376.251,2782628.992,872974.1755,107500061.2,81074637.98,3,22,49
D03-ZH-R1,D03,ZH,R1,3.9823E+11,4.318884391,5.2,1.5879E+11,1.78142E+11,19285193839,2653528343,1561491133,237296089,37500495294,28049734367,57,136,477
D03-ZH-R3,D03,ZH,R3,1.78915E+12,4.386005407,12.9,7.35106E+11,8.20194E+11,76411948901,9475543782,5195598673,993044371.9,1.41633E+11,1.0744E+11,93,272,1039
D03-ZR-R1,D03,ZR,R1,2.43605E+11,4.363712801,3.3,1.00471E+11,1.08296E+11,10820427347,1457820758,1168814558,127286943.2,21202428027,15877365363,49,109,325
D03-ZR-R2,D03,ZR,R2,3.46597E+11,4.352975234,3.04,1.43895E+11,1.46854E+11,20864274533,2087375530,984300184.4,191527437.1,31668790851,23856133870,56,125,420
D03-ZR-R3,D03,ZR,R3,2.07473E+11,4.232781586,8.54,66134382693,1.11729E+11,8484302547,1365463779,705560936.4,88698698.96,18938958948,13586048229,47,102,306
D04-NF-R1,D04,NF,R1,8.51472E+11,4.61876433,104,5.80209E+11,69553555023,79759423950,10744696670,39281573.36,1412180194,1.09678E+11,99039003312,88,252,1036
D04-NF-R2,D04,NF,R2,1.66214E+12,4.605192888,116,1.12295E+12,1.27987E+11,1.71402E+11,18544282299,81459560.74,2730612672,2.1828E+11,1.9634E+11,111,387,1596
D04-NF-R3,D04,NF,R3,2.26547E+13,4.605008864,96.6,1.56216E+13,1.52737E+12,2.50474E+12,2.14218E+11,1057787389,35099770039,2.74874E+12,2.44634E+12,426,1799,2696
D04-OF-R1,D04,OF,R1,1.03289E+13,4.556654902,21.6,6.80508E+12,9.19188E+11,1.18285E+12,1.11724E+11,439449182.1,17567204192,1.29117E+12,1.15099E+12,281,1127,2720
D04-OF-R2,D04,OF,R2,1.6187E+12,4.571838654,23.2,8.69435E+11,3.43992E+11,1.14598E+11,36376540602,79152085.81,4037080438,2.49997E+11,2.24465E+11,118,422,1671
D04-OF-R3,D04,OF,R3,1.57699E+12,4.546271575,18,9.66221E+11,2.12E+11,1.60841E+11,22146633723,72403109.96,2956854354,2.12602E+11,1.88081E+11,107,376,1548
D04-OH-R1,D04,OH,R1,5.54026E+13,4.842331837,83.2,3.49035E+13,8.70324E+12,1.9007E+12,9.80462E+11,4639294432,1.53681E+11,8.74933E+12,7.95058E+12,962,2440,2988
D04-OH-R2,D04,OH,R2,7.89343E+13,4.725269168,52.4,5.03003E+13,1.07733E+13,3.89538E+12,1.20723E+12,6664878716,2.155E+11,1.25254E+13,1.13644E+13,1201,2616,2868
D04-OH-R3,D04,OH,R3,2.30887E+12,4.681049049,16.5,1.45614E+12,2.99625E+11,1.62674E+11,37145584340,171687514.8,5736610680,3.4709E+11,3.14579E+11,138,538,1962
D04-OR-R1,D04,OR,R1,1.7895E+12,4.585208526,79.8,1.17648E+12,1.83964E+11,1.63492E+11,22433072195,92444771.77,3702573919,2.39155E+11,2.14695E+11,117,417,1617
D04-OR-R2,D04,OR,R2,1.86919E+13,4.779492848,25.8,1.15995E+13,2.91036E+12,7.76493E+11,3.42387E+11,1207552920,50936218047,3.00844E+12,2.73817E+12,495,1835,2813
D04-OR-R3,D04,OR,R3,5.31188E+12,4.589590303,45.4,3.49684E+12,5.11398E+11,5.17349E+11,65957857479,265615547,10886512755,7.08625E+11,6.36075E+11,199,842,2377
D04-ZF-R1,D04,ZF,R1,4.04535E+12,4.513663048,10.2,2.45237E+12,6.40815E+11,3.28861E+11,62994598104,220656361.5,7949525599,5.51753E+11,4.9699E+11,170,689,2233
D04-ZF-R2,D04,ZF,R2,1.23761E+12,4.523547664,6.84,7.53608E+11,1.95695E+11,1.02721E+11,20370822039,61936149.34,2154927552,1.62885E+11,1.46216E+11,99,327,1320
D04-ZF-R3,D04,ZF,R3,9.27329E+11,4.51210512,7.32,5.62644E+11,1.54493E+11,77775051921,13608017335,40907034.85,1461874575,1.17229E+11,1.04577E+11,94,256,1112
D04-ZH-R1,D04,ZH,R1,2.31686E+12,4.475588144,9.32,1.33735E+12,4.47661E+11,1.46055E+11,45053917015,137057598,5081662501,3.3526E+11,3.0467E+11,134,513,1882
D04-ZH-R2,D04,ZH,R2,2.0977E+11,4.487576318,3.8,1.22471E+11,40202644425,12847640115,3767761960,13411523.59,504027345,29942075682,27073047201,60,127,472
D04-ZH-R3,D04,ZH,R3,5.69626E+11,4.467984432,10,3.31142E+11,1.00362E+11,45070131585,11406046753,33556246.2,1350580854,80204072891,72271126648,85,212,906
D04-ZR-R1,D04,ZR,R1,8.11947E+11,4.514360373,9.08,4.69819E+11,1.63075E+11,39326023215,17404076213,47285057.71,1670495348,1.20512E+11,1.09883E+11,94,270,1152
D04-ZR-R2,D04,ZR,R2,1.48978E+12,4.514551069,5.4,9.13548E+11,2.38335E+11,97846200785,25291398119,83109115.34,3197452907,2.11318E+11,1.91786E+11,111,385,1578
D04-ZR-R3,D04,ZR,R3,3.98683E+12,4.535650385,16.6,2.4456E+12,6.39631E+11,2.63152E+11,73521516847,240269486.2,8654115905,5.55599E+11,5.04836E+11,174,720,2208
D05-NF-R1,D05,NF,R1,1.29669E+12,4.733213312,87.4,5.92339E+11,3.54139E+11,77258407408,32843672250,3893310745,1761822351,2.34359E+11,1.80633E+11,104,366,1215
D05-NF-R2,D05,NF,R2,3.33194E+11,4.679031795,26,1.76768E+11,53411371423,26460241466,5014709683,525967503.4,526696728.9,70455972839,59925412289,67,184,722
D05-NF-R3,D05,NF,R3,8.70532E+11,4.701943864,129.2,4.27086E+11,1.75211E+11,66379485973,21005394058,1503479719,1311881657,1.77961E+11,1.44913E+11,90,321,1092
D05-OF-R1,D05,OF,R1,1.04146E+13,4.704237739,84.8,3.95491E+12,4.01012E+12,6.3496E+11,2.27519E+11,17615308251,11625833739,1.55733E+12,1.07235E+12,278,975,2120
D05-OF-R2,D05,OF,R2,6.03056E+12,4.695736026,79.2,2.53314E+12,1.97587E+12,4.2987E+11,1.21455E+11,8317380087,7223278689,9.54314E+11,6.85499E+11,211,803,1965
D05-OF-R3,D05,OF,R3,1.71211E+12,4.709813235,81.8,7.41862E+11,5.5261E+11,1.18473E+11,30588662950,2362469501,1964855421,2.64151E+11,1.88874E+11,105,385,1215
D05-OH-R1,D05,OH,R1,7.41051E+12,4.694000961,68.4,3.0576E+12,2.43373E+12,4.65218E+11,1.56712E+11,14458406527,10199340078,1.27205E+12,9.50104E+11,255,960,2115
D05-OH-R2,D05,OH,R2,3.22872E+12,4.763346223,50.4,1.18814E+12,1.25877E+12,1.37981E+11,76255466044,7365124326,4482007418,5.55519E+11,4.00958E+11,139,608,1589
D05-OH-R3,D05,OH,R3,2.70811E+12,4.840513253,42.8,8.014E+11,1.31582E+12,52987817836,71619605456,7862739706,3584804091,4.54701E+11,3.10802E+11,127,518,1393
D05-OR-R1,D05,OR,R1,9.88649E+12,4.783278466,60,3.24792E+12,4.59707E+12,3.83893E+11,2.72212E+11,26044061326,10330931400,1.34855E+12,8.21478E+11,235,897,2185
D05-OR-R2,D05,OR,R2,2.1614E+12,4.700916111,64.4,9.28879E+11,7.00787E+11,1.35391E+11,44480719175,3870866862,2725563504,3.4511E+11,2.42652E+11,120,446,1485
D05-OR-R3,D05,OR,R3,6.83441E+12,4.735249285,82.2,2.96304E+12,2.21795E+12,4.68914E+11,1.40448E+11,12907460854,8159749283,1.02259E+12,7.25128E+11,221,826,2095
D05-ZF-R1,D05,ZF,R1,2.64172E+12,4.674732211,15.4,1.20864E+12,7.75342E+11,1.82248E+11,55362835966,4940075974,3076195388,4.11957E+11,3.11658E+11,133,533,1469
D05-ZF-R2,D05,ZF,R2,1.14392E+11,4.700174949,4.52,45986052744,40958579996,6531481732,2902641940,204360898.3,128291553.6,17674589421,12530540506,42,92,301
D05-ZF-R3,D05,ZF,R3,1.70006E+11,4.703950885,10.4,77716833042,50343341682,11043391456,3884776413,294745983.4,203006595.8,26510153913,20120701828,52,109,397
D05-ZH-R1,D05,ZH,R1,9.78545E+11,4.669754354,10.1,3.66369E+11,3.62917E+11,52671418780,27594382842,4083096393,1310750766,1.6353E+11,1.22808E+11,89,292,1064
D05-ZH-R2,D05,ZH,R2,5.82202E+11,4.685718863,9.44,1.99731E+11,2.42769E+11,27339671679,16506280427,2413894946,720146991.3,92688996536,67025291404,77,199,758
D05-ZH-R3,D05,ZH,R3,8501857470,4.745907915,7.2,3105125097,3375055264,357284105,222158116,44649990.8,11603124.43,1385504025,1040213026,12,41,87
D05-ZR-R1,D05,ZR,R1,3.84241E+11,4.622387419,11.8,1.47808E+11,1.36328E+11,24781380895,10933358089,1098239075,470411404.3,62798331833,47061116418,66,162,653
D05-ZR-R2,D05,ZR,R2,8.67642E+11,4.613541429,6.42,3.4832E+11,2.88416E+11,62025314764,22017726754,2149771005,1071380701,1.43589E+11,1.06693E+11,84,276,984
D05-ZR-R3,D05,ZR,R3,3.77641E+11,4.704729828,9.38,1.38852E+11,1.56634E+11,16542606955,9356775161,1660976019,433873042.2,54143756382,38197664999,64,143,575
D06-NF-R1,D06,NF,R1,4.94437E+12,4.66671385,140.8,3.0044E+12,1.04167E+12,4.40439E+11,9921161102,1466073142,2508955335,4.43781E+11,2.75101E+11,128,465,1699
D06-NF-R2,D06,NF,R2,1.11563E+12,4.674687443,12.8,6.19174E+11,3.0321E+11,82676948020,2293869739,884741033.4,527955527.7,1.06822E+11,60994135606,72,201,756
D06-NF-R3,D06,NF,R3,1.49583E+13,4.651189802,13.4,8.45877E+12,3.85836E+12,1.17958E+12,30637743725,9722513001,7060628501,1.41362E+12,8.38557E+11,234,914,2354
D06-OF-R1,D06,OF,R1,1.07064E+13,4.490133158,37.2,3.55583E+12,5.6398E+12,4.57268E+11,32443086297,4998530793,4075957518,1.01178E+12,4.20102E+11,157,600,1964
D06-OF-R2,D06,OF,R2,5.96819E+12,4.488166997,29,2.13605E+12,2.93242E+12,3.01346E+11,22721779518,2065643449,2176356208,5.71286E+11,2.28836E+11,122,435,1544
D06-OF-R3,D06,OF,R3,1.85397E+13,4.576688685,7.12,9.6423E+12,5.63518E+12,1.46471E+12,39131851013,6361280442,8215259703,1.74313E+12,9.36374E+11,258,961,2507
D06-OH-R1,D06,OH,R1,1.31612E+13,4.545505987,102,6.57675E+12,4.44202E+12,7.74378E+11,29576934846,8369734149,6424693562,1.32326E+12,7.43806E+11,219,851,2171
D06-OH-R2,D06,OH,R2,8.82331E+12,4.571609413,54.8,4.39354E+12,3.0952E+12,4.48191E+11,20967887334,6490676311,4109026101,8.54509E+11,4.7784E+11,169,647,1915
D06-OH-R3,D06,OH,R3,3.03567E+12,4.557710205,94.8,1.59343E+12,9.37342E+11,2.03176E+11,6667453670,1729819519,1447367821,2.91775E+11,1.70521E+11,107,330,1265
D06-OR-R1,D06,OR,R1,4.57226E+12,4.533452573,44.6,1.61153E+12,2.35762E+12,1.17627E+11,10752689389,3391073699,1921403168,4.69291E+11,2.16444E+11,109,390,1465
D06-OR-R2,D06,OR,R2,1.44601E+12,4.499601986,66.4,5.52159E+11,6.90927E+11,52666621485,3542707274,981319457.8,585792668.8,1.45111E+11,70049741062,76,211,812
D06-OR-R3,D06,OR,R3,7.58084E+12,4.554841571,116,3.83294E+12,2.52072E+12,4.89643E+11,18630826375,3385152830,3362844849,7.11926E+11,3.83295E+11,155,570,1769
D06-ZF-R1,D06,ZF,R1,1.28965E+12,4.480728782,8.5,6.01972E+11,4.57585E+11,1.01172E+11,2823901503,1429051462,591330166.9,1.24034E+11,70960922332,77,215,808
D06-ZF-R2,D06,ZF,R2,1.11139E+12,4.527011194,10.4,5.70233E+11,3.42678E+11,91108498619,2302777508,871781316.1,520718375.1,1.03635E+11,60767162140,74,202,755
D06-ZF-R3,D06,ZF,R3,1.97851E+12,4.618734421,19.9,1.29122E+12,3.44462E+11,1.79144E+11,3747431395,1002759378,932397810.2,1.57931E+11,99046751156,86,251,929
D06-ZH-R1,D06,ZH,R1,3.14881E+11,4.455324884,6.06,1.2207E+11,1.53618E+11,5351111403,858813795.1,617401838.8,141173361.2,32214959757,17709329287,49,102,348
D06-ZH-R2,D06,ZH,R2,19286729622,4.379712931,1.74,8175767920,7592800873,1414931683,54628291.93,33280275.65,9041333.263,2005569132,1097092961,18,51,90
D06-ZH-R3,D06,ZH,R3,37842296989,4.454676768,2.16,16702508970,14907414683,2286342586,91538428.58,53867588.71,16575169.54,3782847522,2023263139,23,59,112
D06-ZR-R1,D06,ZR,R1,7.67926E+11,4.378510703,8.84,3.93397E+11,2.0368E+11,88995304779,1817073841,831318646.6,407465943.3,78767417009,50596051916,65,178,664
D06-ZR-R2,D06,ZR,R2,4.98115E+11,4.361541411,3.42,1.83258E+11,2.37148E+11,20814787064,1243344302,1235934267,243936174,54155615533,29851756906,61,131,462
D06-ZR-R3,D06,ZR,R3,1.26774E+11,4.35682737,2.28,61759293697,37187680286,14453271739,285041398.3,156240814,62602889.6,12865046048,8046889763,39,77,223
D07-NF-R1,D07,NF,R1,1.79093E+12,4.502333663,61.4,1.20908E+12,3.62871E+11,58396823072,17934879985,1505802465,1047762851,1.40018E+11,95973189829,96,280,1054
D07-NF-R2,D07,NF,R2,1.89406E+12,4.605157377,34.6,1.11209E+12,4.73194E+11,49481452246,84696764468,1459654379,1188845002,1.7187E+11,1.1339E+11,98,308,1177
D07-NF-R3,D07,NF,R3,59146492791,4.577847092,26.4,38427216820,11299132702,1822653290,2073468192,36137071.52,39111383.6,5445721673,3778740455,37,72,178
D07-OF-R1,D07,OF,R1,1.70512E+13,4.672669815,85.8,1.04172E+13,4.19781E+12,2.97854E+11,7.79923E+11,3802292337,9891523765,1.34407E+12,8.27783E+11,266,997,2458
D07-OF-R2,D07,OF,R2,5.58178E+12,4.720326336,78.8,2.75253E+12,1.90754E+12,71868623020,3.64088E+11,1504037743,3057725684,4.80994E+11,2.62084E+11,154,530,1717
D07-OF-R3,D07,OF,R3,1.36063E+12,4.692436771,8.88,8.44414E+11,3.26946E+11,22342312333,59984367950,274515817.5,751562276,1.05867E+11,63730779749,81,246,871
D07-OH-R1,D07,OH,R1,5.96506E+13,4.702310717,132.8,3.85988E+13,1.2958E+13,8.23789E+11,2.35341E+12,15139773138,36705001110,4.8623E+12,3.1447E+12,587,1936,2765
D07-OH-R2,D07,OH,R2,1.43157E+13,4.706214056,66.6,8.71442E+12,3.50579E+12,2.2653E+11,6.69831E+11,4324439754,8731717802,1.18543E+12,7.36722E+11,251,929,2315
D07-OH-R3,D07,OH,R3,3.75808E+12,4.720510421,150.8,2.17796E+12,1.00037E+12,49921889024,2.04159E+11,541716540.1,1863820412,3.23104E+11,1.95559E+11,125,433,1667
D07-OR-R1,D07,OR,R1,2.15921E+12,4.631335562,106,1.41344E+12,4.49672E+11,42768552872,77521418049,542077691,1377537932,1.73805E+11,1.10469E+11,97,305,1163
D07-OR-R2,D07,OR,R2,2.56408E+12,4.686800697,22.8,1.05138E+12,1.04457E+12,22098914094,2.01184E+11,831569522.3,1575876333,2.42341E+11,1.25263E+11,105,334,1199
D07-OR-R3,D07,OR,R3,2.0133E+12,4.686680554,47.2,1.16802E+12,5.41294E+11,30628892032,1.05506E+11,428272680.9,1199820871,1.66149E+11,97945534841,94,293,1064
D07-ZF-R1,D07,ZF,R1,2.24471E+12,4.678020614,16.2,1.28702E+12,6.22042E+11,28904357486,1.09077E+11,858990792.9,1402765648,1.95306E+11,1.25705E+11,102,326,1267
D07-ZF-R2,D07,ZF,R2,8.12052E+11,4.631170429,9.26,4.18958E+11,2.65889E+11,8854285853,41488607086,290357957.7,412690942.2,76122515534,43506032183,73,180,686
D07-ZF-R3,D07,ZF,R3,3.91944E+11,4.691816564,13.2,2.45046E+11,93321035328,5538489446,16200711235,126388662.1,227008478.3,31470089895,19672270289,53,133,422
D07-ZH-R1,D07,ZH,R1,4.16216E+11,4.700719445,7.66,2.10812E+11,1.39382E+11,2733369340,23680594118,185026846.7,273503733.1,39131003011,23303368066,56,133,484
D07-ZH-R2,D07,ZH,R2,4.68994E+11,4.697497392,4.86,2.19975E+11,1.70283E+11,2068441863,29626452144,233803867.4,317930901.2,46466351559,26870985446,57,148,556
D07-ZH-R3,D07,ZH,R3,1.0931E+12,4.658952281,11.1,6.54727E+11,2.74553E+11,16636152430,52296177852,393568424.1,720496345.3,93723203150,60686173883,82,230,852
D07-ZR-R1,D07,ZR,R1,1.63756E+12,4.747917996,6.76,8.19989E+11,5.58932E+11,10928488612,96878203663,685217657.2,981411790.3,1.49097E+11,88220228203,88,270,1007
D07-ZR-R2,D07,ZR,R2,89945944469,4.604204745,1,48240624830,28179665000,1012557419,4541952303,32151528.14,50896390.64,7884465221,4668333630,38,77,196
D07-ZR-R3,D07,ZR,R3,1.59147E+12,4.640664807,11.3,9.63305E+11,3.97098E+11,24671190920,71879967865,524436854.6,956482641,1.32975E+11,83142274808,88,261,989
D08-NF-R1,D08,NF,R1,2.11056E+13,4.572967948,100,1.07496E+13,7.61113E+12,4.88178E+11,2.33672E+11,43600979583,12081850504,1.96646E+12,1.34857E+12,309,1275,2640
D08-NF-R2,D08,NF,R2,2.13888E+11,4.594574891,112,1.07889E+11,78765114162,4229020977,2156692060,655742155.6,133212137.1,20052124607,13712568033,44,103,313
D08-NF-R3,D08,NF,R3,7.01937E+12,4.615138628,112,4.24893E+12,1.83422E+12,2.15275E+11,62735318533,14852918163,4428397522,6.38635E+11,4.78013E+11,173,644,2051
D08-OF-R1,D08,OF,R1,3.92821E+12,4.519247448,90.2,1.95085E+12,1.51428E+12,81193712253,33891114729,6526965250,2157483641,3.39162E+11,2.23962E+11,125,422,1617
D08-OF-R2,D08,OF,R2,2.9047E+13,4.520282665,139.2,1.32557E+13,1.25015E+13,4.58649E+11,2.42216E+11,49234018566,14685256397,2.52413E+12,1.51773E+12,338,1264,2611
D08-OF-R3,D08,OF,R3,1.67312E+13,4.482312388,5.22,7.18295E+12,7.6284E+12,2.77137E+11,1.48641E+11,23824723872,8690911713,1.461E+12,8.93073E+11,253,1013,2598
D08-OH-R1,D08,OH,R1,1.05834E+13,4.497571683,100,3.77705E+12,5.55867E+12,59022920601,1.06844E+11,51530822313,4833085194,1.02512E+12,6.44449E+11,187,738,2071
D08-OH-R2,D08,OH,R2,3.9598E+12,4.495049027,91,1.72684E+12,1.74052E+12,52113438086,40991805685,15116477372,2151070369,3.81915E+11,2.54652E+11,125,428,1573
D08-OH-R3,D08,OH,R3,1.42384E+12,4.498924406,5.16,5.16233E+11,7.40947E+11,8436695997,14981017369,6173294644,605588566.1,1.36422E+11,87149429914,83,230,859
D08-OR-R1,D08,OR,R1,7.64103E+12,4.43305307,104.8,3.10614E+12,3.634E+12,86967912207,85125507963,34559114111,3899205551,6.90091E+11,4.25676E+11,158,592,1998
D08-OR-R2,D08,OR,R2,2.76859E+12,4.463391292,4.18,1.17312E+12,1.24957E+12,49236889849,29997019359,6734080307,1350480440,2.5849E+11,1.64191E+11,106,344,1322
D08-OR-R3,D08,OR,R3,2.13353E+13,4.439727662,89,8.1885E+12,1.0578E+13,2.47134E+11,2.60322E+11,90297430418,10185530848,1.96024E+12,1.17885E+12,281,1133,2673
D08-ZF-R1,D08,ZF,R1,3.05117E+12,4.54165128,14.2,1.3803E+12,1.3464E+12,39972265333,25439700235,13678225845,1473788211,2.43818E+11,1.51888E+11,105,328,1298
D08-ZF-R2,D08,ZF,R2,1.4803E+11,4.592336452,7.02,82685048375,45440898580,2908960896,968104768.1,564738341.8,94553922.77,15361903458,11914216687,42,85,241
D08-ZF-R3,D08,ZF,R3,1.79952E+12,4.565327478,5.76,9.96225E+11,5.95665E+11,35280457253,11983965511,7144772452,999108524.3,1.52155E+11,1.11185E+11,92,266,1030
D08-ZH-R1,D08,ZH,R1,19680527904,4.436075189,1.8,8140568065,8662397938,391116581.3,198731750.3,183566138.3,11599542.19,2091859568,1468013701,19,47,101
D08-ZH-R2,D08,ZH,R2,69189434761,4.44614943,4.26,24662084142,35280307736,486852936.4,713284919.6,389286237.9,40219188.59,7614862174,4858710146,32,65,150
D08-ZH-R3,D08,ZH,R3,20780109135,4.390116117,4.36,7401215340,10110167638,265934562.2,222730995.5,193899586.5,11813352.82,2573776328,1863724497,18,46,101
D08-ZR-R1,D08,ZR,R1,5.59643E+11,4.392608486,10.5,1.84849E+11,3.12837E+11,4337479507,5263681988,4856391495,239203312.4,47244508172,28773478274,61,123,455
D08-ZR-R2,D08,ZR,R2,61376460020,4.494109887,3.18,31561402035,21681702559,1220371216,532082878.9,308149857,36051161.8,6034699726,4392434896,35,67,145
D08-ZR-R3,D08,ZR,R3,9.04439E+11,4.398252996,12.3,3.68301E+11,4.26147E+11,18698360726,8514698041,3848635770,383542391.6,78515996585,46834540824,76,180,688
D09-NF-R1,D09,NF,R1,3.26137E+12,4.757638949,99.6,1.93801E+12,6.66815E+11,2.10254E+11,1.0583E+11,1848421841,2422369756,3.35971E+11,2.54748E+11,123,437,1489
D09-NF-R2,D09,NF,R2,3.25706E+12,4.74316757,134,1.85494E+12,7.17277E+11,1.90087E+11,1.33639E+11,3092516905,2631199541,3.55145E+11,2.7203E+11,127,453,1535
D09-NF-R3,D09,NF,R3,1.65138E+12,4.729501743,169.6,9.01862E+11,3.8229E+11,1.247E+11,75916949091,1641522672,1014738525,1.63857E+11,1.21922E+11,98,284,1062
D09-OF-R1,D09,OF,R1,7.47078E+12,4.50761654,62.2,2.64184E+12,3.29995E+12,2.52505E+11,3.26628E+11,8711623642,6889301758,9.33804E+11,6.94258E+11,185,722,1985
D09-OF-R2,D09,OF,R2,1.97441E+11,4.452688821,35.4,54190105597,1.03776E+11,4510350320,8947193844,229371586.8,182215253.6,25594973887,19034791159,52,109,326
D09-OF-R3,D09,OF,R3,4.9679E+12,4.666396848,108,2.52909E+12,1.479E+12,2.45513E+11,1.50636E+11,2922062967,3831255748,5.56602E+11,4.1262E+11,154,552,1691
D09-OH-R1,D09,OH,R1,2.16609E+13,4.673006859,91.8,1.05102E+13,7.04011E+12,7.93636E+11,8.17495E+11,23806465946,19477258221,2.45465E+12,1.90893E+12,370,1324,2668
D09-OH-R2,D09,OH,R2,6.57305E+12,4.741217287,8.12,3.29516E+12,2.01959E+12,2.39291E+11,2.7575E+11,5966698852,5011364376,7.31874E+11,5.52755E+11,177,687,1885
D09-OH-R3,D09,OH,R3,2.90514E+13,4.740975669,76.6,1.44818E+13,8.83878E+12,9.84592E+11,1.28465E+12,24646037212,25643711150,3.40951E+12,2.58935E+12,427,1454,2603
D09-OR-R1,D09,OR,R1,9.36493E+12,4.605007743,57.4,3.47545E+12,3.98046E+12,2.69321E+11,4.30174E+11,5926376538,7720024491,1.19541E+12,8.64997E+11,214,794,2077
D09-OR-R2,D09,OR,R2,1.34231E+13,4.603041767,46.4,6.15977E+12,4.33968E+12,7.07448E+11,6.42806E+11,8993591902,10792467526,1.55289E+12,1.14785E+12,258,997,2187
D09-OR-R3,D09,OR,R3,3.22627E+12,4.627469469,90.4,1.49574E+12,1.07561E+12,1.41116E+11,1.31469E+11,2152425282,2634043317,3.77357E+11,2.80974E+11,125,444,1405
D09-ZF-R1,D09,ZF,R1,80576894048,4.644170606,5.64,41770629151,22257388201,5076014934,2458649261,88380939.9,68559151.62,8851922035,6825075321,41,85,204
D09-ZF-R2,D09,ZF,R2,1.82398E+11,4.64895251,6.22,91944212893,53710584822,10184368686,6570674606,185909415.5,137280660.7,19653887999,14843155303,46,106,309
D09-ZF-R3,D09,ZF,R3,2.22215E+11,4.657003824,5.3,1.01869E+11,74994045628,8247528823,10526259192,325098898.1,176288957.6,26062821783,20082889037,51,111,345
D09-ZH-R1,D09,ZH,R1,18180783886,4.653805236,3.76,7700433074,6882220758,520073494.1,769137378.3,30494793.55,15372354.14,2262012692,1728343175,22,51,108
D09-ZH-R2,D09,ZH,R2,94493786068,4.629414498,4.7,37721526363,36466515801,2500363356,5078779489,205718413.4,87729459.28,12427637704,9762732907,40,89,221
D09-ZH-R3,D09,ZH,R3,1.44988E+11,4.645655198,2.6,50708079797,64595905089,1505282924,7642319851,336653086.9,136237124.5,20055051828,15611485510,43,98,274
D09-ZR-R1,D09,ZR,R1,8482548528,4.538273372,3.18,2965026907,3830385581,203617189.7,379132850.7,16158204.85,7232761.976,1080535383,808998949,13,40,82
D09-ZR-R2,D09,ZR,R2,1.74594E+11,4.693765362,3.14,81941362008,57912735172,6767247409,7156929944,260238946.4,138747492,20407264157,15703208641,47,106,299
D09-ZR-R3,D09,ZR,R3,63719603548,4.624150211,2.64,26975034888,23906375454,2337775968,2826906449,114299400,51787967.61,7503971900,5722855942,40,77,169
D10-NF-R1,D10,NF,R1,2.08213E+12,4.595630928,83.8,1.06695E+12,6.67654E+11,1.48819E+11,4294141108,215795696.4,992466953.6,1.93131E+11,1.06604E+11,92,255,958
D10-NF-R2,D10,NF,R2,2.92112E+11,4.585483447,7.16,1.168E+11,1.25471E+11,17205140290,846463846.7,42605857.32,132322545.1,31604698125,16765964295,49,110,313
D10-NF-R3,D10,NF,R3,55175675.9,4.588624514,6.98,26002785.38,20090367,3602225.207,111093.0739,4762.880247,22248.58061,5340267.105,2845494.911,0,3,9
D10-OF-R1,D10,OF,R1,2.2137E+12,4.585242984,28.4,6.13543E+11,1.29917E+12,68942763800,4563610399,143504852,779408636.8,2.26499E+11,91215675762,82,221,821
D10-OF-R2,D10,OF,R2,3.40437E+12,4.576450875,8.48,1.36778E+12,1.49157E+12,1.90886E+11,8109278028,206921538.5,1354780406,3.44347E+11,1.68393E+11,110,323,1187
D10-OF-R3,D10,OF,R3,2.81959E+12,4.582507137,55.4,1.05717E+12,1.3503E+12,1.22682E+11,6029752976,144039013.5,1104123746,2.82078E+11,1.26608E+11,94,271,979
D10-OH-R1,D10,OH,R1,4.40073E+12,4.575283288,44,1.88679E+12,1.8495E+12,2.17973E+11,11027887074,430457492.8,2148224964,4.32699E+11,2.36185E+11,124,389,1406
D10-OH-R2,D10,OH,R2,4.31807E+12,4.57783751,18.4,1.5495E+12,2.13516E+12,1.58939E+11,12228750272,522003848.7,1753381090,4.59833E+11,2.11511E+11,117,359,1215
D10-OH-R3,D10,OH,R3,4.69166E+12,4.575752811,37.4,1.56778E+12,2.46194E+12,1.5251E+11,13918346241,524154352.6,1952945895,4.92878E+11,2.19421E+11,119,386,1339
D10-OR-R1,D10,OR,R1,2.60683E+12,4.567861069,33.2,9.57951E+11,1.2694E+12,1.01165E+11,5618297315,215811676.6,1028096538,2.71362E+11,1.25937E+11,93,267,996
D10-OR-R2,D10,OR,R2,3.25301E+12,4.565806393,34.6,1.08902E+12,1.7045E+12,1.08878E+11,6702207244,243129020.3,1202450905,3.42367E+11,1.46527E+11,101,300,1118
D10-OR-R3,D10,OR,R3,8.18936E+12,4.57702505,83.2,3.11778E+12,3.89957E+12,3.33472E+11,18949947401,531805658.2,3241065838,8.15565E+11,3.80599E+11,146,499,1640
D10-ZF-R1,D10,ZF,R1,56511974571,4.579564962,2.92,21262710636,27843246279,1666354198,219975458.2,6600164.915,21911033.55,5489498824,2632672772,31,55,130
D10-ZF-R2,D10,ZF,R2,3.42453E+11,4.57864506,4,1.44922E+11,1.49814E+11,12136061065,963682230.5,38150613.41,159983521.9,34407755215,17543440708,48,113,317
D10-ZF-R3,D10,ZF,R3,1.809E+12,4.586261252,7.24,9.20045E+11,6.15944E+11,95768514489,5079762625,162486397.3,857646549.5,1.71074E+11,94038589913,85,245,852
D10-ZH-R1,D10,ZH,R1,1.77435E+11,4.598279186,3.84,52495872924,1.02394E+11,1307287367,691490574.6,31563352.73,77260899.39,20431112927,9952732785,35,78,215
D10-ZH-R2,D10,ZH,R2,13163195000,4.573068816,2.44,3889553313,7417213837,325593363.3,49946039.12,4006366.775,5868456.376,1470585117,719797209.3,14,37,72
D10-ZH-R3,D10,ZH,R3,1.26757E+11,4.6049781,2.88,37507605802,73410779510,1323749649,524610340.2,23222948.61,57327874.61,13905167598,6853370328,34,69,179
D10-ZR-R1,D10,ZR,R1,1.6436E+11,4.58005881,3.8,58926207575,81081749492,7182909143,485700222.1,35275469.67,69774721.33,16573261000,8238401892,41,80,213
D10-ZR-R2,D10,ZR,R2,2.87592E+11,4.605292386,4.8,87309002310,1.66012E+11,3862984488,719760491,55977424.48,116984216.8,29507469134,13125789910,45,93,268
D10-ZR-R3,D10,ZR,R3,89862270891,4.590310546,2.1,35450706578,41752527135,3274098295,271546448.4,12791578.4,38828409.84,9058559201,4702654949,35,63,157