Sample,Patient,Sample_Type,Replication,MicrobesPerGram,mean_16s_count,DNAConcentration,Absolute Abundance: Firmicutes,Absolute Abundance: Bacteroidetes,Absolute Abundance: Actinobacteria,Absolute Abundance: Other Bacteria,Absolute Abundance: Viruses,Absolute Abundance: Fungi,Absolute Abundance: Unclassified + Root,Absolute Abundance: Unclassified,Richness 100M,Richness 10M,Richness 1M,ratio of B/F
D01-NF-R1,D01,NF,R1,2.19E+12,4.559263825,98.4,1.43E+12,4.06E+11,52151623878,74758266752,860284410.3,1490360749,2.25E+11,1.55E+11,123,358,1307,0.283283144
D01-NF-R2,D01,NF,R2,1.65E+12,4.490261832,5.9,9.63E+11,4.20E+11,34765817298,57896432980,730702225.1,955789918,1.74E+11,1.15E+11,112,309,1122,0.436626446
D01-NF-R3,D01,NF,R3,3.41E+12,4.509996104,160.8,2.11E+12,7.49E+11,79888103700,1.14E+11,1214594437,2282374748,3.54E+11,2.42E+11,144,447,1592,0.354363186
D01-OF-R1,D01,OF,R1,1.31E+13,4.523915222,93.8,7.43E+12,4.08E+12,1.84E+11,1.85E+11,2753697458,8400626662,1.25E+12,8.06E+11,248,928,2420,0.549419249
D01-OF-R2,D01,OF,R2,5.52E+12,4.466311003,88.2,2.90E+12,1.89E+12,73455247543,1.05E+11,1384892734,3524876416,5.48E+11,3.41E+11,168,555,1839,0.650699835
D01-OF-R3,D01,OF,R3,1.28E+13,4.611613129,102,7.68E+12,3.67E+12,1.86E+11,1.51E+11,2307496197,9240457538,1.14E+12,7.64E+11,241,856,2343,0.477585471
D01-OH-R1,D01,OH,R1,1.03E+13,4.624399073,60,5.05E+12,4.18E+12,51583926530,1.42E+11,3760478178,5314256038,8.89E+11,5.25E+11,194,670,2022,0.826313372
D01-OH-R2,D01,OH,R2,1.63E+13,4.58728675,39.6,8.45E+12,5.98E+12,1.07E+11,2.45E+11,5670968958,9384497844,1.51E+12,9.20E+11,252,977,2412,0.707882353
D01-OH-R3,D01,OH,R3,4.94E+12,4.597646345,4.64,2.83E+12,1.53E+12,49772495582,69717237516,1561935624,2840596339,4.56E+11,2.93E+11,152,492,1680,0.540047462
D01-OR-R1,D01,OR,R1,1.48E+12,4.352061337,48.4,6.41E+11,6.36E+11,13227844206,30574474284,353418125.6,893594252.7,1.53E+11,89326659641,93,258,948,0.991782754
D01-OR-R2,D01,OR,R2,3.06E+12,4.485716776,58,1.60E+12,1.06E+12,35647925084,59877376815,720623895.2,2078183412,3.09E+11,1.91E+11,131,392,1462,0.665618119
D01-OR-R3,D01,OR,R3,3.91E+12,4.614335646,102,2.25E+12,1.20E+12,53570577516,51176064325,736242078.1,2773661154,3.53E+11,2.26E+11,143,432,1563,0.532810597
D01-ZF-R1,D01,ZF,R1,1.03E+13,4.60863841,35,5.82E+12,3.26E+12,1.05E+11,1.72E+11,3519191193,6240964546,9.59E+11,6.38E+11,214,764,2278,0.559164025
D01-ZF-R2,D01,ZF,R2,1.34E+12,4.68778945,9.92,9.15E+11,2.75E+11,18709705093,14843744340,418811154.3,901356633.2,1.19E+11,85125358819,96,247,919,0.300383903
D01-ZF-R3,D01,ZF,R3,6.02E+11,4.537551392,10.3,2.86E+11,2.45E+11,3263779206,10930987650,370622474,310552918.1,56167128619,34302091777,70,161,520,0.857691978
D01-ZH-R1,D01,ZH,R1,8273042954,4.575243355,5,4610487258,2629741690,96878830.68,138242315.5,3065223.519,5185631.465,789031883.8,515428456.1,13,40,83,0.570382596
D01-ZH-R2,D01,ZH,R2,2.33E+11,4.569371389,4.88,1.35E+11,68632624368,2062116213,3436739790,136577710.9,160231086.6,23407490604,16063543196,58,116,344,0.506925102
D01-ZH-R3,D01,ZH,R3,2.21E+11,4.567729639,3.48,1.13E+11,81481296051,1311326973,3567502457,98352314.69,125673953.1,21597196786,13800516880,54,111,312,0.721875438
D01-ZR-R1,D01,ZR,R1,8.43E+11,4.549462411,9.32,5.12E+11,2.24E+11,12657865409,12396789452,341955227.2,507237782.2,80671400827,56430966281,82,204,695,0.437675816
D01-ZR-R2,D01,ZR,R2,52212092184,4.588679689,11,31225657793,14547751271,676659416.1,697778318.7,21443036.39,31065555.32,5008966922,3471556435,32,70,160,0.465890947
D01-ZR-R3,D01,ZR,R3,90545652883,4.708748544,5,60615143021,20116791294,1177992074,929591294,25508353.1,59551351.11,7616957520,5282857586,41,84,198,0.331877321
D02-NF-R1,D02,NF,R1,1.43E+12,4.543064107,153.2,6.53E+11,5.79E+11,10063472376,9585560394,14850110819,1249112044,1.61E+11,1.04E+11,85,232,908,0.886296773
D02-NF-R2,D02,NF,R2,1.70E+12,4.640558393,104,9.89E+11,4.87E+11,34159414756,11663423737,11585250956,1230008019,1.70E+11,1.17E+11,92,264,1018,0.492251713
D02-NF-R3,D02,NF,R3,2.88E+12,4.629363285,143.2,1.63E+12,8.59E+11,56980900116,20991327388,20389054367,2030540931,2.90E+11,1.97E+11,118,361,1384,0.526681213
D02-OF-R1,D02,OF,R1,4.43E+12,4.539933311,42.6,1.53E+12,2.34E+12,40226004680,30544497036,32810646755,3310270503,4.49E+11,2.47E+11,124,403,1418,1.531716007
D02-OF-R2,D02,OF,R2,3.76E+13,4.615519712,4.92,1.92E+13,1.36E+13,6.31E+11,2.19E+11,2.07E+11,22702655078,3.67E+12,2.30E+12,393,1403,2763,0.707630966
D02-OF-R3,D02,OF,R3,3.69E+12,4.641039764,110,1.83E+12,1.41E+12,50559823390,21615822482,14144832107,2567904680,3.61E+11,2.20E+11,122,392,1413,0.772351037
D02-OH-R1,D02,OH,R1,9.28E+12,4.626937316,80.2,4.92E+12,3.16E+12,1.35E+11,55832527574,61506744905,7029677474,9.40E+11,6.43E+11,196,700,2027,0.6432025
D02-OH-R2,D02,OH,R2,27438245277,4.620559328,62,13834567344,9974824930,323288245,176160069.5,201971990.3,20653843.58,2905240838,1911793569,23,53,111,0.721007364
D02-OH-R3,D02,OH,R3,5.01E+12,4.629270717,89.6,2.18E+12,2.18E+12,39274567355,32450644820,42103577366,2494352809,5.36E+11,3.32E+11,131,458,1529,1.001858966
D02-OR-R1,D02,OR,R1,1.49E+13,4.569566185,79.6,5.91E+12,7.11E+12,1.16E+11,1.05E+11,1.19E+11,11241736338,1.54E+12,9.10E+11,240,886,2263,1.202673792
D02-OR-R2,D02,OR,R2,3.93E+13,4.56444081,98.2,1.51E+13,1.92E+13,2.33E+11,2.99E+11,3.29E+11,30343909625,4.09E+12,2.39E+12,411,1437,2730,1.273735875
D02-OR-R3,D02,OR,R3,5.78E+12,4.620859581,112,2.98E+12,2.07E+12,88687930872,35113401391,30892494776,4225324563,5.73E+11,3.67E+11,154,514,1732,0.694605569
D02-ZF-R1,D02,ZF,R1,4.28E+12,4.562874176,19,2.17E+12,1.61E+12,54350795211,25168780563,34741923534,2485910682,3.89E+11,2.68E+11,120,408,1492,0.741143971
D02-ZF-R2,D02,ZF,R2,2.13E+12,4.58016007,8.8,1.20E+12,6.63E+11,38672035012,11916450894,13443693647,1364056648,1.96E+11,1.40E+11,100,282,1077,0.5514305
D02-ZF-R3,D02,ZF,R3,1.30E+12,4.582844955,12.4,7.96E+11,3.41E+11,29513492482,6797832196,8572809511,789812616.9,1.17E+11,85887108166,88,220,799,0.428437356
D02-ZH-R1,D02,ZH,R1,7.13E+11,4.47004546,7.34,3.33E+11,2.88E+11,7110375003,6244405067,10407601203,511913754.7,68088817224,48018379507,73,156,555,0.864522389
D02-ZH-R2,D02,ZH,R2,9.04E+11,4.478611876,3.2,4.62E+11,3.17E+11,14512092256,7490228468,14068539688,693080189.4,87377764151,62815576380,80,191,703,0.686084671
D02-ZH-R3,D02,ZH,R3,1.41E+11,4.501208973,4.44,74699040732,47789139237,2691272927,997474565.4,1616489020,94197550.89,12835126711,9183776846,46,91,233,0.639755729
D02-ZR-R1,D02,ZR,R1,7.59E+11,4.546578705,12.4,4.11E+11,2.51E+11,13014646158,4928100408,6895429626,492645762.1,71326568616,51775049045,75,173,597,0.611958938
D02-ZR-R2,D02,ZR,R2,1.93E+12,4.492525386,5.68,8.95E+11,7.84E+11,24660029568,13239177650,22389748542,1211460654,1.92E+11,1.25E+11,96,256,998,0.875892899
D02-ZR-R3,D02,ZR,R3,3.76E+11,4.502011079,2.16,1.72E+11,1.56E+11,5267514378,2477917418,4887128331,220400058.8,35202153175,23253883501,63,119,372,0.909890923
D03-NF-R1,D03,NF,R1,8.43E+11,4.788781087,46.6,6.05E+11,1.16E+11,48531474928,3940389394,2944494003,760066462.4,64806275083,52904316484,72,214,761,0.192426945
D03-NF-R2,D03,NF,R2,7.57E+12,4.629671133,109.2,4.36E+12,2.12E+12,4.37E+11,36369186185,10543883920,4896072742,6.04E+11,4.57E+11,193,665,2062,0.484985179
D03-NF-R3,D03,NF,R3,2.55E+12,4.658635121,27,1.52E+12,6.82E+11,1.33E+11,11847969974,4780567721,1760202788,1.98E+11,1.53E+11,109,356,1339,0.449760757
D03-OF-R1,D03,OF,R1,9.05E+12,4.457539334,41,3.95E+12,3.80E+12,4.43E+11,51684056328,14509101462,6431326920,7.83E+11,5.79E+11,212,790,2190,0.961738405
D03-OF-R2,D03,OF,R2,3.01E+12,4.395748492,26.2,1.13E+12,1.49E+12,1.05E+11,16454008024,5208250201,1877514975,2.56E+11,1.84E+11,112,373,1409,1.317605718
D03-OF-R3,D03,OF,R3,586339143,4.460795142,31.2,251233749.1,258369786.4,22907161.42,3043494.38,1076952.378,368737.6867,49174729.29,35761626.78,2,13,30,1.028403976
D03-OH-R1,D03,OH,R1,5.72E+12,4.465382506,38.8,2.49E+12,2.49E+12,2.54E+11,33084262831,9512658482,3801974117,4.43E+11,3.32E+11,153,535,1829,1.000365939
D03-OH-R2,D03,OH,R2,2.51E+12,4.477203931,28,1.02E+12,1.18E+12,69705382262,16635818442,8103038898,1498077344,2.26E+11,1.72E+11,105,355,1342,1.156139123
D03-OH-R3,D03,OH,R3,3.56E+11,4.506291267,35.6,1.47E+11,1.66E+11,9525348784,2230795042,1258531563,213557008.5,30793013860,23345425052,57,127,412,1.127501061
D03-OR-R1,D03,OR,R1,9.94E+11,4.295434664,24,3.22E+11,5.34E+11,30510831383,7248817056,2510744879,670712008.8,95995583543,72339543570,76,220,854,1.655921664
D03-OR-R2,D03,OR,R2,1.13E+11,4.369110468,37.8,45856354877,51043285038,5288150487,606037677.4,244346248.2,67869805.26,9819920942,7147428445,45,84,230,1.11311257
D03-OR-R3,D03,OR,R3,2.60E+12,4.410526771,37.4,1.14E+12,1.08E+12,1.31E+11,13650485420,5532661409,1600251252,2.23E+11,1.64E+11,113,341,1383,0.945355165
D03-ZF-R1,D03,ZF,R1,5.80E+11,4.421716852,9.16,2.62E+11,2.34E+11,25486306687,3835419690,1707334956,361635006.9,53020148353,40393295874,69,167,619,0.892098561
D03-ZF-R2,D03,ZF,R2,2.29E+11,4.538685312,8,1.23E+11,73752122757,12731715399,1113591131,401088318.1,139592604,17808061937,13489681535,52,109,325,0.599305112
D03-ZF-R3,D03,ZF,R3,1390941373,4.533465525,14.3,704852089.5,505369124.9,62121402.57,6860376.251,2782628.992,872974.1755,107500061.2,81074637.98,3,22,49,0.716986063
D03-ZH-R1,D03,ZH,R1,3.98E+11,4.318884391,5.2,1.59E+11,1.78E+11,19285193839,2653528343,1561491133,237296089,37500495294,28049734367,57,136,477,1.121872064
D03-ZH-R3,D03,ZH,R3,1.79E+12,4.386005407,12.9,7.35E+11,8.20E+11,76411948901,9475543782,5195598673,993044371.9,1.42E+11,1.07E+11,93,272,1039,1.115748956
D03-ZR-R1,D03,ZR,R1,2.44E+11,4.363712801,3.3,1.00E+11,1.08E+11,10820427347,1457820758,1168814558,127286943.2,21202428027,15877365363,49,109,325,1.077879581
D03-ZR-R2,D03,ZR,R2,3.47E+11,4.352975234,3.04,1.44E+11,1.47E+11,20864274533,2087375530,984300184.4,191527437.1,31668790851,23856133870,56,125,420,1.020563765
D03-ZR-R3,D03,ZR,R3,2.07E+11,4.232781586,8.54,66134382693,1.12E+11,8484302547,1365463779,705560936.4,88698698.96,18938958948,13586048229,47,102,306,1.689422539
D04-NF-R1,D04,NF,R1,8.51E+11,4.61876433,104,5.80E+11,69553555023,79759423950,10744696670,39281573.36,1412180194,1.10E+11,99039003312,88,252,1036,0.119876657
D04-NF-R2,D04,NF,R2,1.66E+12,4.605192888,116,1.12E+12,1.28E+11,1.71E+11,18544282299,81459560.74,2730612672,2.18E+11,1.96E+11,111,387,1596,0.113973833
D04-NF-R3,D04,NF,R3,2.27E+13,4.605008864,96.6,1.56E+13,1.53E+12,2.50E+12,2.14E+11,1057787389,35099770039,2.75E+12,2.45E+12,426,1799,2696,0.097773126
D04-OF-R1,D04,OF,R1,1.03E+13,4.556654902,21.6,6.81E+12,9.19E+11,1.18E+12,1.12E+11,439449182.1,17567204192,1.29E+12,1.15E+12,281,1127,2720,0.135073818
D04-OF-R2,D04,OF,R2,1.62E+12,4.571838654,23.2,8.69E+11,3.44E+11,1.15E+11,36376540602,79152085.81,4037080438,2.50E+11,2.24E+11,118,422,1671,0.395650075
D04-OF-R3,D04,OF,R3,1.58E+12,4.546271575,18,9.66E+11,2.12E+11,1.61E+11,22146633723,72403109.96,2956854354,2.13E+11,1.88E+11,107,376,1548,0.219411914
D04-OH-R1,D04,OH,R1,5.54E+13,4.842331837,83.2,3.49E+13,8.70E+12,1.90E+12,9.80E+11,4639294432,1.54E+11,8.75E+12,7.95E+12,962,2440,2988,0.249351787
D04-OH-R2,D04,OH,R2,7.89E+13,4.725269168,52.4,5.03E+13,1.08E+13,3.90E+12,1.21E+12,6664878716,2.16E+11,1.25E+13,1.14E+13,1201,2616,2868,0.214180023
D04-OH-R3,D04,OH,R3,2.31E+12,4.681049049,16.5,1.46E+12,3.00E+11,1.63E+11,37145584340,171687514.8,5736610680,3.47E+11,3.15E+11,138,538,1962,0.205766613
D04-OR-R1,D04,OR,R1,1.79E+12,4.585208526,79.8,1.18E+12,1.84E+11,1.63E+11,22433072195,92444771.77,3702573919,2.39E+11,2.15E+11,117,417,1617,0.156368839
D04-OR-R2,D04,OR,R2,1.87E+13,4.779492848,25.8,1.16E+13,2.91E+12,7.76E+11,3.42E+11,1207552920,50936218047,3.01E+12,2.74E+12,495,1835,2813,0.250904523
D04-OR-R3,D04,OR,R3,5.31E+12,4.589590303,45.4,3.50E+12,5.11E+11,5.17E+11,65957857479,265615547,10886512755,7.09E+11,6.36E+11,199,842,2377,0.146245738
D04-ZF-R1,D04,ZF,R1,4.05E+12,4.513663048,10.2,2.45E+12,6.41E+11,3.29E+11,62994598104,220656361.5,7949525599,5.52E+11,4.97E+11,170,689,2233,0.26130458
D04-ZF-R2,D04,ZF,R2,1.24E+12,4.523547664,6.84,7.54E+11,1.96E+11,1.03E+11,20370822039,61936149.34,2154927552,1.63E+11,1.46E+11,99,327,1320,0.259677553
D04-ZF-R3,D04,ZF,R3,9.27E+11,4.51210512,7.32,5.63E+11,1.54E+11,77775051921,13608017335,40907034.85,1461874575,1.17E+11,1.05E+11,94,256,1112,0.274583043
D04-ZH-R1,D04,ZH,R1,2.32E+12,4.475588144,9.32,1.34E+12,4.48E+11,1.46E+11,45053917015,137057598,5081662501,3.35E+11,3.05E+11,134,513,1882,0.334736276
D04-ZH-R2,D04,ZH,R2,2.10E+11,4.487576318,3.8,1.22E+11,40202644425,12847640115,3767761960,13411523.59,504027345,29942075682,27073047201,60,127,472,0.328262735
D04-ZH-R3,D04,ZH,R3,5.70E+11,4.467984432,10,3.31E+11,1.00E+11,45070131585,11406046753,33556246.2,1350580854,80204072891,72271126648,85,212,906,0.303077655
D04-ZR-R1,D04,ZR,R1,8.12E+11,4.514360373,9.08,4.70E+11,1.63E+11,39326023215,17404076213,47285057.71,1670495348,1.21E+11,1.10E+11,94,270,1152,0.347102436
D04-ZR-R2,D04,ZR,R2,1.49E+12,4.514551069,5.4,9.14E+11,2.38E+11,97846200785,25291398119,83109115.34,3197452907,2.11E+11,1.92E+11,111,385,1578,0.260889086
D04-ZR-R3,D04,ZR,R3,3.99E+12,4.535650385,16.6,2.45E+12,6.40E+11,2.63E+11,73521516847,240269486.2,8654115905,5.56E+11,5.05E+11,174,720,2208,0.261543278
D05-NF-R1,D05,NF,R1,1.30E+12,4.733213312,87.4,5.92E+11,3.54E+11,77258407408,32843672250,3893310745,1761822351,2.34E+11,1.81E+11,104,366,1215,0.597865778
D05-NF-R2,D05,NF,R2,3.33E+11,4.679031795,26,1.77E+11,53411371423,26460241466,5014709683,525967503.4,526696728.9,70455972839,59925412289,67,184,722,0.302154653
D05-NF-R3,D05,NF,R3,8.71E+11,4.701943864,129.2,4.27E+11,1.75E+11,66379485973,21005394058,1503479719,1311881657,1.78E+11,1.45E+11,90,321,1092,0.410246522
D05-OF-R1,D05,OF,R1,1.04E+13,4.704237739,84.8,3.95E+12,4.01E+12,6.35E+11,2.28E+11,17615308251,11625833739,1.56E+12,1.07E+12,278,975,2120,1.013959351
D05-OF-R2,D05,OF,R2,6.03E+12,4.695736026,79.2,2.53E+12,1.98E+12,4.30E+11,1.21E+11,8317380087,7223278689,9.54E+11,6.85E+11,211,803,1965,0.780010087
D05-OF-R3,D05,OF,R3,1.71E+12,4.709813235,81.8,7.42E+11,5.53E+11,1.18E+11,30588662950,2362469501,1964855421,2.64E+11,1.89E+11,105,385,1215,0.744895474
D05-OH-R1,D05,OH,R1,7.41E+12,4.694000961,68.4,3.06E+12,2.43E+12,4.65E+11,1.57E+11,14458406527,10199340078,1.27E+12,9.50E+11,255,960,2115,0.795960067
D05-OH-R2,D05,OH,R2,3.23E+12,4.763346223,50.4,1.19E+12,1.26E+12,1.38E+11,76255466044,7365124326,4482007418,5.56E+11,4.01E+11,139,608,1589,1.059447202
D05-OH-R3,D05,OH,R3,2.71E+12,4.840513253,42.8,8.01E+11,1.32E+12,52987817836,71619605456,7862739706,3584804091,4.55E+11,3.11E+11,127,518,1393,1.641900066
D05-OR-R1,D05,OR,R1,9.89E+12,4.783278466,60,3.25E+12,4.60E+12,3.84E+11,2.72E+11,26044061326,10330931400,1.35E+12,8.21E+11,235,897,2185,1.415385629
D05-OR-R2,D05,OR,R2,2.16E+12,4.700916111,64.4,9.29E+11,7.01E+11,1.35E+11,44480719175,3870866862,2725563504,3.45E+11,2.43E+11,120,446,1485,0.754444404
D05-OR-R3,D05,OR,R3,6.83E+12,4.735249285,82.2,2.96E+12,2.22E+12,4.69E+11,1.40E+11,12907460854,8159749283,1.02E+12,7.25E+11,221,826,2095,0.748538032
D05-ZF-R1,D05,ZF,R1,2.64E+12,4.674732211,15.4,1.21E+12,7.75E+11,1.82E+11,55362835966,4940075974,3076195388,4.12E+11,3.12E+11,133,533,1469,0.641500392
D05-ZF-R2,D05,ZF,R2,1.14E+11,4.700174949,4.52,45986052744,40958579996,6531481732,2902641940,204360898.3,128291553.6,17674589421,12530540506,42,92,301,0.890673966
D05-ZF-R3,D05,ZF,R3,1.70E+11,4.703950885,10.4,77716833042,50343341682,11043391456,3884776413,294745983.4,203006595.8,26510153913,20120701828,52,109,397,0.64777912
D05-ZH-R1,D05,ZH,R1,9.79E+11,4.669754354,10.1,3.66E+11,3.63E+11,52671418780,27594382842,4083096393,1310750766,1.64E+11,1.23E+11,89,292,1064,0.990578412
D05-ZH-R2,D05,ZH,R2,5.82E+11,4.685718863,9.44,2.00E+11,2.43E+11,27339671679,16506280427,2413894946,720146991.3,92688996536,67025291404,77,199,758,1.215478407
D05-ZH-R3,D05,ZH,R3,8501857470,4.745907915,7.2,3105125097,3375055264,357284105,222158116,44649990.8,11603124.43,1385504025,1040213026,12,41,87,1.086930529
D05-ZR-R1,D05,ZR,R1,3.84E+11,4.622387419,11.8,1.48E+11,1.36E+11,24781380895,10933358089,1098239075,470411404.3,62798331833,47061116418,66,162,653,0.922335691
D05-ZR-R2,D05,ZR,R2,8.68E+11,4.613541429,6.42,3.48E+11,2.88E+11,62025314764,22017726754,2149771005,1071380701,1.44E+11,1.07E+11,84,276,984,0.828020298
D05-ZR-R3,D05,ZR,R3,3.78E+11,4.704729828,9.38,1.39E+11,1.57E+11,16542606955,9356775161,1660976019,433873042.2,54143756382,38197664999,64,143,575,1.128067823
D06-NF-R1,D06,NF,R1,4.94E+12,4.66671385,140.8,3.00E+12,1.04E+12,4.40E+11,9921161102,1466073142,2508955335,4.44E+11,2.75E+11,128,465,1699,0.34671462
D06-NF-R2,D06,NF,R2,1.12E+12,4.674687443,12.8,6.19E+11,3.03E+11,82676948020,2293869739,884741033.4,527955527.7,1.07E+11,60994135606,72,201,756,0.489700908
D06-NF-R3,D06,NF,R3,1.50E+13,4.651189802,13.4,8.46E+12,3.86E+12,1.18E+12,30637743725,9722513001,7060628501,1.41E+12,8.39E+11,234,914,2354,0.456137659
D06-OF-R1,D06,OF,R1,1.07E+13,4.490133158,37.2,3.56E+12,5.64E+12,4.57E+11,32443086297,4998530793,4075957518,1.01E+12,4.20E+11,157,600,1964,1.586071776
D06-OF-R2,D06,OF,R2,5.97E+12,4.488166997,29,2.14E+12,2.93E+12,3.01E+11,22721779518,2065643449,2176356208,5.71E+11,2.29E+11,122,435,1544,1.372824491
D06-OF-R3,D06,OF,R3,1.85E+13,4.576688685,7.12,9.64E+12,5.64E+12,1.46E+12,39131851013,6361280442,8215259703,1.74E+12,9.36E+11,258,961,2507,0.584422852
D06-OH-R1,D06,OH,R1,1.32E+13,4.545505987,102,6.58E+12,4.44E+12,7.74E+11,29576934846,8369734149,6424693562,1.32E+12,7.44E+11,219,851,2171,0.675413122
D06-OH-R2,D06,OH,R2,8.82E+12,4.571609413,54.8,4.39E+12,3.10E+12,4.48E+11,20967887334,6490676311,4109026101,8.55E+11,4.78E+11,169,647,1915,0.704488928
D06-OH-R3,D06,OH,R3,3.04E+12,4.557710205,94.8,1.59E+12,9.37E+11,2.03E+11,6667453670,1729819519,1447367821,2.92E+11,1.71E+11,107,330,1265,0.588253581
D06-OR-R1,D06,OR,R1,4.57E+12,4.533452573,44.6,1.61E+12,2.36E+12,1.18E+11,10752689389,3391073699,1921403168,4.69E+11,2.16E+11,109,390,1465,1.462969959
D06-OR-R2,D06,OR,R2,1.45E+12,4.499601986,66.4,5.52E+11,6.91E+11,52666621485,3542707274,981319457.8,585792668.8,1.45E+11,70049741062,76,211,812,1.251318101
D06-OR-R3,D06,OR,R3,7.58E+12,4.554841571,116,3.83E+12,2.52E+12,4.90E+11,18630826375,3385152830,3362844849,7.12E+11,3.83E+11,155,570,1769,0.657647272
D06-ZF-R1,D06,ZF,R1,1.29E+12,4.480728782,8.5,6.02E+11,4.58E+11,1.01E+11,2823901503,1429051462,591330166.9,1.24E+11,70960922332,77,215,808,0.76014411
D06-ZF-R2,D06,ZF,R2,1.11E+12,4.527011194,10.4,5.70E+11,3.43E+11,91108498619,2302777508,871781316.1,520718375.1,1.04E+11,60767162140,74,202,755,0.600944599
D06-ZF-R3,D06,ZF,R3,1.98E+12,4.618734421,19.9,1.29E+12,3.44E+11,1.79E+11,3747431395,1002759378,932397810.2,1.58E+11,99046751156,86,251,929,0.266771913
D06-ZH-R1,D06,ZH,R1,3.15E+11,4.455324884,6.06,1.22E+11,1.54E+11,5351111403,858813795.1,617401838.8,141173361.2,32214959757,17709329287,49,102,348,1.2584416
D06-ZH-R2,D06,ZH,R2,19286729622,4.379712931,1.74,8175767920,7592800873,1414931683,54628291.93,33280275.65,9041333.263,2005569132,1097092961,18,51,90,0.928695744
D06-ZH-R3,D06,ZH,R3,37842296989,4.454676768,2.16,16702508970,14907414683,2286342586,91538428.58,53867588.71,16575169.54,3782847522,2023263139,23,59,112,0.892525471
D06-ZR-R1,D06,ZR,R1,7.68E+11,4.378510703,8.84,3.93E+11,2.04E+11,88995304779,1817073841,831318646.6,407465943.3,78767417009,50596051916,65,178,664,0.517747788
D06-ZR-R2,D06,ZR,R2,4.98E+11,4.361541411,3.42,1.83E+11,2.37E+11,20814787064,1243344302,1235934267,243936174,54155615533,29851756906,61,131,462,1.294069747
D06-ZR-R3,D06,ZR,R3,1.27E+11,4.35682737,2.28,61759293697,37187680286,14453271739,285041398.3,156240814,62602889.6,12865046048,8046889763,39,77,223,0.602139015
D07-NF-R1,D07,NF,R1,1.79E+12,4.502333663,61.4,1.21E+12,3.63E+11,58396823072,17934879985,1505802465,1047762851,1.40E+11,95973189829,96,280,1054,0.300120574
D07-NF-R2,D07,NF,R2,1.89E+12,4.605157377,34.6,1.11E+12,4.73E+11,49481452246,84696764468,1459654379,1188845002,1.72E+11,1.13E+11,98,308,1177,0.425500801
D07-NF-R3,D07,NF,R3,59146492791,4.577847092,26.4,38427216820,11299132702,1822653290,2073468192,36137071.52,39111383.6,5445721673,3778740455,37,72,178,0.29403984
D07-OF-R1,D07,OF,R1,1.71E+13,4.672669815,85.8,1.04E+13,4.20E+12,2.98E+11,7.80E+11,3802292337,9891523765,1.34E+12,8.28E+11,266,997,2458,0.402968312
D07-OF-R2,D07,OF,R2,5.58E+12,4.720326336,78.8,2.75E+12,1.91E+12,71868623020,3.64E+11,1504037743,3057725684,4.81E+11,2.62E+11,154,530,1717,0.693012726
D07-OF-R3,D07,OF,R3,1.36E+12,4.692436771,8.88,8.44E+11,3.27E+11,22342312333,59984367950,274515817.5,751562276,1.06E+11,63730779749,81,246,871,0.387187034
D07-OH-R1,D07,OH,R1,5.97E+13,4.702310717,132.8,3.86E+13,1.30E+13,8.24E+11,2.35E+12,15139773138,36705001110,4.86E+12,3.14E+12,587,1936,2765,0.335709359
D07-OH-R2,D07,OH,R2,1.43E+13,4.706214056,66.6,8.71E+12,3.51E+12,2.27E+11,6.70E+11,4324439754,8731717802,1.19E+12,7.37E+11,251,929,2315,0.402297671
D07-OH-R3,D07,OH,R3,3.76E+12,4.720510421,150.8,2.18E+12,1.00E+12,49921889024,2.04E+11,541716540.1,1863820412,3.23E+11,1.96E+11,125,433,1667,0.459312588
D07-OR-R1,D07,OR,R1,2.16E+12,4.631335562,106,1.41E+12,4.50E+11,42768552872,77521418049,542077691,1377537932,1.74E+11,1.10E+11,97,305,1163,0.31813996
D07-OR-R2,D07,OR,R2,2.56E+12,4.686800697,22.8,1.05E+12,1.04E+12,22098914094,2.01E+11,831569522.3,1575876333,2.42E+11,1.25E+11,105,334,1199,0.993521946
D07-OR-R3,D07,OR,R3,2.01E+12,4.686680554,47.2,1.17E+12,5.41E+11,30628892032,1.06E+11,428272680.9,1199820871,1.66E+11,97945534841,94,293,1064,0.463428059
D07-ZF-R1,D07,ZF,R1,2.24E+12,4.678020614,16.2,1.29E+12,6.22E+11,28904357486,1.09E+11,858990792.9,1402765648,1.95E+11,1.26E+11,102,326,1267,0.483319464
D07-ZF-R2,D07,ZF,R2,8.12E+11,4.631170429,9.26,4.19E+11,2.66E+11,8854285853,41488607086,290357957.7,412690942.2,76122515534,43506032183,73,180,686,0.634643699
D07-ZF-R3,D07,ZF,R3,3.92E+11,4.691816564,13.2,2.45E+11,93321035328,5538489446,16200711235,126388662.1,227008478.3,31470089895,19672270289,53,133,422,0.380830867
D07-ZH-R1,D07,ZH,R1,4.16E+11,4.700719445,7.66,2.11E+11,1.39E+11,2733369340,23680594118,185026846.7,273503733.1,39131003011,23303368066,56,133,484,0.661167566
D07-ZH-R2,D07,ZH,R2,4.69E+11,4.697497392,4.86,2.20E+11,1.70E+11,2068441863,29626452144,233803867.4,317930901.2,46466351559,26870985446,57,148,556,0.774101323
D07-ZH-R3,D07,ZH,R3,1.09E+12,4.658952281,11.1,6.55E+11,2.75E+11,16636152430,52296177852,393568424.1,720496345.3,93723203150,60686173883,82,230,852,0.41934004
D07-ZR-R1,D07,ZR,R1,1.64E+12,4.747917996,6.76,8.20E+11,5.59E+11,10928488612,96878203663,685217657.2,981411790.3,1.49E+11,88220228203,88,270,1007,0.681633838
D07-ZR-R2,D07,ZR,R2,89945944469,4.604204745,1,48240624830,28179665000,1012557419,4541952303,32151528.14,50896390.64,7884465221,4668333630,38,77,196,0.58414801
D07-ZR-R3,D07,ZR,R3,1.59E+12,4.640664807,11.3,9.63E+11,3.97E+11,24671190920,71879967865,524436854.6,956482641,1.33E+11,83142274808,88,261,989,0.412225164
D08-NF-R1,D08,NF,R1,2.11E+13,4.572967948,100,1.07E+13,7.61E+12,4.88E+11,2.34E+11,43600979583,12081850504,1.97E+12,1.35E+12,309,1275,2640,0.708039511
D08-NF-R2,D08,NF,R2,2.14E+11,4.594574891,112,1.08E+11,78765114162,4229020977,2156692060,655742155.6,133212137.1,20052124607,13712568033,44,103,313,0.730059839
D08-NF-R3,D08,NF,R3,7.02E+12,4.615138628,112,4.25E+12,1.83E+12,2.15E+11,62735318533,14852918163,4428397522,6.39E+11,4.78E+11,173,644,2051,0.431689963
D08-OF-R1,D08,OF,R1,3.93E+12,4.519247448,90.2,1.95E+12,1.51E+12,81193712253,33891114729,6526965250,2157483641,3.39E+11,2.24E+11,125,422,1617,0.776213377
D08-OF-R2,D08,OF,R2,2.90E+13,4.520282665,139.2,1.33E+13,1.25E+13,4.59E+11,2.42E+11,49234018566,14685256397,2.52E+12,1.52E+12,338,1264,2611,0.94310543
D08-OF-R3,D08,OF,R3,1.67E+13,4.482312388,5.22,7.18E+12,7.63E+12,2.77E+11,1.49E+11,23824723872,8690911713,1.46E+12,8.93E+11,253,1013,2598,1.062014363
D08-OH-R1,D08,OH,R1,1.06E+13,4.497571683,100,3.78E+12,5.56E+12,59022920601,1.07E+11,51530822313,4833085194,1.03E+12,6.44E+11,187,738,2071,1.471695293
D08-OH-R2,D08,OH,R2,3.96E+12,4.495049027,91,1.73E+12,1.74E+12,52113438086,40991805685,15116477372,2151070369,3.82E+11,2.55E+11,125,428,1573,1.007920815
D08-OH-R3,D08,OH,R3,1.42E+12,4.498924406,5.16,5.16E+11,7.41E+11,8436695997,14981017369,6173294644,605588566.1,1.36E+11,87149429914,83,230,859,1.4352955
D08-OR-R1,D08,OR,R1,7.64E+12,4.43305307,104.8,3.11E+12,3.63E+12,86967912207,85125507963,34559114111,3899205551,6.90E+11,4.26E+11,158,592,1998,1.169941838
D08-OR-R2,D08,OR,R2,2.77E+12,4.463391292,4.18,1.17E+12,1.25E+12,49236889849,29997019359,6734080307,1350480440,2.58E+11,1.64E+11,106,344,1322,1.06516195
D08-OR-R3,D08,OR,R3,2.13E+13,4.439727662,89,8.19E+12,1.06E+13,2.47E+11,2.60E+11,90297430418,10185530848,1.96E+12,1.18E+12,281,1133,2673,1.291810846
D08-ZF-R1,D08,ZF,R1,3.05E+12,4.54165128,14.2,1.38E+12,1.35E+12,39972265333,25439700235,13678225845,1473788211,2.44E+11,1.52E+11,105,328,1298,0.975441961
D08-ZF-R2,D08,ZF,R2,1.48E+11,4.592336452,7.02,82685048375,45440898580,2908960896,968104768.1,564738341.8,94553922.77,15361903458,11914216687,42,85,241,0.549566088
D08-ZF-R3,D08,ZF,R3,1.80E+12,4.565327478,5.76,9.96E+11,5.96E+11,35280457253,11983965511,7144772452,999108524.3,1.52E+11,1.11E+11,92,266,1030,0.597921829
D08-ZH-R1,D08,ZH,R1,19680527904,4.436075189,1.8,8140568065,8662397938,391116581.3,198731750.3,183566138.3,11599542.19,2091859568,1468013701,19,47,101,1.06410239
D08-ZH-R2,D08,ZH,R2,69189434761,4.44614943,4.26,24662084142,35280307736,486852936.4,713284919.6,389286237.9,40219188.59,7614862174,4858710146,32,65,150,1.430548511
D08-ZH-R3,D08,ZH,R3,20780109135,4.390116117,4.36,7401215340,10110167638,265934562.2,222730995.5,193899586.5,11813352.82,2573776328,1863724497,18,46,101,1.366014522
D08-ZR-R1,D08,ZR,R1,5.60E+11,4.392608486,10.5,1.85E+11,3.13E+11,4337479507,5263681988,4856391495,239203312.4,47244508172,28773478274,61,123,455,1.692393238
D08-ZR-R2,D08,ZR,R2,61376460020,4.494109887,3.18,31561402035,21681702559,1220371216,532082878.9,308149857,36051161.8,6034699726,4392434896,35,67,145,0.686968929
D08-ZR-R3,D08,ZR,R3,9.04E+11,4.398252996,12.3,3.68E+11,4.26E+11,18698360726,8514698041,3848635770,383542391.6,78515996585,46834540824,76,180,688,1.157059971
D09-NF-R1,D09,NF,R1,3.26E+12,4.757638949,99.6,1.94E+12,6.67E+11,2.10E+11,1.06E+11,1848421841,2422369756,3.36E+11,2.55E+11,123,437,1489,0.344071825
D09-NF-R2,D09,NF,R2,3.26E+12,4.74316757,134,1.85E+12,7.17E+11,1.90E+11,1.34E+11,3092516905,2631199541,3.55E+11,2.72E+11,127,453,1535,0.386683872
D09-NF-R3,D09,NF,R3,1.65E+12,4.729501743,169.6,9.02E+11,3.82E+11,1.25E+11,75916949091,1641522672,1014738525,1.64E+11,1.22E+11,98,284,1062,0.423889301
D09-OF-R1,D09,OF,R1,7.47E+12,4.50761654,62.2,2.64E+12,3.30E+12,2.53E+11,3.27E+11,8711623642,6889301758,9.34E+11,6.94E+11,185,722,1985,1.249114169
D09-OF-R2,D09,OF,R2,1.97E+11,4.452688821,35.4,54190105597,1.04E+11,4510350320,8947193844,229371586.8,182215253.6,25594973887,19034791159,52,109,326,1.915042538
D09-OF-R3,D09,OF,R3,4.97E+12,4.666396848,108,2.53E+12,1.48E+12,2.46E+11,1.51E+11,2922062967,3831255748,5.57E+11,4.13E+11,154,552,1691,0.584796974
D09-OH-R1,D09,OH,R1,2.17E+13,4.673006859,91.8,1.05E+13,7.04E+12,7.94E+11,8.17E+11,23806465946,19477258221,2.45E+12,1.91E+12,370,1324,2668,0.669833767
D09-OH-R2,D09,OH,R2,6.57E+12,4.741217287,8.12,3.30E+12,2.02E+12,2.39E+11,2.76E+11,5966698852,5011364376,7.32E+11,5.53E+11,177,687,1885,0.612895859
D09-OH-R3,D09,OH,R3,2.91E+13,4.740975669,76.6,1.45E+13,8.84E+12,9.85E+11,1.28E+12,24646037212,25643711150,3.41E+12,2.59E+12,427,1454,2603,0.610338219
D09-OR-R1,D09,OR,R1,9.36E+12,4.605007743,57.4,3.48E+12,3.98E+12,2.69E+11,4.30E+11,5926376538,7720024491,1.20E+12,8.65E+11,214,794,2077,1.14530785
D09-OR-R2,D09,OR,R2,1.34E+13,4.603041767,46.4,6.16E+12,4.34E+12,7.07E+11,6.43E+11,8993591902,10792467526,1.55E+12,1.15E+12,258,997,2187,0.704520168
D09-OR-R3,D09,OR,R3,3.23E+12,4.627469469,90.4,1.50E+12,1.08E+12,1.41E+11,1.31E+11,2152425282,2634043317,3.77E+11,2.81E+11,125,444,1405,0.719117378
D09-ZF-R1,D09,ZF,R1,80576894048,4.644170606,5.64,41770629151,22257388201,5076014934,2458649261,88380939.9,68559151.62,8851922035,6825075321,41,85,204,0.532847808
D09-ZF-R2,D09,ZF,R2,1.82E+11,4.64895251,6.22,91944212893,53710584822,10184368686,6570674606,185909415.5,137280660.7,19653887999,14843155303,46,106,309,0.584164931
D09-ZF-R3,D09,ZF,R3,2.22E+11,4.657003824,5.3,1.02E+11,74994045628,8247528823,10526259192,325098898.1,176288957.6,26062821783,20082889037,51,111,345,0.736178467
D09-ZH-R1,D09,ZH,R1,18180783886,4.653805236,3.76,7700433074,6882220758,520073494.1,769137378.3,30494793.55,15372354.14,2262012692,1728343175,22,51,108,0.893744636
D09-ZH-R2,D09,ZH,R2,94493786068,4.629414498,4.7,37721526363,36466515801,2500363356,5078779489,205718413.4,87729459.28,12427637704,9762732907,40,89,221,0.966729592
D09-ZH-R3,D09,ZH,R3,1.45E+11,4.645655198,2.6,50708079797,64595905089,1505282924,7642319851,336653086.9,136237124.5,20055051828,15611485510,43,98,274,1.273877957
D09-ZR-R1,D09,ZR,R1,8482548528,4.538273372,3.18,2965026907,3830385581,203617189.7,379132850.7,16158204.85,7232761.976,1080535383,808998949,13,40,82,1.291855251
D09-ZR-R2,D09,ZR,R2,1.75E+11,4.693765362,3.14,81941362008,57912735172,6767247409,7156929944,260238946.4,138747492,20407264157,15703208641,47,106,299,0.706758269
D09-ZR-R3,D09,ZR,R3,63719603548,4.624150211,2.64,26975034888,23906375454,2337775968,2826906449,114299400,51787967.61,7503971900,5722855942,40,77,169,0.886240761
D10-NF-R1,D10,NF,R1,2.08E+12,4.595630928,83.8,1.07E+12,6.68E+11,1.49E+11,4294141108,215795696.4,992466953.6,1.93E+11,1.07E+11,92,255,958,0.625757465
D10-NF-R2,D10,NF,R2,2.92E+11,4.585483447,7.16,1.17E+11,1.25E+11,17205140290,846463846.7,42605857.32,132322545.1,31604698125,16765964295,49,110,313,1.074234656
D10-NF-R3,D10,NF,R3,55175675.9,4.588624514,6.98,26002785.38,20090367,3602225.207,111093.0739,4762.880247,22248.58061,5340267.105,2845494.911,0,3,9,0.772623652
D10-OF-R1,D10,OF,R1,2.21E+12,4.585242984,28.4,6.14E+11,1.30E+12,68942763800,4563610399,143504852,779408636.8,2.26E+11,91215675762,82,221,821,2.117496153
D10-OF-R2,D10,OF,R2,3.40E+12,4.576450875,8.48,1.37E+12,1.49E+12,1.91E+11,8109278028,206921538.5,1354780406,3.44E+11,1.68E+11,110,323,1187,1.090502106
D10-OF-R3,D10,OF,R3,2.82E+12,4.582507137,55.4,1.06E+12,1.35E+12,1.23E+11,6029752976,144039013.5,1104123746,2.82E+11,1.27E+11,94,271,979,1.277276367
D10-OH-R1,D10,OH,R1,4.40E+12,4.575283288,44,1.89E+12,1.85E+12,2.18E+11,11027887074,430457492.8,2148224964,4.33E+11,2.36E+11,124,389,1406,0.980235211
D10-OH-R2,D10,OH,R2,4.32E+12,4.57783751,18.4,1.55E+12,2.14E+12,1.59E+11,12228750272,522003848.7,1753381090,4.60E+11,2.12E+11,117,359,1215,1.377961121
D10-OH-R3,D10,OH,R3,4.69E+12,4.575752811,37.4,1.57E+12,2.46E+12,1.53E+11,13918346241,524154352.6,1952945895,4.93E+11,2.19E+11,119,386,1339,1.570334681
D10-OR-R1,D10,OR,R1,2.61E+12,4.567861069,33.2,9.58E+11,1.27E+12,1.01E+11,5618297315,215811676.6,1028096538,2.71E+11,1.26E+11,93,267,996,1.325121589
D10-OR-R2,D10,OR,R2,3.25E+12,4.565806393,34.6,1.09E+12,1.70E+12,1.09E+11,6702207244,243129020.3,1202450905,3.42E+11,1.47E+11,101,300,1118,1.565171486
D10-OR-R3,D10,OR,R3,8.19E+12,4.57702505,83.2,3.12E+12,3.90E+12,3.33E+11,18949947401,531805658.2,3241065838,8.16E+11,3.81E+11,146,499,1640,1.250752331
D10-ZF-R1,D10,ZF,R1,56511974571,4.579564962,2.92,21262710636,27843246279,1666354198,219975458.2,6600164.915,21911033.55,5489498824,2632672772,31,55,130,1.309487147
D10-ZF-R2,D10,ZF,R2,3.42E+11,4.57864506,4,1.45E+11,1.50E+11,12136061065,963682230.5,38150613.41,159983521.9,34407755215,17543440708,48,113,317,1.033757115
D10-ZF-R3,D10,ZF,R3,1.81E+12,4.586261252,7.24,9.20E+11,6.16E+11,95768514489,5079762625,162486397.3,857646549.5,1.71E+11,94038589913,85,245,852,0.669471932
D10-ZH-R1,D10,ZH,R1,1.77E+11,4.598279186,3.84,52495872924,1.02E+11,1307287367,691490574.6,31563352.73,77260899.39,20431112927,9952732785,35,78,215,1.950514424
D10-ZH-R2,D10,ZH,R2,13163195000,4.573068816,2.44,3889553313,7417213837,325593363.3,49946039.12,4006366.775,5868456.376,1470585117,719797209.3,14,37,72,1.906957751
D10-ZH-R3,D10,ZH,R3,1.27E+11,4.6049781,2.88,37507605802,73410779510,1323749649,524610340.2,23222948.61,57327874.61,13905167598,6853370328,34,69,179,1.95722382
D10-ZR-R1,D10,ZR,R1,1.64E+11,4.58005881,3.8,58926207575,81081749492,7182909143,485700222.1,35275469.67,69774721.33,16573261000,8238401892,41,80,213,1.375987915
D10-ZR-R2,D10,ZR,R2,2.88E+11,4.605292386,4.8,87309002310,1.66E+11,3862984488,719760491,55977424.48,116984216.8,29507469134,13125789910,45,93,268,1.901426743
D10-ZR-R3,D10,ZR,R3,89862270891,4.590310546,2.1,35450706578,41752527135,3274098295,271546448.4,12791578.4,38828409.84,9058559201,4702654949,35,63,157,1.177762904