Saccharomycetaceae	Cryptococcaceae	Moraxellaceae	Pseudomonadaceae	Enterobacteriaceae	Bradyrhizobiaceae	Rhodospirillaceae	Sutterellaceae	Desulfovibrionaceae	Akkermansiaceae	Staphylococcaceae	Bacillaceae	Listeriaceae	Streptococcaceae	Lactobacillaceae	Enterococcaceae	Clostridiaceae	Lachnospiraceae	Eubacteriaceae	Oscillospiraceae	Ruminococcaceae	Erysipelotrichaceae	Selenomonadaceae	Acidaminococcaceae	Veillonellaceae	Bifidobacteriaceae	Coriobacteriaceae	Bacteroidaceae	Rikenellaceae	Prevotellaceae	Odoribacteraceae	Barnesiellaceae	Tannerellaceae
D04-ZR-R1	-5.4189	-8.6927	-1.0971	-3.5738	-0.8105	-5.3107	-4.6944	-1.694	-0.0544	-4.8179	-1.6938	-2.514	-7.7742	-2.3913	-2.9902	-1.8998	4.904	6.616	3.8714	4.6709	6.2004	2.4836	3.28	-1.1578	1.9634	4.3613	1.5527	4.1764	2.5036	6.1898	1.4638	0.1542	2.1941
D10-NF-R1	-6.294	-10.0941	-2.6247	-4.6311	0.6243	-6.9413	-5.4843	-6.467	-5.3525	-2.7696	-0.2481	-2.4501	-6.6816	0.968	-0.8699	-1.3002	5.7228	7.9315	4.8518	1.8912	7.0622	3.3819	4.5303	2.9035	-4.1645	1.5511	6.1906	8.4744	2.9604	0.9652	1.0654	1.9579	3.3403
D02-OF-R1	-4.8384	-7.0825	-0.4433	-4.4067	-2.3874	-7.0173	-5.0838	0.185	-0.5819	-2.8256	-1.2309	-2.6322	-7.4633	3.1408	0.5277	-1.7859	5.171	6.4253	3.8122	4.5351	6.5082	1.15	-4.845	1.6752	-0.1385	2.5949	-0.5612	8.8133	4.0289	-0.0604	3.3962	-3.4611	4.8818
D02-OF-R3	-4.7493	-7.1163	-1.1431	-4.3597	-2.8261	-7.0302	-4.0961	-0.2102	-0.5891	-3.1477	-0.3326	-2.596	-7.7842	3.1787	1.106	-1.1615	5.4918	6.9619	4.3004	4.0096	6.8395	1.8426	-4.7519	2.2062	-0.3779	2.8759	-0.0477	8.1386	3.4021	-0.7178	2.512	-4.0895	4.2615
D06-ZR-R2	-6.4153	-9.5362	-3.8509	-2.6784	0.1218	-5.2896	-4.0338	-1.2758	-4.2308	-4.9961	0.9347	-2.4126	-7.49	0.1262	-3.4682	-2.0626	5.6801	7.4367	5.311	4.978	7.876	2.4895	-3.4674	-3.5554	5.3392	5.895	3.8348	9.55	7.1742	0.5955	-0.7383	-5.5092	3.6679
D06-ZF-R2	-5.2811	-9.5247	-4.1931	-2.6112	-0.4592	-5.3795	-3.4059	-1.9998	-4.0172	-5.1554	1.0195	-2.2731	-7.0462	1.143	-3.5164	-1.723	5.6219	8.2404	5.6163	4.3185	8.645	2.727	-3.4459	-3.6498	4.3709	6.9436	4.673	8.9694	6.3755	-0.7045	-1.5231	-5.5635	2.8087
D09-ZH-R2	-5.7464	-11.1234	2.2056	3.8447	2.4562	-7.1144	-5.9008	3.0162	0.8967	-5.1999	-3.2951	-4.1086	-8.4515	-1.5827	-5.446	-2.6199	4.5306	5.3997	3.3282	2.3596	6.4053	1.0703	1.9725	0.0915	1.933	3.343	1.3458	7.2635	3.8525	0.0579	2.4643	-0.7498	3.5011
D01-ZR-R3	-4.9947	-8.9487	-3.4107	-3.9706	-1.2276	-5.8737	-3.734	0.36	0.9489	1.1056	0.9626	-2.752	-6.7619	1.4323	-4.1358	-0.9897	5.8404	8.0512	4.6676	2.4728	8.0603	2.5059	-4.2928	-5.2828	2.4599	3.2385	-2.4107	7.2161	5.8093	-2.1538	2.0525	-1.0863	4.8419
D10-OH-R1	-6.4232	-10.1875	-2.5412	-4.6241	0.8255	-6.9955	-5.7735	-6.5917	-4.961	-2.3788	-0.6574	-2.6783	-7.1079	1.2094	-1.229	-1.9635	5.3867	7.4763	3.8601	2.9707	6.5771	2.777	4.4413	3.5651	-3.8821	0.929	5.498	8.6612	3.6242	1.8715	1.5181	2.7153	4.0881
PCO-B1-R3	0.3287	-3.1999	-4.5285	5.2086	6.0294	-8.0009	-7.413	-9.3887	-7.6167	-5.2508	4.0643	3.8755	3.3882	-0.9518	2.6804	4.0792	2.6667	4.5585	1.2844	0.0483	3.864	0.1955	1.7555	0.4184	-6.4067	-1.5039	2.6208	6.2201	0.4768	-1.2645	-0.6682	0.6397	1.7904
D04-OH-R1	-4.5248	-9.1815	-1.7462	-3.5122	-0.7958	-5.254	-4.7104	-1.7907	-0.2368	-4.2796	-1.8029	-1.9802	-7.0709	-2.3729	-2.7495	-1.7571	5.5762	6.2671	4.3344	4.6397	6.7925	2.3911	1.0759	-1.718	2.0885	3.9614	0.7732	4.4568	2.5946	5.5874	1.7118	0.8527	2.3803
D01-OR-R3	-5.0254	-9.4967	-3.0654	-4.1704	-1.2173	-6.0244	-3.5899	0.4291	1.5971	1.2887	1.0221	-2.6037	-7.4472	1.9439	-4.2196	-1.5179	5.8664	7.6304	4.5621	2.7163	7.5315	2.3083	-4.474	-5.4674	2.5365	3.0366	-2.2633	7.5276	6.1998	-1.9859	2.3311	-1.1501	5.1911
D09-OF-R2	-5.7191	-10.6853	1.4883	2.8732	1.931	-7.5598	-5.6435	3.7566	0.7966	-4.6516	-2.1953	-4.2067	-8.5487	-1.6836	-5.5378	-2.671	4.344	5.3643	3.1071	1.9619	5.4827	1.5766	1.2595	-0.7443	1.813	3.2202	1.0811	7.7611	4.6317	0.369	3.1244	-0.2508	4.1551
D10-NF-R3	-6.4943	-10.1035	-2.5541	-4.6769	2.4749	-7.0697	-5.7503	-7.3948	-5.3111	-2.7574	-0.3819	-2.7603	-6.9698	1.5369	-1.033	-1.9118	5.6162	7.7527	4.2718	2.4286	6.9098	3.0305	4.504	3.037	-4.1031	1.2429	6.0195	8.5849	3.0015	1.1431	1.3172	2.598	3.8024
D07-NF-R1	-6.8805	-10.3799	-3.8323	-4.0146	-1.5922	-5.9991	0.758	0.7055	1.9337	-4.3428	-0.7947	-2.7275	-7.3026	2.1936	-0.4399	-1.42	4.7351	7.736	4.5416	3.1927	8.0595	4.7283	-3.6796	-2.256	-3.9629	4.7985	-2.5214	7.0637	5.0593	-2.2984	2.1569	2.8094	3.9727
D09-ZF-R2	-6.2405	-11.3378	1.1807	2.6306	1.8692	-7.4064	-5.9091	2.9746	1.0659	-5.4653	-2.0537	-4.176	-8.1071	-0.7934	-5.3816	-2.2622	4.3289	6.0951	3.5124	2.374	6.6738	1.7256	2.2833	-0.0822	1.7745	4.4834	2.2384	6.8489	3.4964	-0.5195	2.031	-1.0906	3.2386
D08-OH-R3	-6.9306	-11.2115	-4.2833	-3.6126	-0.4391	-5.7079	-5.2911	2.6512	1.9803	-0.176	-0.5856	-2.3768	-7.8507	0.8515	-3.8816	0.6119	5.4683	6.4672	3.5071	3.5388	7.8398	1.9971	-3.9147	3.1007	-3.9364	0.72	1.7801	9.028	6.7325	-0.8239	3.7594	-4.2693	5.2573
D08-ZR-R1	-6.9074	-10.608	-4.7601	-3.9502	-1.1342	-5.9259	-5.2367	2.5696	1.4986	-0.0484	-0.6766	-2.9808	-7.796	0.251	-3.452	0.1344	5.4034	6.715	3.9556	3.5808	7.2584	2.1991	-4.0809	4.0096	-3.712	0.6019	2.6408	9.0813	6.6344	-0.7234	3.9035	-3.6986	5.2539
D08-ZF-R2	-6.6596	-11.3558	-4.6285	-3.7532	-1.1013	-5.6442	-4.9596	1.6176	1.0114	-0.9	-0.4815	-2.5828	-7.7627	1.6233	-3.3295	0.59	5.5913	7.9067	4.6609	2.6933	7.984	2.8192	-3.7672	2.9426	-3.6052	2.4068	3.845	8.1774	5.5213	-1.371	2.8087	-4.6233	4.3259
D08-ZF-R3	-5.8035	-10.3494	-4.6883	-3.9585	-1.0877	-5.5154	-5.3169	1.5203	0.9898	-0.9636	-1.1278	-2.373	-7.0989	1.5364	-3.4746	0.2871	5.4861	7.7788	4.4837	2.7884	7.9124	2.7217	-4.0252	2.7663	-3.7966	2.3322	3.7752	8.1697	5.7054	-1.4788	2.9332	-4.503	4.3748
D02-NF-R3	-5.95	-10.0755	-1.3225	-3.6048	-2.3592	-6.7812	-4.2881	0.2102	0.1441	-3.044	-0.8377	-2.2742	-7.155	3.0046	1.3346	-1.3326	5.5967	7.2392	4.4649	4.0533	7.0856	2.1861	-4.2103	2.3342	0.158	3.3718	0.8565	7.8541	2.8561	-1.1133	2.265	-4.6296	3.9631
D08-ZR-R2	-5.9963	-10.9353	-4.6589	-4.1583	-1.1403	-5.6634	-5.3192	2.1499	1.3006	-0.7193	-0.7192	-2.522	-7.2828	1.6725	-3.4579	0.1123	5.257	7.6475	4.4508	2.6189	7.6632	2.7622	-4.0242	3.3542	-3.8991	2.323	3.7241	8.2501	5.5936	-1.3836	2.9823	-4.3278	4.3452
D02-OH-R2	-5.6894	-6.7884	-0.6661	-4.2592	-2.3749	-6.7015	-4.4632	-0.0693	-0.4691	-3.0406	-1.3524	-2.6596	-7.52	2.9549	0.9393	-1.5328	5.4106	7.0938	3.9891	4.4333	6.9798	1.5853	-4.2202	2.0329	-0.2381	2.6756	0.1145	8.1771	3.4233	-0.6604	2.5555	-3.9512	4.2912
D09-ZR-R1	-5.5964	-11.4519	1.3657	2.7745	2.0674	-6.7135	-5.9137	3.3806	1.3725	-4.8778	-1.9614	-4.3099	-8.3216	-2.2372	-5.5865	-2.5218	4.5044	5.1464	3.0923	2.4658	5.9872	0.8583	2.0816	0.5195	2.1143	3.1903	1.0394	7.4316	4.1089	0.0867	2.5293	-0.4766	3.8514
D07-ZH-R3	-6.4084	-10.2045	-3.6525	-3.9783	-1.6842	-5.7945	4.944	1.95	1.1963	-3.9719	-0.7456	-2.7565	-6.993	0.4223	-2.8823	-1.5851	5.1952	7.3006	4.6578	3.8091	7.9012	3.2543	-3.733	-2.1892	-3.7595	3.5692	-3.3334	7.3261	5.4966	-2.0701	2.3292	2.2344	4.1557
D05-ZF-R2	-5.1782	-8.5026	-5.6299	-2.4473	0.8788	-5.9942	-4.5606	2.6714	0.4941	2.5672	-2.2596	-3.6759	-7.7444	1.604	-4.3784	-2.3532	5.1103	6.4596	3.2984	2.3727	5.9945	0.9718	-4.2472	-4.6676	4.126	4.9701	2.6491	7.4092	3.7102	-1.3164	0.6853	1.1185	5.8641
D06-ZH-R3	-7.0793	-9.4835	-3.6841	-2.6137	-0.417	-4.6095	-3.795	-1.5574	-4.2055	-4.119	-0.3283	-2.2784	-6.8766	0.9533	-3.5617	-1.821	5.626	7.572	5.2773	4.9861	8.3842	2.6372	-3.5688	-3.6859	5.0078	6.3576	4.5708	9.2828	7.0209	-0.4465	-1.2392	-5.6607	3.3553
D09-ZF-R1	-6.4619	-11.2599	0.9934	2.5022	1.6206	-7.2661	-6.0513	2.7226	0.8856	-5.5286	-1.8649	-3.918	-8.1594	-0.1623	-5.218	-2.4851	4.449	6.2654	3.7546	1.8414	6.5789	2.0928	2.3264	0.0023	1.9888	4.664	2.3537	6.7713	3.1719	-0.4676	2.0349	-1.2374	3.0604
D03-NF-R3	-6.5972	-11.0186	-1.2787	-4.2142	-1.0708	-6.4311	-5.8699	-0.8561	-2.4534	-1.5687	-1.6165	-3.5154	-8.3439	2.3996	-3.9263	0.9138	4.7126	6.8525	3.7318	2.2836	6.5581	2.5611	5.3506	0.5269	2.1855	2.9046	4.3886	5.4149	2.9202	6.6041	-4.0493	0.898	1.6035
D08-OH-R1	-6.1784	-10.7141	-4.049	-3.5002	-0.5482	-5.6331	-5.3017	2.6258	1.7657	-0.1871	-1.6156	-2.6235	-7.4277	0.5323	-3.9365	0.7651	5.3676	6.3501	3.4533	3.3417	7.8396	2.1365	-3.8371	2.9018	-3.9441	0.809	1.6076	9.0316	6.6946	-0.7779	3.9583	-4.0717	5.1651
D01-ZR-R1	-5.924	-8.7881	-3.9447	-3.779	-1.1765	-5.622	-4.1647	0.5201	1.3646	2.3872	0.5165	-2.9932	-7.5132	0.9173	-4.301	-1.3052	5.5543	7.6034	4.4485	2.9361	8.0374	2.2037	-4.0704	-5.1837	2.9069	3.2278	-2.204	7.2744	6.3626	-1.8929	2.4063	-0.7652	4.9609
D05-OH-R1	-5.4489	-7.945	-5.2589	-1.9396	-0.0708	-5.5924	-4.2524	2.5389	0.3467	2.1528	-1.8089	-3.5248	-7.8499	0.9843	-4.1713	-2.0116	5.271	6.4761	3.6257	2.3694	6.1659	1.2666	-4.0911	-4.5089	3.049	4.9412	3.2214	7.1357	3.6493	-1.7388	0.2526	0.6051	6.1615
D05-OF-R3	-5.2514	-8.0758	-5.3279	-2.1859	-0.4365	-5.7396	-4.3331	2.5146	0.2603	1.8245	-1.7589	-3.5308	-8.7317	1.7991	-4.2104	-1.8763	5.188	6.8978	3.516	2.0971	6.2694	1.3999	-4.0927	-4.6474	3.6834	5.3023	3.3757	7.2981	3.4334	-1.6488	0.2389	0.5799	6.1689
D06-ZR-R3	-5.5046	-9.4809	-4.2121	-2.5351	-0.5241	-5.0122	-3.5749	-1.7301	-4.1612	-5.1584	0.351	-2.1963	-7.0157	0.2194	-3.5051	-1.9069	5.5324	8.1255	5.2711	4.8602	8.3674	2.559	-3.3069	-3.6947	4.733	7.3043	5.2153	8.7447	6.738	-0.6468	-1.4259	-5.4295	3
D08-NF-R1	-6.2482	-10.4669	-4.5104	-3.4264	-0.8319	-5.4686	-5.1903	2.3683	1.8384	-0.808	-0.5924	-2.6607	-7.969	1.944	-3.5455	0.5699	5.2642	7.2919	4.0966	2.4665	7.9516	2.4568	-3.7666	1.8621	-4.3398	2.8251	3.7474	8.2595	5.537	-1.6112	3.1201	-4.7292	4.566
D08-ZH-R3	-6.8826	-12.1194	-4.3862	-3.725	-1.2932	-5.6802	0.3925	2.2167	1.0404	-0.5797	-1.618	-2.8009	-7.9026	0.5443	-3.7881	-0.271	4.9987	6.6182	3.7787	2.8543	7.0524	2.5938	-4.1756	3.0018	-3.6531	1.0938	2.9867	8.5286	6.2685	-0.8569	3.3291	-2.2634	4.6972
D09-OF-R3	-6.406	-11.3286	1.3326	2.704	1.7223	-7.6426	-6.102	2.5899	0.4787	-5.3596	-1.3901	-3.961	-7.8951	-0.6734	-5.2224	-2.246	4.5212	6.2347	3.8544	1.6448	6.4482	2.6301	2.0443	-0.0859	2.0605	4.1688	2.2797	6.8325	3.4778	-0.5003	1.9774	-1.3215	3.133
D02-OR-R2	-5.2141	-6.7442	-0.5408	-4.5503	-2.2376	-6.7678	-4.6107	0.4236	0.0342	-2.8046	-0.3847	-2.6119	-7.4277	2.1006	-0.0754	-1.6208	5.3451	6.2106	3.855	4.8676	6.5884	1.0985	-4.4292	2.0196	-0.1898	1.8033	-1.0519	8.6849	4.0444	-0.1952	3.1406	-3.5546	4.7947
D03-ZH-R1	-7.017	-10.682	-1.3802	-3.95	-1.1442	-6.2485	-5.934	-0.1782	-2.111	-1.0035	-2.0122	-4.1814	-8.4127	0.5026	-3.6328	-0.3711	4.2943	5.8434	3.5142	3.2375	5.8202	1.5641	2.9998	1.4471	2.7356	3.037	3.9078	6.3736	4.5244	6.7562	-3.0585	1.8552	2.9043
PCO-B1-R2	6.517	3.4939	1.3594	12.4763	13.4053	-1.282	-0.9058	-5.7281	-2.6805	-6.1221	10.7842	10.4102	9.8995	-0.0722	8.8032	10.9679	-1.1805	-1.3778	-3.7719	-3.8935	-1.5085	-3.1929	-5.748	-6.6326	-4.9217	-3.4849	-3.6514	-1.3765	-4.1133	-3.5334	-6.613	-10.2338	-6.0924
D09-NF-R3	-6.9017	-11.9008	1.862	3.5175	2.1824	-7.197	-5.8588	2.9195	1.344	-5.7222	-2.381	-4.183	-7.8765	-1.2557	-5.3004	-2.3671	4.1406	6.1114	3.3746	2.3282	7.0742	2.0354	2.3111	0.0073	2.4044	4.861	3.1289	6.5579	3.1106	-1.1534	1.5711	-1.9779	3.2337
D01-ZF-R1	-5.8047	-9.1035	-3.8661	-3.7836	-1.0454	-5.6674	-4.1478	0.3971	1.5141	2.8097	0.7932	-3.0379	-7.556	1.2547	-4.4156	-1.2305	5.6007	7.2047	4.3082	3.1748	8.003	2.0084	-4.2216	-5.2588	2.6017	2.717	-2.5686	7.519	6.538	-1.7671	2.6628	-0.7991	5.1667
D04-NF-R3	-6.1122	-9.0645	-2.2734	-3.7237	-1.2802	-5.7037	-4.8834	-2.6389	-0.354	-5.1455	-0.1175	-2.2252	-6.9464	-1.9005	-1.4553	-1.1084	5.0733	7.6423	4.8437	3.7969	6.815	4.0094	2.2193	-1.9786	2.0399	5.9825	3.0183	3.6631	1.1868	4.622	0.9744	-0.322	1.3463
D04-ZH-R3	-5.1337	-9.1354	-1.5544	-3.9164	-1.2229	-5.5922	-2.0666	-1.8043	-0.4917	-4.9842	-1.766	-2.3754	-7.7235	-2.4151	-2.8576	-1.9996	4.7897	6.6991	3.986	4.2286	5.8325	3.1944	2.5529	-1.5753	1.6988	4.8972	2.5154	4.0716	2.4677	5.7656	1.2848	0.6557	1.9742
D09-OR-R3	-6.4415	-10.55	1.7651	3.1853	1.9525	-7.6781	-5.9728	2.9146	0.9065	-5.4117	-2.2741	-4.0392	-7.647	-0.7394	-5.295	-2.6769	4.6417	6.067	3.7436	1.9434	6.2002	2.3923	1.5728	-0.5237	1.3234	4.0104	1.9582	6.975	3.6751	-0.3018	2.2032	-1.1338	3.2547
D02-OF-R2	-5.7285	-7.0661	-0.9205	-4.2586	-2.4191	-6.9171	-4.5675	-0.2532	-0.4682	-3.1239	-1.6307	-2.5113	-7.3475	3.466	1.314	-1.3836	5.4968	7.0329	4.2238	4.271	6.9751	1.6054	-4.6527	2.1282	-0.2857	3.2422	0.3487	8.1067	3.4255	-0.7208	2.451	-4.0975	4.2651
D07-ZH-R1	-6.0867	-10.0168	-3.3687	-3.9654	-1.646	-5.7691	5.2343	2.1681	1.3069	-3.7204	-0.6876	-2.7627	-7.7499	-0.2012	-3.1489	-1.6383	5.3	6.7677	4.6652	3.8937	7.7428	2.5977	-3.6618	-1.9887	-3.6318	2.2808	-3.6448	7.8167	5.711	-1.7125	2.7034	2.6048	4.608
D05-ZR-R1	-5.4763	-8.3394	-5.5584	-1.7701	0.0679	-5.7945	-4.3615	2.8813	0.8735	2.7977	-1.2634	-3.7288	-8.7325	0.1424	-4.4151	-2.332	4.8922	6.1812	2.9365	2.9287	6.0653	0.9958	-4.0447	-4.3508	4.2348	5.0739	2.9969	7.1819	4.1487	-1.6349	0.3982	0.8178	6.1876
D10-OH-R2	-8.1989	-9.8403	-1.9528	-4.6285	1.3749	-7.0483	-5.6805	-6.7527	-4.915	-2.1354	-0.5287	-2.793	-7.3214	0.9031	-1.5043	-2.2733	5.4492	7.2957	3.6142	3.1328	6.4476	2.3779	4.6931	3.7061	-3.8291	0.7058	5.2322	9.0771	3.8315	1.7524	1.9496	3.2317	4.6274
D08-ZR-R3	-6.9633	-11.3225	-4.6017	-3.768	-0.8646	-5.3411	-4.1244	2.284	1.34	-0.4808	-1.3336	-2.6783	-7.1397	0.8736	-3.6155	-0.2291	5.2258	7.0715	3.7844	3.2137	7.459	2.3052	-4.3028	3.1363	-3.8049	1.7778	3.9139	8.6103	6.4909	-1.1665	3.3289	-3.877	4.7983
D03-OR-R2	-8.1361	-11.2148	-0.5846	-4.2765	-1.0407	-6.7384	-5.9026	-0.4886	-2.544	-1.295	-0.8217	-3.5608	-8.0178	2.3086	-4.004	0.6495	4.4168	6.4224	3.5136	2.7402	5.794	2.3252	3.9543	0.3232	0.4882	3.0819	4.1033	6.1486	3.9984	7.3538	-2.8644	1.3502	2.5177
D10-OF-R1	-8.1833	-11.0983	-1.7728	-4.7156	1.0151	-7.0309	-6.2707	-6.3205	-4.8827	-1.9524	-1.0349	-2.8521	-7.8553	1.4767	-1.5109	-2.3112	5.5536	7.1015	3.4694	3.0813	6.152	2.2881	5.0984	3.3297	-4.25	0.8195	5.262	9.5741	4.3348	2.4302	2.3449	3.6419	5.0685
D01-ZR-R2	-6.1762	-8.9958	-3.9889	-3.6934	-1.3137	-5.4767	-4.257	0.479	1.3044	2.0054	0.8628	-3.0358	-7.279	0.4472	-4.3123	-1.1298	5.7064	7.408	4.4232	3.1255	8.1175	2.2528	-3.9777	-5.0331	3.0722	2.9815	-2.2117	7.3894	6.4055	-1.8569	2.446	-0.7293	5.0407
D10-ZF-R2	-8.0533	-10.2887	-2.0839	-4.8368	1.2765	-6.9773	-5.8536	-6.83	-5.0471	-2.3338	-0.5645	-2.7253	-7.2665	1.5685	-1.5482	-1.6858	5.5189	7.5471	3.792	2.7578	6.7838	2.7586	4.6877	3.7858	-3.6683	0.8436	5.1585	8.8516	3.4857	1.6405	1.6829	3.0909	4.5327
D03-OH-R3	-8.1222	-11.6325	-0.6976	-4.0954	-0.8578	-6.6065	-3.9278	-0.0425	-2.5385	-1.6264	-0.6861	-3.9854	-8.2958	1.658	-3.6552	0.1025	5.0136	5.923	3.3113	2.6807	6.4736	1.8871	3.5847	0.5492	0.7329	2.5081	3.2163	6.241	4.1672	7.431	-2.8192	1.4381	2.6707
D07-OR-R1	-5.4694	-9.5945	-3.7393	-4.2502	-1.9219	-6.3804	4.4913	1.8815	1.0311	-4.1335	-0.1365	-2.8729	-6.9601	1.2097	-1.8923	-1.8122	5.2821	7.7356	4.5627	3.4183	7.8699	4.0109	-4.2287	-2.7566	-4.0601	3.9783	-2.9833	7.1004	5.1929	-2.426	1.9904	1.9564	3.9062
D01-OR-R2	-5.6555	-8.9716	-3.4603	-3.9731	-1.0054	-5.7559	-4.1842	0.4274	1.808	2.7883	1.4701	-3.0166	-7.2988	1.7878	-4.4212	-1.6929	5.4125	7.1646	4.2822	2.7819	7.4806	2.1327	-4.4367	-5.4159	2.3707	2.5862	-2.3743	7.4994	6.5039	-1.8488	2.6141	-0.8746	5.2752
PCO-B4-R1	6.7451	3.287	1.5686	12.3264	13.4405	-1.4446	-0.9871	-5.9023	-2.6349	-5.8521	11.2275	10.8275	10.4019	0.3878	9.9879	11.3137	-0.6568	-1.6081	-4.4236	-5.7735	-2.0619	-2.4438	-4.4083	-6.3172	-4.2417	-3.925	-3.6975	-4.0486	-5.3536	-3.0623	-7.5149	-8.6165	-6.5397
PCO-B2-R3	5.9584	3.0178	1.734	12.704	13.633	-0.7787	-0.2022	-5.2265	-2.1226	-5.6292	10.3899	9.9613	9.3436	0.1002	8.6252	11.0735	-1.3328	-1.8496	-4.4117	-5.2176	-1.8288	-2.8386	-4.5151	-5.7765	-4.0262	-3.4544	-3.514	-4.044	-4.8115	-3.035	-5.4311	-9.9326	-6.5623
D05-NF-R1	-5.6208	-7.857	-5.1796	-1.6562	0.1742	-5.5913	-4.2289	2.9405	1.3344	1.3775	-1.9639	-3.5926	-8.1851	1.6805	-4.05	-2.1272	4.8307	6.52	3.5856	2.1103	6.3592	1.4489	-3.9881	-4.5444	3.4936	4.808	3.0292	7.0339	3.4238	-1.8732	0.7733	0.4448	5.0897
D07-OR-R3	-5.5815	-10.3755	-3.6811	-4.3333	-1.8766	-6.284	5.2176	2.217	1.3564	-3.8676	-1.0047	-2.7858	-7.5144	0.5934	-2.4401	-1.7589	5.4435	7.5422	4.4728	3.4968	7.8577	3.8367	-4.2789	-2.7995	-4.2199	3.6258	-2.8764	7.6093	5.5686	-2.1256	2.4275	2.252	4.2867
D04-ZF-R3	-5.485	-9.0715	-1.2429	-3.9876	-1.0221	-5.6311	-5.1642	-2.2252	-0.5962	-5.148	-1.3662	-2.188	-7.3287	-1.9625	-1.9825	-1.7645	4.7904	7.0396	4.091	4.0952	6.3934	3.3489	3.2304	-1.3061	2.0262	5.3577	2.1901	4.0907	2.0091	6.0204	1.2872	-0.5267	2.0287
D04-OF-R1	-5.3229	-8.595	-2.0991	-3.7762	-1.2679	-5.6028	-4.975	-2.6042	-0.5219	-5.0967	-1.5676	-2.1876	-7.3679	-1.9538	-1.5758	-1.8223	4.9144	7.5034	4.6503	3.9014	6.582	4.0627	1.7909	-2.1314	1.7495	5.9694	3.0493	3.9667	2.0634	4.8797	1.1775	0.3774	1.8301
D04-ZH-R1	-5.3518	-8.9673	-1.2726	-3.7895	-0.9685	-5.5766	-4.9335	-1.7667	-0.2542	-4.9306	-1.5994	-2.3759	-7.4932	-2.0776	-2.81	-1.9231	4.8921	6.784	4.1231	4.4011	5.9171	2.9792	2.8538	-1.3254	2.0181	4.6691	2.1908	4.1534	2.3555	6.0968	1.3509	0.4834	2.1473
D05-NF-R2	-6.0333	-7.7465	-5.2632	-1.3446	0.2935	-5.16	-3.6679	0.818	1.0372	1.3599	-1.0983	-3.4571	-7.8644	2.3382	-3.4771	-1.8315	4.4737	6.7838	3.7483	1.6242	6.6986	1.6676	-3.5507	-3.9645	4.4151	5.2864	3.5962	6.4382	2.6296	-2.138	-0.1704	-0.4167	3.9757
D02-ZR-R2	-5.6312	-9.8691	-0.4233	-4.3751	-2.4589	-6.5413	-4.4581	0.7857	-0.4939	-2.9484	-0.4999	-2.7569	-7.3604	1.3443	0.3899	-1.1107	5.3124	7.2351	3.8785	4.86	6.889	1.5807	-4.2287	2.1873	-0.4685	3.0196	0.6684	8.5291	3.4373	-0.3325	2.8893	-3.6405	4.5908
D02-NF-R1	-5.4658	-6.3256	-0.4961	-4.0867	-2.2642	-6.5586	-4.4116	0.0729	-0.0638	-3.0393	-1.2147	-2.477	-6.8569	1.575	0.5797	-1.4115	5.2329	6.858	4.0362	4.3198	6.8397	1.7601	-4.4674	1.4897	-0.5468	1.5942	-0.0693	8.3346	3.6782	-0.4703	2.9936	-3.8564	4.7174
D02-ZF-R2	-5.9137	-6.5583	-1.3319	-4.4422	-2.9328	-6.4963	-4.3946	0.0256	-0.3237	-3.2733	-1.0297	-2.7939	-7.8945	2.4264	1.3459	-1.7117	5.4045	7.4921	4.4526	4.5941	7.3247	1.9041	-4.1692	2.1095	-1.1656	3.5804	0.631	8.0454	3.3915	-0.7971	2.4822	-4.1391	4.1576
D04-ZR-R3	-5.6784	-9.2235	-1.4749	-3.6298	-1.0387	-5.4019	-4.6355	-1.8696	-0.3561	-4.9411	-2.1782	-2.3782	-7.2959	-2.3693	-2.5789	-1.8235	5.0122	6.8789	4.11	4.5139	6.1938	3.2676	2.9542	-1.2472	2.0276	4.8028	2.3566	4.115	2.3415	5.8002	1.4441	0.2556	2.0468
NCO-B4-R3	-5.8329	-6.716	-4.9628	-3.1992	-3.3489	-3.5704	4.542	1.4564	0.4564	-4.0499	-5.25	-3.8536	-6.7937	0.8431	-3.1291	-1.2257	4.9232	6.9435	3.9886	3.0692	7.5893	3.3567	-1.7294	-3.9078	-1.9785	2.6533	-0.8284	7.192	4.9085	0.85	1.9413	1.9338	3.7287
D09-OH-R3	-6.4196	-10.3688	1.9298	3.6527	2.4351	-7.454	-5.8483	2.8171	0.7474	-5.5116	-2.2561	-3.9778	-7.8219	-0.934	-5.2085	-2.5433	4.6346	5.9578	3.9246	1.77	6.8523	1.9366	0.7823	-0.3805	1.3998	3.718	1.63	6.9672	3.5806	-0.1929	2.2095	-1.1936	3.1656
D03-NF-R2	-8.0956	-10.4095	-1.0964	-4.2372	-1.0287	-6.4979	-5.6818	-0.8214	-2.5116	-1.3281	-0.46	-3.5612	-8.5295	2.3486	-3.9697	0.5607	4.6482	6.7868	3.6602	2.4095	6.5575	2.4593	4.9811	0.709	2.3884	2.9804	4.5195	5.4041	2.9137	6.6741	-4.0689	0.7581	1.5382
D03-OF-R2	-8.0059	-10.9716	-0.5008	-4.2277	-0.934	-6.7189	-5.833	-0.224	-2.6565	-1.9715	-1.3475	-3.5734	-8.0916	2.0683	-4.0441	0.6287	4.2714	6.3188	3.4102	1.9873	5.9903	2.1235	4.7591	-0.0969	0.8184	2.7767	3.7789	6.4418	4.3263	7.583	-2.753	1.7449	2.9227
D02-OR-R1	-5.2652	-7.0202	-0.6066	-4.4946	-2.4954	-6.9666	-4.6919	0.2614	-0.2148	-2.8396	-0.3671	-2.5031	-7.272	2.4954	0.341	-1.6323	5.3591	6.3934	4.0811	4.587	6.5059	1.4559	-4.5394	2.0594	-0.171	2.1071	-0.7459	8.5828	3.8073	-0.2764	3.0165	-3.6423	4.6911
D06-OR-R1	-4.591	-9.2177	-3.4399	-2.6521	-0.2049	-5.8245	-4.1146	-1.3124	-4.7712	-5.2958	1.2973	-2.3498	-6.9669	1.3944	-3.266	-1.928	5.7636	7.552	5.7923	4.2325	8.449	2.5943	-3.7098	-4.2575	3.2455	5.4813	3.3831	10.0271	7.0654	0.285	-0.8	-5.7667	3.9061
D05-ZH-R2	-5.5957	-8.4107	-5.3254	-1.464	0.7014	-5.8808	-4.5437	3.0738	0.8618	2.5864	-2.3473	-3.6435	-8.385	0.0505	-4.588	-2.3975	5.1775	5.9211	2.8508	2.9541	5.7891	1.0161	-4.0619	-4.5292	4.2669	4.565	2.8096	7.4487	4.2365	-1.3996	0.6412	1.1103	6.5114
D06-OH-R1	-5.3895	-9.6446	-3.668	-2.5669	-0.4438	-5.2698	-3.7461	-1.9369	-4.298	-4.7133	0.8787	-2.1623	-7.275	1.739	-3.3781	-1.6345	5.7676	8.0752	5.5771	4.2307	8.7311	2.9268	-3.453	-4.1389	3.7623	6.3591	4.4591	9.1665	6.5119	-0.4825	-1.6158	-5.2983	2.9303
D07-NF-R2	-6.7314	-10.4027	-3.7205	-4.1217	-1.8713	-5.945	4.6033	1.9395	1.6864	-4.0535	0.0303	-2.8468	-8.3429	1.1532	-1.4006	-1.5609	4.513	7.2831	4.6438	3.1685	7.6993	3.8541	-3.8314	-2.5964	-4.1703	4.3568	-3.1933	7.1537	5.387	-2.2309	2.8151	2.5725	4.1602
D03-ZR-R3	-8.366	-11.0043	-0.5173	-3.9824	-0.9198	-6.4992	-6.1309	0.3537	-2.1241	-1.2697	-1.3347	-4.1231	-8.0836	0.1118	-3.7746	-0.9062	4.1278	5.6713	3.1813	3.6076	6.0204	1.236	1.9175	1.4635	2.3981	3.0221	3.9876	6.7367	4.9626	7.4814	-2.793	2.2518	3.2976
D04-OR-R2	-4.7494	-8.2731	-1.7675	-3.3709	-0.7521	-5.1936	-4.5643	-1.7519	0.0646	-4.4373	-2.0653	-2.1318	-6.767	-2.4589	-2.7132	-1.7911	5.368	6.2552	3.9622	4.5716	6.687	2.3406	1.2986	-2.0892	1.3723	4.2087	1.0212	4.4265	2.7518	5.4377	1.7149	0.9868	2.4092
D07-OF-R2	-5.7595	-10.8442	-3.548	-4.2806	-2.0488	-6.4268	5.4137	2.4673	1.3817	-3.733	-1.0013	-2.8867	-7.6179	0.5784	-1.8225	-2.207	5.1193	7.2258	4.4083	2.7151	7.3826	4.0096	-4.0467	-2.3766	-4.1268	3.2309	-2.8476	7.8164	5.6898	-2.02	2.9116	2.6346	4.609
D09-ZR-R2	-5.7324	-10.9094	1.6797	3.2307	2.0876	-7.3623	-5.9372	2.9248	0.968	-5.3392	-2.7472	-4.1834	-8.2677	-1.1734	-5.3646	-2.4937	4.4414	5.7608	3.3962	2.3809	6.6901	1.4185	2.0385	0.0464	1.8359	3.9429	1.76	7.0302	3.6482	-0.3055	2.194	-1.0114	3.3526
D03-OF-R1	-6.2099	-10.9836	-0.8349	-4.2339	-0.9632	-6.6175	-5.8908	-0.3669	-2.7078	-2.0673	-1.3367	-3.7112	-8.4523	2.2826	-4.1687	0.5081	4.3753	6.3813	3.3906	1.895	6.0422	2.1912	4.5971	0.0935	1.3159	3.1408	4.0829	6.1144	4.0422	7.0996	-3.112	1.4599	2.644
D08-OF-R2	-6.9881	-12.1172	-4.0875	-3.6733	-0.6884	-5.6029	-5.0019	2.1915	1.5677	-0.3864	-1.7115	-2.5992	-8.2005	1.9901	-3.7162	0.6546	5.5069	7.3474	4.418	2.8846	8.0495	2.4781	-3.9688	2.2552	-4.3069	2.0808	3.5654	8.7235	6.3919	-1.17	3.4724	-4.2913	4.9324
PCO-B3-R2	7.2019	3.3355	1.321	12.5728	13.3762	-1.2132	-0.7776	-6.1641	-2.6183	-5.9399	11.2281	11.1629	10.7448	0.0628	9.7415	11.241	-0.8054	-1.9553	-4.4405	-6.1464	-2.0768	-2.4324	-4.8735	-6.6357	-4.053	-4.055	-3.4092	-3.6671	-5.226	-3.1477	-7.253	-8.7932	-6.3052
D08-OH-R2	-6.0564	-11.8054	-4.358	-3.6787	-0.819	-5.646	-5.3303	2.552	1.5847	-0.4742	-1.546	-2.5771	-7.585	1.6769	-3.6608	0.2173	5.4984	7.2231	4.0779	3.1391	7.6651	2.3718	-3.7526	2.9039	-3.8274	1.6446	2.9655	8.6293	6.2784	-1.1607	3.3505	-4.3137	4.8126
D08-ZH-R2	-6.1735	-10.6135	-4.0854	-3.7	-0.694	-5.3854	-4.8751	2.5559	1.541	-0.2307	-1.7267	-2.7228	-8.6445	0.6567	-3.5759	0.5391	5.3562	6.7398	3.9203	3.1669	7.3164	2.1888	-3.7417	3.638	-3.6342	0.8445	2.2388	8.8728	6.3503	-0.8891	3.6408	-3.9451	5.0713
D10-OF-R2	-6.6064	-10.2357	-2.3752	-4.6501	0.8563	-6.999	-6.3984	-6.6567	-5.1223	-2.5586	0.0771	-2.6997	-6.9847	1.6345	-1.115	-2.1647	5.4679	7.36	3.8712	2.7941	6.486	2.6517	4.3066	3.2829	-4.2244	1.6202	5.6904	8.7547	3.624	1.5205	1.6753	2.8828	4.2348
D07-ZR-R2	-5.8986	-10.4664	-3.6175	-4.0783	-1.5585	-5.924	5.0625	2.1221	1.4273	-3.6767	-1.0959	-2.8181	-7.8794	-0.078	-3.2345	-1.7987	5.0717	7.1232	4.6782	3.9782	7.7952	2.9726	-3.6718	-1.9763	-3.6908	3.1758	-3.365	7.732	5.702	-1.6594	2.5645	2.5386	4.5442
D05-OH-R3	-4.469	-7.8362	-5.0181	-1.5702	0.4025	-6.0217	-4.3369	3.2373	0.8065	2.6177	-3.1087	-3.6245	-7.5371	-0.1478	-4.5196	-2.0483	5.7755	5.2028	3.4507	2.8088	5.905	1.1167	-4.0936	-4.5078	2.0157	3.3141	1.8901	7.8862	4.2774	-1.1119	0.9906	1.2978	6.9557
D03-OH-R2	-7.6689	-10.457	-0.4271	-3.849	-0.7706	-6.3637	-5.8845	0.1677	-2.5269	-1.8352	-1.2499	-3.6005	-8.1388	1.5529	-3.6656	-0.2073	4.9129	5.882	3.2767	2.8217	6.5961	1.7749	3.3781	0.4159	0.8272	2.6296	3.3061	6.1692	4.2443	7.5435	-2.8733	1.3617	2.6579
PCO-B2-R2	5.3919	2.3854	0.6828	12.3314	13.122	-1.5394	-0.9093	-5.7254	-2.8968	-5.7035	10.2465	9.885	9.4273	-0.4869	8.7368	10.6748	-1.4321	-1.4183	-3.8977	-4.0822	-1.2786	-3.2215	-5.4112	-6.95	-5.4498	-3.9692	-3.8812	-0.7174	-2.8747	-3.5433	-5.6844	-7.9117	-3.8994
D02-ZH-R3	-5.8064	-6.5421	-1.2491	-4.7041	-2.8456	-6.773	-4.5133	0.474	-0.2868	-3.2368	-0.2061	-2.6541	-7.4148	1.8383	0.3123	-1.8303	5.3281	7.2581	3.9883	4.8598	6.922	1.6852	-4.1927	2.1896	-0.1584	3.4894	0.8455	8.0638	3.5848	-0.7165	2.3363	-4.2411	4.1952
D06-OH-R3	-4.5035	-9.4969	-4.0539	-2.6778	-0.621	-5.572	-3.657	-2.1932	-4.2686	-4.9623	1.0134	-2.1784	-6.5779	2.1025	-3.4187	-1.8119	5.6712	8.2016	5.6319	4.088	8.6654	2.9774	-3.5	-4.1726	3.8476	6.5179	4.512	8.9868	6.1585	-0.5781	-1.7532	-5.199	2.822
D07-ZF-R2	-6.4233	-10.7302	-3.2699	-3.8982	-1.4071	-5.729	5.0412	2.1046	1.6921	-3.6438	-1.4748	-2.9908	-7.8863	0.2137	-2.6763	-1.5017	4.892	6.9699	4.6609	3.9098	7.8111	2.4764	-3.8014	-2.0905	-3.8414	3.198	-3.3808	7.7753	5.8263	-1.8831	2.829	2.6148	4.6137
D03-NF-R1	-6.6705	-10.9724	-1.9005	-3.8943	-0.7322	-5.9764	-5.5475	-2.8149	-1.5949	-1.0325	-0.9568	-3.1091	-7.8835	2.6822	-3.7922	1.4224	4.8084	7.0617	3.8328	1.1263	6.8655	2.7041	5.9965	0.2378	2.1635	2.8444	4.5712	4.5195	2.5897	5.4388	-4.7132	1.7981	0.928
D02-NF-R2	-5.9716	-6.6347	-1.3764	-3.9624	-2.2704	-6.5811	-4.2593	0.0044	-0.1888	-3.1996	-1.1282	-2.5295	-7.4641	3.0833	1.3332	-1.5351	5.5592	7.2378	4.4142	3.8322	7.0196	2.1516	-4.3056	2.2505	0.0905	3.3448	0.7745	7.7123	2.6318	-1.2481	2.1082	-4.7003	3.8071
D05-OF-R2	-5.5877	-7.9086	-5.5136	-2.0799	-0.328	-5.6117	-4.2994	2.6707	0.4788	1.9654	-2.287	-3.5871	-8.0751	1.6004	-4.1394	-2.3384	5.1379	6.7402	3.3843	2.18	6.245	1.2041	-4.0892	-4.5533	3.6366	5.3141	3.354	7.2639	3.6752	-1.6434	0.3514	0.7036	6.1362
D02-ZR-R1	-5.8717	-7.113	-1.2981	-4.5384	-2.9346	-6.5542	-4.4352	0.5156	-0.4135	-3.1147	-1.0151	-2.8052	-7.6824	1.6076	0.82	-1.6709	5.5259	7.4619	4.0667	4.7176	7.0898	1.9855	-4.117	2.6096	-0.5775	3.3864	0.9798	8.1363	3.3212	-0.7012	2.5988	-4.2292	4.249
D03-ZF-R2	-6.9439	-11.6843	-1.1202	-4.4347	-0.8368	-6.545	-5.9269	-0.8685	-3.1972	-1.4972	-1.397	-3.758	-8.39	2.5418	-3.9933	0.4176	4.471	6.6772	3.5317	2.8158	6.3863	2.3291	4.8944	0.9217	2.6797	3.3698	4.2975	5.5288	3.4768	6.8644	-3.4604	0.8714	1.9784
D01-ZH-R3	-6.0441	-8.5393	-3.9083	-3.7435	-1.1951	-5.5862	-4.3545	0.5936	1.5082	2.4937	1.6331	-2.9974	-7.7736	0.3353	-4.5812	-1.2826	5.5557	6.8005	4.2508	3.2101	7.9763	2.0985	-4.1436	-5.0991	2.9741	1.7584	-2.7814	7.7849	6.7399	-1.5482	2.8326	-0.4726	5.505
D02-ZH-R1	-5.5857	-6.7042	-0.9597	-4.4539	-2.7237	-6.7694	-4.571	1.0199	0.2241	-2.8848	-1.919	-2.8216	-7.2464	0.7796	-0.637	-1.3181	5.5218	6.8937	3.9173	5.2662	6.6299	1.4046	-4.0423	2.7508	0.2561	2.6682	0.0897	8.4381	3.8158	-0.4064	2.7612	-3.8924	4.4985
D05-ZR-R3	-4.9745	-8.3493	-5.6121	-1.801	0.0904	-6.3433	-4.8254	2.8654	0.4216	2.6817	-1.5532	-3.625	-8.5655	0.4902	-4.5136	-2.1228	5.2299	6.3635	3.1941	2.704	5.8237	1.3131	-4.2783	-4.6061	4.3624	4.5627	2.6458	7.5025	3.9229	-1.4402	0.7495	1.1209	6.5662
D05-OR-R2	-5.4421	-7.897	-4.921	-1.6657	0.2057	-5.6748	-4.3634	2.5294	0.4407	2.1469	-1.85	-3.4983	-8.1013	1.035	-4.2621	-2.2461	5.1734	6.5917	3.5595	2.3955	6.481	1.1565	-4.2653	-4.653	3.0003	4.9924	3.1923	7.1554	3.6382	-1.8083	0.2078	0.5675	6.1794
D06-OH-R2	-5.405	-9.6055	-3.64	-2.654	-0.5084	-5.5831	-3.9472	-1.9097	-4.2598	-4.9514	0.9079	-2.2958	-6.3781	2.0853	-3.402	-1.6343	5.6979	8.011	5.6566	4.1835	8.7653	2.9045	-3.5939	-4.1004	3.7037	6.1568	4.2858	9.232	6.4898	-0.4226	-1.5467	-5.2846	3.0426
D06-ZF-R3	-5.2469	-9.7614	-3.5792	-2.7818	-0.9587	-5.9468	-3.2238	-2.9106	-4.5576	-4.8494	1.1384	-2.1175	-6.318	3.0096	-3.0378	-1.6247	5.9608	8.8921	6.1989	3.655	8.8863	3.728	-3.7309	-4.2824	4.3827	7.1027	5.0468	8.2528	5.2893	-1.3199	-2.4884	-4.9564	2.1489
D03-OR-R3	-8.0508	-11.2164	-0.7918	-4.2058	-1.0927	-6.5491	-5.8171	-0.5908	-2.513	-1.2686	-1.29	-3.7184	-8.0279	2.3914	-3.9947	0.7008	4.5106	6.5518	3.6201	2.7633	5.9042	2.4069	3.9753	0.433	0.6416	3.1351	4.2063	6.0898	3.9405	7.1762	-3.0355	1.2675	2.4481
D08-OR-R2	-6.3899	-10.847	-4.2689	-3.5723	-0.6784	-5.6491	-5.1557	2.5083	1.7204	-0.5858	-0.8992	-2.8111	-7.4288	1.6892	-3.9534	-0.0384	5.3369	6.9427	3.8711	3.2804	7.696	1.9841	-4.1501	2.2698	-4.1763	2.0025	3.5806	8.5643	6.4542	-1.1881	3.3054	-4.2549	4.8417
D09-NF-R1	-6.5938	-11.1701	1.3827	2.9557	1.9224	-7.3787	-6.1043	2.6144	0.9375	-5.85	-2.1262	-3.9618	-7.863	-0.1019	-5.0527	-2.2357	4.714	6.5188	3.9598	1.7758	6.8881	2.7089	1.4924	-0.0866	2.4937	4.5733	2.9657	6.3926	2.5429	-0.9476	1.6819	-1.9113	2.8632
D09-OH-R1	-6.3014	-10.8334	1.3383	2.9072	1.9077	-7.1883	-5.6679	3.0004	1.0428	-5.2095	-2.471	-4.072	-8.0874	-1.0481	-5.3038	-2.4326	4.5928	5.9267	3.9422	2.1602	6.6309	2.331	0.6914	-0.0343	1.628	3.7359	1.7872	6.9985	3.8869	-0.3157	2.2495	-1.0789	3.2871
D07-OR-R2	-5.2268	-9.587	-3.3984	-4.3508	-1.5969	-6.2282	5.7663	2.881	1.7131	-3.2517	-2.1269	-2.9072	-7.9854	-0.0597	-2.965	-1.4883	5.2948	6.7579	4.0407	3.4568	7.3217	3.2009	-4.6195	-3.3762	-4.4605	2.6759	-3.3323	8.1092	6.2778	-1.7075	3.3219	2.8976	4.9529
NCO-B2-R3	-3.5237	-4.9418	-5.0581	1.941	2.093	2.2452	-2.6444	-2.6411	-1.3722	-4.8054	-3.7573	-0.3217	-0.5814	0.8765	-0.0289	-0.8463	3.8257	5.394	2.5995	4.0597	5.3314	-0.0426	-3.889	-0.8652	-1.6495	1.1838	-0.2812	6.6117	2.9661	-1.6573	1.1987	-4.881	3.4618
D06-ZH-R1	-5.5662	-9.497	-3.7023	-2.6229	-0.1311	-5.012	-4.1849	-1.1004	-4.0457	-3.8273	-0.1138	-2.3789	-7.0671	0.3221	-3.3016	-1.8906	5.7692	7.0255	5.2441	5.359	8.2439	2.3433	-3.378	-3.3318	5.4848	4.6461	2.8356	9.7037	7.4283	0.1669	-0.8034	-6.2247	3.6072
D05-ZF-R3	-5.1129	-8.1535	-5.6006	-1.8597	0.1917	-6.0035	-4.6296	2.4875	0.599	2.3833	-1.2497	-3.6284	-7.9579	1.422	-4.3824	-2.2871	5.0824	6.661	3.3264	2.5764	6.3114	1.0212	-4.1467	-4.5137	3.9074	5.1152	2.878	6.931	3.6484	-1.7756	0.2393	0.5864	5.9336
D09-ZH-R1	-6.1865	-11.0816	1.6296	3.0863	2.1316	-7.0905	-5.8388	3.1437	1.0121	-5.1254	-2.5681	-4.1766	-8.2782	-1.2743	-5.4109	-2.3924	4.5341	5.4069	3.38	2.4297	6.5094	1.0275	1.8639	0.1442	2.0012	3.4368	1.4414	7.2021	3.9204	-0.0641	2.4234	-0.7733	3.5364
D01-OR-R1	-5.5248	-9.0776	-3.8289	-3.8211	-1.016	-5.5137	-4.3196	0.5309	2.1285	3.1098	1.1956	-3.1646	-8.4153	1.2715	-4.6415	-1.8477	5.373	6.7286	4.1341	3.2278	7.515	2.0286	-4.273	-5.3332	2.032	2.225	-2.4596	7.8806	7.1773	-1.4943	3.1747	-0.6472	5.6453
D06-OF-R2	-6.6607	-9.4789	-2.8914	-2.6952	0.0303	-5.7423	-3.9345	-1.1757	-4.7694	-5.5322	0.8908	-2.4556	-6.6525	2.9489	-3.576	-1.9779	5.7583	8.1128	5.8543	3.3607	8.3316	2.9162	-3.8894	-4.7093	3.3606	6.4488	4.6573	10.002	7.2336	0.0295	-1.0874	-6.2162	3.5091
D10-OH-R3	-6.5955	-10.4002	-2.0086	-4.6494	1.3604	-7.2309	-5.8204	-6.386	-5.0177	-2.0055	-0.7107	-2.81	-6.7888	0.733	-1.6511	-2.1697	5.2458	7.183	3.4729	3.0792	6.2142	2.3554	4.5991	3.8801	-3.8275	0.4182	5.0361	9.1465	4.0153	1.8689	1.9436	3.0734	4.447
D08-NF-R3	-5.7664	-10.6689	-4.3993	-3.6854	-1.0069	-5.5037	-5.4382	2.2417	1.1017	-1.255	-1.0859	-2.3844	-8.0676	2.6742	-3.343	0.5169	5.4902	7.7545	4.5084	2.4759	8.0819	3.1012	-3.8218	2.5117	-3.9468	2.7807	4.3399	7.8261	5.056	-1.754	2.3854	-4.8038	4.0845
D03-ZR-R2	-8.0309	-10.661	-1.1368	-4.111	-1.1347	-6.3852	-5.8173	-0.0895	-2.5405	-1.1601	-1.4912	-4.0313	-8.8757	0.4482	-3.8349	-0.3795	4.4081	6.1292	3.3313	3.5394	6.0592	1.5285	3.2893	1.4038	2.5955	3.3658	4.432	6.2748	4.385	6.9614	-3.0217	1.7381	2.8115
D04-OH-R3	-4.9959	-8.6597	-2.1133	-3.5105	-0.8788	-5.2834	-4.6597	-2.0362	-0.1932	-4.6303	-1.7165	-2.0717	-7.0965	-2.3328	-2.4912	-1.8737	5.2486	6.5525	4.2407	4.6294	6.6296	2.9155	1.2614	-1.8792	1.6931	4.9794	2.0651	4.2139	2.5315	5.2038	1.4725	0.6637	2.1216
D04-NF-R2	-5.2991	-8.2713	-2.3013	-3.4952	-1.1917	-5.3384	-4.7676	-2.367	-0.0941	-5.0051	-1.8177	-2.3192	-7.5292	-2.171	-1.5863	-1.7	4.9959	7.3769	4.6413	4.0344	6.7595	3.7626	2.3582	-1.9154	1.95	5.7121	3.0456	3.7697	1.6789	4.6217	1.1086	-0.1889	1.5433
D01-NF-R3	-6.1265	-9.4406	-4.0615	-3.758	0.3892	-5.5427	-3.9821	0.1089	2.341	4.0498	0.6668	-2.9747	-7.7295	2.3517	-4.0409	-1.594	4.8185	7.2138	3.9818	2.6221	7.9086	1.897	-4.0233	-5.3512	2.6108	3.5435	-1.8833	6.4123	6.0288	-2.2548	2.3434	-1.5043	4.9795
D07-ZR-R1	-6.1932	-9.5936	-3.3072	-3.935	-1.7774	-5.8994	5.3377	2.1704	1.523	-3.6739	-1.5129	-2.769	-7.8326	-0.4669	-3.2032	-1.6685	5.2972	6.7216	4.6771	3.994	7.8057	2.4951	-3.6316	-1.7826	-3.626	2.4231	-3.6328	7.8701	5.7452	-1.8206	2.8921	2.6443	4.7298
D09-OR-R1	-5.6217	-11.0394	1.9333	3.3229	2.2786	-7.5803	-5.7155	3.3131	1.1909	-4.9412	-2.0353	-4.1524	-8.2331	-1.2706	-5.3572	-2.5451	4.6689	5.4784	3.3427	1.9177	6.1999	1.5309	1.06	-0.7976	0.9103	3.5162	1.3096	7.4062	4.1755	0.1041	2.6356	-0.699	3.6935
D07-ZR-R3	-5.868	-10.4428	-3.6045	-4.087	-1.8704	-6.1854	4.9232	1.9097	1.2219	-4.0596	-1.1962	-2.6643	-6.9659	0.8702	-2.6207	-1.7673	5.1923	7.4951	4.7483	3.6372	7.9227	3.4943	-3.8538	-2.1369	-3.7899	3.6807	-3.3115	7.4285	5.3678	-2.165	2.2936	2.1785	4.2253
D08-OR-R1	-6.1915	-10.4231	-4.2892	-3.9025	-0.9872	-5.8476	-5.1796	2.7103	1.7052	-0.4374	-0.7135	-2.5804	-7.81	1.6179	-3.8395	-0.1227	5.4677	7.0612	4.4101	3.1504	7.472	2.3327	-4.2917	2.5929	-4.2386	1.4942	2.8798	8.7217	6.3285	-1.1499	3.4174	-4.2621	4.9045
D02-ZR-R3	-5.5494	-6.1338	-0.849	-4.8181	-2.6774	-6.6204	-4.6115	0.6796	-0.2246	-3.0335	-1.2311	-2.7945	-7.313	1.0012	0.162	-1.711	5.2869	7.1564	3.7391	4.9449	6.8586	1.5003	-4.3413	1.934	-0.7563	3.096	0.8525	8.5331	3.552	-0.3292	2.8661	-3.7415	4.573
D01-OF-R3	-5.2505	-8.997	-3.5851	-4.0398	-1.3606	-5.857	-3.9804	0.1378	1.5636	1.3377	1.0274	-2.7337	-7.1784	2.0123	-4.1159	-1.5765	5.5739	7.6296	4.6306	2.5937	7.9703	2.282	-4.3414	-5.423	2.2438	2.9991	-1.9751	7.4162	6.3123	-1.9398	2.5814	-1.1734	5.2158
D01-NF-R1	-5.7314	-9.3439	-4.0445	-3.6385	0.2451	-5.5072	-4.0202	-0.2995	2.6012	4.169	-0.1012	-2.8659	-7.1912	2.7049	-3.8787	-1.3512	4.9245	7.3842	3.9523	2.5516	7.9907	1.964	-3.9987	-5.3153	2.4151	3.6102	-1.9254	6.1384	5.8611	-2.3882	1.7557	-1.5524	4.8853
D01-NF-R2	-7.0797	-10.3095	-4.1948	-3.3787	0.2312	-5.288	-4.0963	-0.0259	2.9948	4.1703	-0.0321	-2.6649	-7.5987	1.7764	-4.0893	-1.1187	4.9769	6.8842	3.7844	3.265	8.1349	1.649	-3.7811	-5.1365	1.803	3.5184	-1.9646	6.5396	6.6842	-2.0002	2.2121	-1.1944	5.3292
D07-NF-R3	-6.8902	-9.8347	-3.5279	-3.9693	-1.7509	-5.7756	4.074	1.9714	1.6664	-4.1568	-1.3822	-2.743	-6.9433	1.1845	-1.3579	-1.3129	4.4925	7.4402	4.6821	3.2073	7.8283	3.9975	-3.6971	-2.4523	-4.0394	4.5583	-2.8369	6.7079	5.1828	-2.3961	2.2009	2.1531	3.7193
D10-ZF-R1	-6.8694	-10.6727	-2.2226	-4.8462	1.8785	-7.1	-6.1394	-6.8483	-5.3406	-2.3267	-0.2644	-2.8952	-7.0862	1.625	-1.5135	-1.6816	5.2663	7.3451	3.6	2.6822	6.555	2.6625	4.3716	3.6384	-3.3246	0.396	4.8564	8.9872	3.3773	1.9112	2.1878	3.4321	4.3585
D08-OR-R3	-6.098	-11.2209	-4.2589	-3.8517	-0.2269	-5.8459	-5.1132	2.7931	1.8489	-0.3161	-0.865	-2.8807	-7.3806	1.3797	-4.0377	0.1764	5.2819	6.6738	3.9068	3.2655	7.5895	1.9882	-4.3522	2.6841	-4.1014	1.6332	2.8804	8.7214	6.6161	-1.1232	3.5047	-4.2357	4.9645
D09-OR-R2	-6.2611	-10.9099	1.9701	3.4796	2.1698	-7.5138	-5.9261	2.9756	0.997	-5.3724	-1.7218	-4.1444	-7.9863	-0.649	-5.4391	-2.8122	4.5091	6.0406	3.6553	1.9817	6.1894	2.2085	1.2068	-0.6425	1.2123	4.2532	2.2209	6.8813	3.7812	-0.4384	2.1189	-1.2088	3.1746
D10-ZH-R2	-8.0474	-9.3329	-1.9151	-4.4635	1.6796	-5.4502	-5.6342	-6.4148	-4.6754	-2.0579	-0.7769	-2.6785	-7.1978	0.0159	-2.8095	-2.5475	5.5444	6.6269	2.6085	3.5738	5.73	2.1633	4.9453	3.7957	-3.1055	-0.7311	4.5665	9.116	4.2219	1.9893	2.194	3.8436	5.2234
D09-ZH-R3	-5.1468	-10.678	2.2407	3.8105	2.5434	-7.1963	-5.8764	3.2403	1.11	-4.9913	-2.7327	-4.1463	-8.1232	-1.9779	-5.3778	-2.5381	4.6507	4.8931	3.3014	2.4136	6.3847	0.4514	1.4662	0.3986	2.0517	2.1041	-0.2303	7.5608	3.9174	0.2981	2.7744	-0.4306	3.8345
D10-OR-R2	-8.1716	-10.1547	-2.0067	-4.6053	0.6818	-7.2209	-6.0358	-6.589	-5.078	-2.0522	-0.9202	-2.9942	-6.7667	1.3357	-1.2135	-1.9105	5.5155	7.1511	3.9735	3.2756	6.4324	2.7301	4.0804	3.5763	-4.1056	1.1121	5.1161	9.197	3.6554	1.521	2.2208	3.508	4.7421
D07-ZH-R2	-5.8147	-9.617	-3.206	-3.8911	-1.6391	-5.6115	5.3386	2.2319	1.4331	-3.545	-0.5902	-2.7223	-8.1238	-0.6424	-3.0894	-1.6547	5.252	6.4458	4.6282	4.029	7.5743	2.2368	-3.6036	-1.8671	-3.5382	1.5681	-3.7118	7.8671	5.8523	-1.8143	2.8445	2.6993	4.6813
D10-OR-R3	-7.0506	-10.2715	-2.3042	-4.7979	0.8304	-7.2789	-6.0883	-7.0651	-5.3261	-2.339	-0.5969	-2.8783	-7.1028	1.7585	-0.7761	-1.6387	5.3707	7.262	4.0213	2.7497	6.5543	3.0403	4.4146	3.2535	-3.7515	1.2656	5.2589	8.9124	3.2217	1.4486	2.0627	3.3361	4.5043
D06-OR-R2	-4.9881	-9.552	-3.6664	-2.5501	-0.2777	-5.8537	-4.023	-1.3386	-4.6551	-5.2351	1.154	-2.28	-6.6486	1.6041	-3.5064	-1.874	5.815	7.7258	5.8154	4.4062	8.3662	2.8675	-3.7349	-4.27	3.2246	5.8497	3.911	9.8042	7.0866	0.0527	-0.9511	-5.898	3.6202
D08-NF-R2	-5.3749	-10.8058	-3.8104	-3.696	-0.7217	-5.7728	-5.5392	2.2082	1.4005	-1.0156	0.7657	-1.8605	-6.9471	1.6874	-3.6681	0.4448	5.2368	7.2855	4.2546	2.1936	7.7195	2.54	-4.1507	1.7617	-4.174	2.0332	3.5725	8.2231	5.2128	-1.4605	2.9144	-4.9015	4.4443
D02-OH-R1	-5.7458	-6.8587	-1.054	-4.446	-2.5928	-6.6128	-4.4556	-0.153	-0.5062	-3.1797	-0.8421	-2.6754	-7.6549	3.0838	1.1873	-1.6633	5.438	7.256	4.0977	4.3676	7.0594	1.8074	-4.2525	2.0482	-0.328	3.0027	0.4571	8.0772	3.3566	-0.7559	2.5107	-4.1822	4.2094
D01-OH-R3	-5.4306	-9.2604	-3.7748	-3.8215	-1.2074	-5.7831	-4.2046	0.1803	1.7807	2.1628	1.3662	-2.8517	-7.5538	1.778	-4.2408	-1.2134	5.6032	7.2225	4.2572	2.9567	8.1887	2.343	-4.2967	-5.2632	1.6934	2.4747	-2.4635	7.5507	6.5569	-1.7497	2.5992	-0.9265	5.3278
D04-ZF-R2	-5.684	-8.5873	-1.3336	-3.7907	-0.9702	-5.5506	-4.9668	-1.9903	-0.3924	-5.1055	-1.2784	-2.7078	-7.4546	-2.0884	-2.0248	-1.7794	4.7734	6.9172	4.0219	4.2407	6.4324	3.2574	3.2657	-1.3216	2.063	5.2663	2.3248	4.0098	2.1433	5.8858	1.2166	-0.7593	1.9674
D07-OH-R1	-5.4104	-9.7481	-3.5375	-4.1203	-1.8709	-6.1144	4.7748	1.8713	1.1704	-4.0241	-0.9204	-2.7501	-7.7041	0.3077	-2.3601	-1.4883	5.3202	7.5674	4.5795	3.7207	8.1733	3.9357	-3.9697	-2.5472	-3.9316	3.333	-2.8965	7.2837	5.3091	-2.1887	2.1991	2.0202	4.0164
D02-ZF-R1	-5.2419	-7.8425	-1.1081	-4.4427	-2.9516	-6.6785	-4.5462	0.0778	-0.044	-3.1581	-0.7452	-2.6291	-7.6715	2.2934	0.9209	-1.7302	5.3578	7.257	4.2837	4.8482	7.226	1.5741	-4.2637	1.9652	-1.0463	3.1561	0.1304	8.3719	3.6521	-0.4413	2.8279	-3.9059	4.5042
D05-OF-R1	-5.3794	-8.1944	-5.5284	-2.2561	-0.4118	-5.8894	-4.521	2.8944	0.5655	2.1584	-2.0397	-3.6826	-7.8726	1.5183	-4.2655	-2.5055	5.2452	6.5741	3.2362	2.233	6.0748	1.181	-4.2514	-4.6939	3.6082	5.1396	3.1	7.5621	3.9674	-1.4944	0.65	0.9709	6.3069
D08-OF-R1	-5.79	-10.7394	-4.477	-3.7467	-0.9011	-5.5815	-5.2061	1.9352	1.5159	-0.8	-1.1675	-2.6701	-7.6699	2.2736	-3.6378	0.2554	5.4435	7.3205	4.3471	2.83	7.8883	2.5774	-4.1022	2.2737	-4.3962	2.2616	3.7393	8.3308	6.1095	-1.4839	3.2199	-4.429	4.477
D05-NF-R3	-6.3303	-7.9035	-5.1715	-1.4264	0.2561	-5.2283	-3.7521	2.5969	1.3269	1.6666	-2.5335	-3.585	-7.4849	1.6002	-3.845	-2.0212	4.6339	6.5156	3.6152	2.1224	6.5638	1.4479	-3.7776	-4.0071	3.9169	5.1828	3.4059	6.6454	2.9283	-1.9865	0.2438	-0.2538	4.6379
D08-ZH-R1	-6.0079	-10.8103	-4.3761	-3.846	-1.277	-4.7255	-5.1662	2.4582	1.0117	-0.5717	-1.2224	-2.8055	-7.2875	0.7715	-3.6906	0.0126	5.1567	7.0054	4.0817	2.8198	7.2813	2.8396	-3.964	3.1778	-3.3515	1.5741	3.7658	8.4361	6.082	-1.0872	3.1805	-4.1106	4.6452
D10-ZF-R3	-8.1645	-10.993	-2.5237	-4.9091	1.1993	-7.1569	-5.9038	-6.7036	-5.2119	-2.7458	-0.3471	-2.6748	-6.4982	2.4509	-0.6811	-1.6415	5.5366	7.7612	4.0522	2.7211	7.031	2.9017	5.0609	3.209	-3.5324	1.2561	5.6439	8.4052	3.1089	1.1908	1.3223	2.7438	4.0924
D10-OR-R1	-7.0596	-10.1887	-2.1674	-4.6929	0.6112	-7.38	-6.2623	-6.8991	-5.0439	-2.2015	0.2127	-2.8796	-7.0187	1.334	-1.1184	-2.0836	5.4784	7.1778	4.0083	3.1203	6.466	2.9018	4.0499	3.4914	-3.9882	1.2212	5.2115	8.9618	3.4137	1.5412	1.9329	3.318	4.5318
PCO-B4-R3	7.711	9.5208	-0.3624	10.9223	13.1563	-2.696	-1.8038	-6.6458	-3.5454	-6.9008	11.379	11.3717	10.7955	0.1955	10.6509	11.11	-1.2292	-1.6396	-4.102	-5.2642	-1.3317	-2.7822	-5.5481	-8.5419	-5.1445	-4.0812	-3.7807	-2.0159	-4.3016	-2.7346	-6.8284	-9.2491	-6.2838
D10-NF-R2	-8.2941	-9.5598	-2.2832	-4.37	1.1929	-6.7746	-5.5579	-6.6719	-4.9511	-2.7048	-1.161	-2.7338	-6.9515	0.5984	-0.9572	-1.9721	5.9052	7.3491	3.717	2.9141	6.2852	2.3997	4.7243	2.5865	-3.9954	1.0792	5.8009	8.7002	3.978	1.2306	2.2988	3.6457	4.533
D02-ZH-R2	-5.57	-6.9325	-1.0072	-4.3078	-2.4311	-6.4697	-4.5157	0.7223	-0.2244	-2.8444	-1.9123	-2.9434	-7.3456	1.5775	0.2272	-1.649	5.336	7.097	3.8993	4.8333	6.829	1.657	-4.1515	2.562	0.162	3.1798	0.6041	8.0978	3.5644	-0.718	2.3888	-3.9228	4.208
PCO-B4-R2	7.4359	3.8658	1.0003	12.3129	13.133	-1.4702	-0.9075	-6.884	-2.6951	-5.3982	11.14	10.992	10.513	-0.0128	9.7903	11.1769	-1.0365	-1.561	-4.0516	-5.2283	-1.7656	-2.3993	-4.853	-6.5299	-4.884	-3.1714	-3.7322	-3.0613	-5.4744	-3.3488	-6.6286	-9.9423	-6.324
D06-NF-R2	-6.134	-9.1665	-3.4487	-2.5743	-0.1552	-5.338	-3.2872	-2.156	-4.1395	-5.0091	0.6304	-1.9032	-5.9727	1.3262	-3.2891	-1.3485	5.8419	8.4226	5.5229	4.0186	9.003	2.9778	-3.3464	-4.0208	3.561	6.8106	4.8453	9.0235	5.4963	-0.7085	-2.416	-5.601	2.5348
D10-ZR-R2	-8.4274	-10.0572	-1.9044	-5.0305	3.2609	-7.0841	-6.2546	-7.2249	-5.0348	-1.8858	-0.2563	-2.7079	-7.0214	0.7695	-2.2662	-2.3857	5.4632	7.1405	3.1192	2.7235	6.0315	2.538	5.2949	4.0885	-2.7912	-0.5001	3.9167	9.4237	3.6669	2.2838	2.4617	3.7651	4.885
D01-OF-R2	-6.4275	-9.2946	-3.8136	-3.9214	-0.8911	-5.7132	-4.0791	0.3774	1.9935	2.9271	1.3331	-3.0721	-8.0988	2.1493	-4.4171	-1.7474	5.1679	7.3513	4.2842	2.7879	7.8079	2.1924	-4.2629	-5.4524	1.9582	2.9567	-2.2219	7.5473	6.7422	-1.6532	2.8294	-0.9155	5.5762
D04-OF-R2	-5.0919	-8.6946	-1.5341	-3.7704	-1.17	-5.5207	-5.0035	-1.8156	-0.2588	-4.2846	-1.8075	-2.3847	-7.9331	-2.2959	-2.37	-2.0668	5.1287	6.4536	3.7916	4.2463	5.9904	2.9902	1.2767	-2.4555	1.329	4.9736	2.0048	4.7829	3.2553	5.861	2.2391	1.2556	2.8789
D10-ZR-R1	-7.069	-10.3628	-2.1816	-4.816	1.2178	-6.5849	-5.6137	-6.5587	-5.0775	-2.1413	-0.8279	-2.7622	-6.7356	0.6066	-2.3589	-1.6715	5.3118	7.2226	3.2478	2.8278	6.163	2.8945	4.695	3.924	-3.2301	0.4935	5.3953	8.9507	3.6977	1.6985	1.8618	3.3083	4.4752
PCO-B1-R1	6.2005	3.3657	1.5096	12.8773	13.6847	-0.8734	-0.4496	-3.8802	-2.2894	-5.498	10.7524	10.5319	9.952	0.0614	9.0193	11.1129	-1.3102	-1.8706	-4.3008	-6.0687	-2.0692	-2.887	-4.8917	-6.0718	-4.1155	-3.6693	-3.3766	-3.856	-4.7104	-2.8868	-7.9866	-9.7056	-6.3004
D04-ZH-R2	-5.2939	-9.2399	-1.1838	-3.9176	-1.1499	-5.5322	-5.0051	-1.9001	-0.6901	-4.8528	-1.5977	-2.345	-7.1784	-2.1679	-2.7124	-1.7551	4.9936	6.9487	4.3025	4.2027	5.835	3.2958	2.4078	-1.2974	1.9397	4.7093	2.1618	4.262	2.2509	6.0947	1.6178	0.5469	2.2501
D02-ZF-R3	-5.9443	-6.523	-1.3834	-4.4884	-2.7412	-6.4341	-4.2082	-0.1068	-0.4397	-3.349	-1.544	-2.704	-7.9613	2.7119	1.5497	-1.7117	5.4157	7.6994	4.5539	4.4263	7.4557	2.1065	-4.0835	2.1059	-1.0338	3.9179	1.0226	7.8048	3.1385	-0.9952	2.1932	-4.3563	3.9063
D06-NF-R3	-5.8825	-9.5715	-3.7417	-2.6295	-0.3927	-5.405	-3.2407	-2.1523	-4.113	-4.9069	1.384	-2.0757	-6.7757	1.3234	-3.2092	-1.3074	5.8124	8.4647	5.6021	4.0227	8.9838	3.1006	-3.372	-4.0722	3.8168	6.8919	4.8843	8.912	5.517	-0.7029	-2.3118	-5.392	2.5391
D01-OH-R2	-5.6851	-9.0612	-3.6325	-3.9273	-0.2061	-5.864	-4.3332	0.5004	1.8581	2.0942	1.5771	-2.9273	-7.7433	1.1107	-3.826	-1.3211	5.6592	6.8762	4.0282	3.0746	8.0781	2.3476	-4.5131	-5.4297	1.7114	1.8782	-2.8897	7.8498	6.6656	-1.5729	2.7706	-0.6404	5.4928
D07-OF-R1	-5.9738	-10.1425	-3.7142	-4.2808	-2.1535	-6.2851	4.9699	2.1812	1.2546	-4.0596	-1.0418	-2.8971	-7.6654	0.7163	-2.3275	-1.7307	5.268	7.6955	4.7937	3.0565	7.879	4.0785	-3.9445	-2.366	-4.0807	3.8759	-2.9089	7.4119	5.5013	-2.0574	2.461	2.2352	4.2508
D04-ZF-R1	-4.7561	-9.1223	-1.4011	-3.8739	-0.9163	-5.7894	-5.0597	-2.1821	-0.569	-5.2587	-0.5701	-2.053	-6.9661	-1.9349	-2.0684	-1.4259	4.6934	6.8766	4.0097	4.0869	6.2796	3.2908	3.0802	-1.4213	1.8646	5.1815	2.0907	3.9349	1.9437	5.8083	1.1836	-0.8865	1.9306
D07-ZF-R3	-6.0612	-10.4053	-3.6908	-4.2714	-1.771	-6.303	4.8422	1.7378	1.0625	-4.1886	-0.868	-2.7994	-6.8755	1.3437	-2.1674	-1.6507	5.183	7.6766	4.8144	3.4617	7.9584	3.4961	-3.9501	-2.3129	-3.875	3.6264	-3.4318	7.4203	5.1708	-1.8506	2.3133	2.1614	4.2043
D07-OH-R3	-7.7293	-9.8426	-3.2271	-3.6892	-1.5468	-5.4893	5.4032	2.3435	1.6511	-3.7274	-0.337	-2.737	-8.1081	-1.4208	-2.5495	-1.2604	5.1127	7.3049	3.8598	3.9371	8.3425	2.9899	-4.0968	-2.7288	-3.9956	3.3093	-2.5736	7.6759	5.8705	-1.6494	2.2243	2.3131	4.3707
D10-ZH-R1	-8.1934	-9.215	-1.6735	-4.2978	1.9272	-6.4967	-5.2769	-6.1376	-4.3877	-1.7844	-1.6341	-2.787	-6.8048	-0.0549	-2.8809	-2.4379	5.9195	6.7476	2.5383	3.8911	5.7831	2.0299	5.2392	4.0356	-3.0229	-1.739	2.9816	9.3748	4.3202	2.0382	2.6659	4.101	5.2314
D07-OF-R3	-5.8755	-10.2426	-3.731	-4.558	-2.1657	-6.5974	4.8409	1.7766	0.9488	-3.5879	0.2039	-2.8648	-6.9133	1.1399	-1.9465	-1.9393	5.1488	7.6137	4.6663	2.7767	7.7993	3.9497	-4.1682	-2.484	-2.8724	3.6643	-3.0888	7.3184	5.1969	-2.2171	2.1983	1.9509	4.0588
D05-OH-R2	-5.0887	-8.0319	-5.229	-1.4952	0.3221	-5.8191	-4.3124	2.7328	0.5749	2.3492	-1.5689	-3.6148	-7.7365	0.3445	-4.3735	-2.0769	5.3975	5.9415	3.4953	2.5801	6.1428	1.0944	-4.1222	-4.5143	2.5921	4.3423	2.7564	7.4	3.8593	-1.5743	0.4291	0.7926	6.4111
D05-ZH-R3	-4.9545	-7.9839	-5.5787	-1.51	0.3455	-5.9353	-4.478	2.8374	0.6539	2.5579	-2.7953	-3.5706	-7.6991	0.112	-4.3911	-2.2837	5.3429	5.9099	2.8993	2.8441	5.8141	1.1382	-3.9933	-4.3514	4.3825	4.382	2.5497	7.3792	4.0034	-1.518	0.5245	1.0218	6.3443
D06-ZR-R1	-5.6403	-9.4191	-4.3411	-2.4135	-0.5838	-5.1399	-3.5355	-2.042	-4.1611	-4.4404	0.927	-2.1121	-6.9179	0.754	-3.418	-1.8859	5.5858	8.0825	5.387	4.6148	8.3608	2.6501	-3.271	-3.7493	4.6798	7.2225	5.1391	8.5351	6.3754	-0.9349	-1.7945	-5.2081	2.6945
D09-ZF-R3	-6.0392	-11.0411	1.848	3.4401	2.1444	-7.4895	-6.0698	3.0189	1.12	-5.4172	-2.4751	-4.1606	-8.0871	-1.1431	-5.3991	-2.7104	4.3648	5.7435	3.408	2.4783	6.5769	1.3653	2.2157	0.1093	1.7754	3.8802	1.5433	7.0234	3.6186	-0.2021	2.2526	-1.0271	3.3344
D06-OR-R3	-5.4824	-10.039	-3.6279	-2.7031	-0.6037	-5.9914	-2.0291	-2.0026	-4.2775	-5.0001	1.3334	-2.3764	-6.7569	2.3121	-3.4139	-1.8511	5.7772	8.2302	5.8227	3.7613	8.371	3.2344	-3.7846	-4.593	3.4605	6.3903	4.491	9.0279	6.1926	-0.4893	-1.6217	-4.6594	2.8985
D06-NF-R1	-5.2441	-9.5751	-3.8705	-2.5999	-0.5369	-5.4922	-3.0755	-2.5044	-4.2355	-4.7025	1.242	-2.0119	-7.3102	1.7953	-3.1121	-1.1405	5.8187	8.7041	5.6905	3.737	9.0338	3.3424	-3.2962	-4.1776	4.2227	7.0916	5.056	8.6313	5.0567	-0.9746	-2.4601	-5.3055	2.2032
D02-OH-R3	-6.7989	-9.6971	-0.1731	-4.1876	-2.2741	-6.1947	-4.4496	0.0679	-0.1018	-2.6579	-1.69	-2.8499	-7.3249	2.7257	0.5716	-1.3628	5.6648	6.8545	3.7681	4.8436	6.9395	1.1208	-4.0147	2.376	0.2652	2.289	-0.4205	8.6547	3.8729	-0.1363	2.9921	-3.4268	4.7544
D01-ZH-R1	-5.4789	-9.0557	-3.6055	-3.8279	-1.1145	-5.5242	-4.2633	0.6201	1.6371	2.4694	0.8257	-2.9964	-7.3554	0.5499	-4.4858	-1.3058	5.5439	7.1938	4.2731	3.0208	7.9499	2.0905	-4.2371	-5.2706	2.6968	2.8919	-2.5178	7.4844	6.5858	-1.7588	2.4456	-0.6532	5.1723
PCO-B3-R3	7.0192	8.4544	-1.3809	9.8523	11.5264	-3.3609	-2.9292	-5.2468	-4.3173	-7.4085	10.3823	10.4645	9.9098	-0.5666	9.3375	10.1146	-1.3098	0.157	-3.0235	-4.7276	0.2826	-3.2546	-7.4126	-5.2265	-4.979	-4.097	-3.4685	0.5705	-2.039	-4.9258	-4.5457	-10.8614	-2.9899
D01-OH-R1	-5.7605	-9.3151	-3.5399	-3.9983	-0.634	-5.8704	-4.477	0.9546	2.0138	1.2505	1.2505	-3.0205	-7.6403	0.9563	-4.6395	-1.2509	5.908	6.9411	4.3225	3.339	8.2053	2.4228	-4.5816	-5.5333	1.666	1.7837	-2.9838	8.2585	6.8243	-1.2658	3.0225	-0.4386	5.8299
D07-ZF-R1	-6.5074	-10.017	-3.5599	-3.9893	-1.9403	-5.8875	4.8916	2.1177	1.6476	-3.9023	-1.2019	-2.7634	-7.5569	0.3072	-2.7036	-1.6438	5.1001	7.1542	4.6994	3.9239	7.8544	3.1701	-3.7101	-2.1165	-3.8039	3.3654	-3.2496	7.4522	5.5729	-2.0191	2.5401	2.3893	4.3864
D05-ZR-R2	-4.9995	-8.2963	-5.633	-1.6344	0.0815	-5.7932	-4.3822	2.6962	0.6535	2.6018	-2.1846	-3.6863	-8.3599	0.4634	-4.3661	-2.1575	4.8881	6.3795	3.0674	2.7805	6.0692	1.1179	-4.0706	-4.4143	4.1444	5.2026	3.2455	7.1018	3.9618	-1.7002	0.3657	0.7568	6.1003
D03-ZF-R3	-6.4672	-11.6137	-1.0423	-4.5765	-0.8323	-6.9368	-4.4509	-0.8209	-3.2129	-1.3709	-1.7568	-3.6358	-8.46	2.4547	-4.0143	0.3468	4.2587	6.5197	3.42	2.5748	6.3156	2.3655	4.8696	0.6156	2.4448	3.0125	3.9393	5.6601	3.4795	7.0206	-3.1904	0.9472	2.1367
D03-ZF-R1	-8.4153	-10.8842	-1.132	-3.82	-0.7802	-6.4774	-5.7467	-0.3268	-2.7172	-0.4799	-2.1675	-3.8406	-8.4117	0.8977	-3.8922	0.5623	4.2633	6.245	3.2441	3.1352	6.0061	1.9274	4.2646	1.0754	2.5773	2.9447	3.8244	6.0471	4.0436	6.8736	-3.0015	1.5365	2.6248
D04-OF-R3	-5.2242	-8.207	-1.7915	-3.8686	-1.2894	-5.6425	-5.1742	-2.4936	-0.5572	-4.8914	-1.1378	-2.3204	-7.3592	-2.1534	-1.9283	-1.5555	4.8719	7.145	4.27	3.7939	6.2894	3.5527	1.5249	-2.4264	1.5511	5.6469	2.5193	4.3068	2.5141	5.31	1.6608	0.7821	2.2818
D04-OR-R1	-5.6034	-8.7868	-2.0386	-3.3881	-0.9619	-5.5406	-4.9191	-2.2028	-0.3922	-5.0352	-1.5575	-2.061	-7.3094	-2.0583	-1.8967	-1.8664	5.0461	7.2868	4.4569	4.1885	6.4857	3.5294	2.0303	-1.8903	1.7983	5.5539	2.421	4.0115	2.1409	5.044	1.222	0.4406	1.8523
D05-OR-R1	-4.8769	-8.2127	-5.0797	-1.9127	0.0824	-6.1977	-4.9766	3.2829	0.8865	2.7017	-1.8487	-3.7663	-8.0654	0.4992	-4.6705	-2.4209	5.4249	5.7723	3.4717	2.7599	6.3736	0.7927	-4.5976	-4.9845	2.7223	4.4078	2.6073	7.7441	4.3358	-1.3087	0.9454	1.2735	6.8349
D02-OR-R3	-5.7062	-6.8077	-1.1572	-4.3322	-2.611	-7.038	-3.8244	-0.1459	-0.513	-3.2443	-0.7274	-2.6153	-7.1719	3.1833	1.2358	-1.8056	5.4425	7.0508	4.3159	4.2283	6.8003	1.9254	-4.5336	2.0611	-0.3395	3.043	0.3041	8.0548	3.2987	-0.7878	2.3866	-4.1621	4.1924
PCO-B3-R1	6.8037	3.8039	1.4086	12.8947	13.6839	-0.762	-0.4453	-5.7708	-2.2747	-5.4864	10.7552	10.6499	10.0131	-0.0319	9.3877	11.1729	-1.1479	-1.9114	-4.1464	-5.8378	-1.9695	-2.7087	-4.3882	-6.1753	-4.3382	-3.3578	-3.2274	-3.6182	-4.9295	-2.8007	-9.3138	-9.8689	-6.0628
D06-ZH-R2	-6.9385	-11.0098	-3.6533	-1.3877	-0.3822	-4.5674	-4.0577	-1.4524	-3.7783	-4.7645	-0.3979	-2.4359	-7.1677	1.4067	-3.6926	-1.8807	5.6889	7.4143	5.3073	5.0738	8.0387	2.7421	-3.6117	-3.0626	5.1662	6.5203	4.8262	9.1758	6.9827	-0.5451	-1.2091	-5.563	3.2148
D04-ZR-R2	-5.2339	-8.7079	-1.4038	-3.7036	-0.9831	-5.3472	-4.7694	-1.9097	-0.2618	-4.9144	-2.8673	-2.4288	-7.5819	-2.4027	-2.3972	-1.8651	4.8861	6.8724	4.1401	4.5554	6.1942	3.253	3.1123	-1.1935	2.0559	4.7622	2.3889	4.1039	2.216	5.8077	1.3265	0.275	2.0219
D03-OF-R3	-7.7294	-10.5119	-0.6747	-4.2577	-0.8825	-6.717	-5.9416	-0.2911	-2.9754	-1.9004	-2.0063	-3.5161	-8.0144	2.1885	-4.0286	0.4732	4.3783	6.5276	3.4673	2.1157	6.0927	2.3213	4.8226	0.1288	1.1846	2.8429	3.934	6.2797	3.995	7.35	-2.9085	1.5426	2.7106
D01-ZH-R2	-5.394	-8.4959	-3.776	-3.8594	-1.2543	-5.5974	-4.3468	0.5834	1.0877	1.8672	1.3329	-2.8933	-7.2086	0.6277	-4.4552	-1.3964	5.748	7.1119	4.5224	2.9984	7.8558	2.3805	-4.0625	-5.1794	3.3573	2.038	-2.4314	7.2841	6.3644	-1.8224	2.5446	-0.5595	5.0281
D10-ZR-R3	-6.8863	-10.5997	-2.329	-4.7371	1.304	-7.0547	-5.9932	-6.5761	-4.9991	-2.2424	-0.5865	-2.6836	-6.8383	0.8464	-2.0571	-2.1581	5.4721	7.3253	3.58	2.8982	6.5145	2.8015	4.8145	3.9258	-3.4984	0.8475	5.1345	8.8848	3.5072	1.8602	1.8193	3.2231	4.4803
D05-OR-R3	-4.8576	-8.1348	-5.3308	-1.784	0.0302	-6.0717	-4.6137	2.5629	0.4162	2.2319	-2.247	-3.5822	-8.1054	1.1927	-4.2222	-2.0256	5.3071	6.6609	3.7392	2.4028	6.4222	1.2718	-4.3284	-4.8135	3.0586	5.167	3.3416	7.1941	3.7234	-1.667	0.2898	0.6227	6.1489
D05-ZH-R1	-5.2887	-8.334	-5.4847	-1.1016	0.4977	-5.8428	-4.5375	2.8328	0.7985	2.632	-1.9161	-3.6667	-8.3531	0.213	-4.4861	-2.2094	5.0796	6.0433	2.9687	2.8419	5.8129	1.209	-4.0893	-4.4072	4.232	4.6776	2.8652	7.2188	4.0134	-1.6483	0.4114	0.8541	6.1636
D03-OR-R1	-6.729	-11.1719	-0.4531	-4.0478	-0.83	-6.5027	-5.9094	0.2121	-2.1741	-1.1543	-1.6947	-3.7494	-8.2058	1.836	-3.998	0.5427	4.249	5.8663	3.2518	2.8741	5.6034	1.9778	3.5402	0.1895	0.3746	2.4971	3.4663	6.3407	4.3735	7.6159	-2.6422	1.5033	2.9482
D04-OH-R2	-5.1769	-9.4133	-1.8727	-3.3721	-0.7388	-5.0956	-4.5851	-2.0136	-0.0296	-4.6309	-2.0222	-2.0577	-6.7271	-2.3288	-2.6147	-1.7718	5.3477	6.4166	4.3802	4.8507	6.7706	2.6524	1.2203	-1.828	1.9791	4.5345	1.3788	4.3585	2.5063	5.3463	1.4903	0.8157	2.2309
D09-OF-R1	-6.0107	-11.0012	1.6042	3.053	2.0093	-7.613	-5.7983	3.2882	0.9328	-5.0617	-1.9722	-4.1727	-8.5472	-1.2236	-5.5126	-2.6479	4.3169	5.6997	3.4424	1.7919	5.6912	2.2074	1.3898	-0.3563	2.0618	3.6177	1.6071	7.3716	4.1771	-0.041	2.6504	-0.6593	3.7052
D08-ZF-R1	-5.991	-10.9549	-4.4081	-4.0373	-0.8593	-6.0988	-5.6751	2.1184	1.4165	-0.5068	-0.5187	-2.6819	-7.962	1.1863	-3.534	0.4868	5.3282	7.3678	4.2275	3.0901	7.7663	2.3174	-4.316	3.2234	-3.8281	2.3769	3.0559	8.6775	6.0044	-1.1273	3.2948	-4.313	4.874
D01-OF-R1	-5.6783	-8.9871	-3.7771	-3.8562	-1.2359	-5.6007	-4.0315	0.1753	1.683	2.0963	1.0288	-2.9217	-7.5929	1.8148	-4.2382	-1.4337	5.4311	7.4584	4.4772	2.7688	7.8704	2.1467	-4.2797	-5.3883	1.9345	2.8796	-2.0075	7.4435	6.544	-1.7826	2.6601	-0.8483	5.2471
D03-OH-R1	-6.4421	-11.0443	-0.628	-4.3594	-0.7471	-6.7912	-6.0828	-0.5499	-2.756	-2.0109	-1.3734	-3.5174	-8.5727	2.8006	-3.954	0.2947	4.4878	6.3182	3.4791	2.4111	6.3887	2.3017	4.3363	0.6362	1.0528	3.2574	3.981	5.8803	3.7212	7.4935	-3.1269	0.9201	2.1951
D10-ZH-R3	-7.9928	-9.5477	-1.854	-4.5018	2.0171	-6.6108	-5.7448	-6.2855	-4.5429	-1.9398	-0.8733	-2.7037	-7.0407	0.3703	-2.792	-2.315	5.8733	6.6617	2.5945	3.6785	5.7598	1.9861	5.3964	3.9457	-3.0754	-1.4066	3.4647	9.3299	4.2907	2.3134	2.4492	3.9001	5.1954
D01-ZF-R2	-5.1636	-9.11	-3.7044	-3.9181	-1.262	-5.8083	-3.872	0.0513	0.8193	1.8478	0.8559	-2.6056	-6.8728	1.7503	-4.0791	-1.1151	5.8251	7.9244	4.6574	2.555	8.1115	2.4689	-4.1168	-5.2254	2.8988	3.257	-2.2706	6.9514	5.9186	-2.1575	1.9313	-1.1843	4.6414
PCO-B2-R1	6.3444	3.4095	1.4236	12.7159	13.5742	-1.0463	-0.6357	-5.3114	-2.5576	-5.5946	10.9119	10.6861	10.0612	0.142	9.5307	11.2664	-1.0439	-1.797	-4.2453	-6.2218	-1.9985	-2.5345	-4.9282	-5.2842	-4.4404	-3.8019	-3.3507	-3.8902	-4.9978	-3.3456	-8.1876	-8.2306	-6.6222
D04-NF-R1	-5.4809	-8.7288	-2.2603	-3.6774	-1.1323	-5.5737	-4.8793	-2.2078	-0.1154	-5.0172	-1.7188	-2.169	-7.3527	-2.0895	-1.6009	-1.6585	5.0431	7.4849	4.7513	3.8915	6.783	3.8281	2.3548	-1.8781	2.0599	5.6633	2.7209	3.8735	1.6221	4.7953	1.2471	-0.2044	1.6262
D06-OF-R3	-6.2638	-9.9367	-3.5065	-2.6849	-0.3673	-5.5721	-2.9116	-2.0399	-4.2727	-5.0984	0.7869	-2.1889	-7.9231	2.2683	-3.328	-1.5831	5.9538	8.4048	5.8286	4.0029	8.7274	3.1596	-3.5714	-4.1539	4.0723	6.881	4.9231	9.081	6.3321	-0.6571	-1.7984	-5.3584	2.7941
D09-OH-R2	-6.7522	-11.586	1.8523	3.4856	2.311	-7.1907	-5.6388	2.8697	1.0301	-5.2679	-1.9902	-4.033	-7.9744	-0.7807	-5.3759	-2.4874	4.5599	5.8757	3.893	2.1586	6.9491	1.8638	0.6547	-0.2319	1.47	3.8017	1.8715	6.9897	3.7864	-0.3902	2.1439	-1.135	3.2676
D08-OF-R3	-5.7866	-9.5604	-4.1576	-3.7934	-0.3968	-5.8955	-5.258	1.869	1.3661	-0.7432	0.4886	-2.2997	-6.7857	1.6093	-3.9276	0.036	5.1191	6.9357	3.9803	2.6266	7.5824	1.9767	-4.4553	1.9443	-4.5858	1.9265	3.2712	8.4556	6.1326	-1.2455	3.1572	-4.2854	4.6992
D04-OR-R3	-4.9527	-8.6876	-2.2163	-3.6104	-1.0479	-5.458	-4.896	-2.2152	-0.3286	-5.2191	-1.1293	-2.0582	-7.1341	-2.1441	-1.8988	-1.9156	5.0233	7.2253	4.3992	4.2274	6.5302	3.5277	1.9629	-2.0406	1.7218	5.6249	2.514	3.9248	2.1275	4.8951	1.096	0.3578	1.7948
D10-OF-R3	-6.825	-10.6416	-2.1917	-4.6516	0.8026	-7.3248	-6.0961	-6.9655	-5.1947	-2.4465	-0.492	-2.7321	-6.86	1.9928	-0.9495	-2.1852	5.368	7.4046	3.7792	2.6716	6.5701	2.618	4.6716	3.1117	-4.2708	1.4198	5.4429	9.0134	3.5778	1.738	2.0068	3.2077	4.4305
D06-ZF-R1	-5.374	-9.294	-3.8767	-2.5647	-0.3396	-5.4398	-3.7627	-1.8453	-4.3608	-4.4785	0.9101	-2.2484	-7.0163	1.1705	-3.4507	-1.4919	5.5046	8.0087	5.513	4.4023	8.4894	2.5601	-3.4853	-4.0363	4.3353	6.8816	4.4761	9.1253	6.704	-0.6344	-1.4669	-5.873	2.9581
D05-ZF-R1	-5.2652	-8.15	-5.4912	-2.0963	-0.2027	-5.8373	-4.4838	2.5173	0.5007	2.3543	-1.9541	-3.615	-8.4163	1.3108	-4.2293	-2.2456	5.0904	6.8645	3.5312	2.5271	6.3625	1.2697	-4.029	-4.3624	4.0112	5.3508	2.9342	6.9871	3.5594	-1.732	0.1864	0.5931	6.1595
D06-OF-R1	-5.7304	-9.9683	-3.1954	-2.9124	-0.2899	-6.0017	-3.7801	-1.2672	-4.6656	-4.2131	0.8675	-2.5379	-7.3742	2.5397	-3.3095	-1.847	5.606	8.0561	5.9002	3.3569	8.1692	2.9144	-4.1012	-4.7744	3.3419	6.2431	4.3266	10.1332	7.0968	0.0869	-0.9586	-5.4737	3.7622
D03-ZR-R1	-6.7222	-10.2524	-1.1286	-4.1041	-1.659	-6.4079	-6.0574	0.4082	-2.4998	-1.9207	-1.7299	-3.91	-8.3571	0.7789	-3.9517	0.4685	4.0733	6.1648	3.8217	2.77	6.4931	2.1394	1.9598	1.0401	1.6305	2.9389	4.105	6.6588	4.3248	6.9808	-3.1583	2.0372	3.0653
D09-ZR-R3	-5.6537	-10.8702	1.7893	3.343	2.2696	-7.8255	-6.185	2.8893	0.7687	-5.4259	-2.1138	-4.1536	-8.481	-0.9083	-5.465	-2.7277	4.4699	5.8284	3.4719	1.9479	6.222	1.7445	1.7002	0.3303	2.0277	3.8367	1.571	7.1914	3.3951	-0.0863	2.3714	-0.772	3.4996
D01-ZF-R3	-5.8406	-8.893	-3.7361	-3.8874	-0.8904	-5.8766	-4.3615	0.7637	1.6632	3.0081	0.7982	-3.1484	-7.6296	0.3505	-4.7512	-1.3981	5.4891	6.637	4.1776	3.4878	7.9689	1.8256	-4.3948	-5.2485	2.9201	1.9077	-3.1122	7.8924	7.0918	-1.4506	3.0307	-0.06	5.6667
D03-ZH-R3	-6.8002	-10.6173	-0.5473	-4.3281	-1.1772	-6.6014	-6.056	-0.4628	-2.6126	-1.5769	-1.495	-3.8743	-8.1054	1.5132	-3.9807	-0.4482	4.3997	6.1764	3.4732	2.7282	6.3319	1.8046	4.0363	1.227	2.351	3.1566	3.9531	5.9389	3.8046	7.5739	-3.0886	1.1344	2.1688
D07-OH-R2	-5.6537	-9.6951	-3.4344	-4.098	-1.8553	-5.9992	4.9876	2.0624	1.217	-3.9632	-1.0827	-2.8535	-7.2376	0.1788	-2.539	-0.7405	5.2037	7.3356	4.381	3.5764	8.1095	3.4955	-4.2086	-2.9203	-4.1623	3.5609	-3.0015	7.3813	5.5084	-2.2427	2.3938	2.1514	4.144
D09-NF-R2	-6.9208	-10.3957	1.6848	3.3605	2.1509	-7.3155	-6.018	2.6293	0.8987	-5.9462	-2.4014	-4.0433	-7.9473	-0.4694	-5.2415	-2.4503	4.5385	6.317	3.796	1.9324	6.804	2.6258	2.1713	0.0022	2.3229	4.3847	2.7005	6.4265	2.6058	-0.899	1.6096	-1.8801	2.9673
