Bromoviridae	Virgaviridae	Saccharomycetaceae	Malasseziaceae	Moraxellaceae	Pseudomonadaceae	Enterobacteriaceae	Rhodospirillaceae	Comamonadaceae	Sutterellaceae	Desulfovibrionaceae	Akkermansiaceae	Staphylococcaceae	Streptococcaceae	Lactobacillaceae	Leuconostocaceae	Clostridiaceae	Lachnospiraceae	Eubacteriaceae	Oscillospiraceae	Ruminococcaceae	Candidatus Borkfalkiaceae	Erysipelotrichaceae	Selenomonadaceae	Acidaminococcaceae	Veillonellaceae	Bifidobacteriaceae	Micrococcaceae	Corynebacteriaceae	Propionibacteriaceae	Coriobacteriaceae	Atopobiaceae	Eggerthellaceae	Bacteroidaceae	Rikenellaceae	Prevotellaceae	Odoribacteraceae	Barnesiellaceae	Tannerellaceae
D01-NF-R1	-7.7677	8.6701	-4.5543	-3.23	-2.364	-1.836	-0.7238	-3.9496	-2.1069	0.1842	3.7945	3.435	0.1679	1.234	-4.5178	-3.9604	4.7928	5.3064	1.1195	4.3459	7.4995	-0.4488	-0.1361	-3.2767	-3.437	0.6126	1.4645	-3.0509	-3.6942	-1.1558	-2.1494	-2.5139	2.937	4.878	7.6382	-2.638	0.045	-3.4823	2.8685
D01-NF-R2	-7.0524	8.4811	-4.8869	-1.0354	-0.9147	-1.7878	0.7153	-4.4299	-2.0097	-0.0123	3.3943	2.4085	0.4494	0.6379	-4.6537	-3.8187	4.2589	5.0833	1.3087	3.2498	7.0396	-0.3689	-0.6164	-3.8766	-3.5232	0.7851	0.9951	-2.9226	-3.0638	-0.3308	-0.646	-3.2059	2.1437	4.6491	6.3313	-2.3325	-0.2898	-2.7365	2.5834
D01-NF-R3	-5.6521	10.6427	-3.1974	-0.3421	-3.1785	-1.425	0.1351	-4.2745	-1.8155	-1.3335	3.5198	2.5193	2.136	-0.633	-4.9493	-4.5579	4.5372	5.3455	1.0505	4.2786	7.1647	-0.1588	-1.1996	-3.6377	-3.4835	-0.551	1.4378	-2.3252	-2.3324	-0.1013	-2.5904	-2.827	2.0286	4.3635	7.9933	-2.7816	-0.0436	-5.2955	1.534
D01-OF-R1	-11.0148	7.8751	-4.3544	-3.6301	-5.1346	-2.2523	-1.5452	-3.2811	-2.9119	0.9786	3.9847	3.0836	1.0369	1.8987	-4.2465	-4.1887	5.3513	5.9857	2.2604	2.9907	7.3934	1.7915	0.2059	-3.0995	-4.1126	2.0659	0.764	-3.4093	-3.8132	-0.9911	-1.9483	-2.613	2.5184	6.0431	7.5092	-2.0893	2.1078	-5.52	4.3112
D01-OF-R2	-8.8601	7.4699	-4.4076	-3.0497	-4.3752	-1.4934	-0.1058	-4.1153	-2.5478	0.6414	3.8053	2.7265	0.5077	2.0516	-4.7167	-5.9238	4.924	5.4548	1.5193	3.4462	7.1416	1.409	0.1407	-3.2535	-4.209	1.834	0.2651	-3.5224	-3.8329	-1.521	-1.9103	-2.6952	2.3067	6.2536	7.813	-1.9157	1.9667	-3.1739	3.9523
D01-OF-R3	-11.9605	8.0476	-4.666	-5.7157	-4.7376	-2.3044	-1.2231	-3.3579	-2.9702	1.2631	3.9689	2.541	0.6545	2.0168	-4.2189	-6.2314	5.583	6.2493	2.1542	3.1598	7.737	1.6241	0.5137	-2.9539	-4.1155	2.7592	0.5149	-3.4928	-4.3467	-2.6869	-1.4482	-2.3971	2.6888	6.6997	7.9825	-1.4521	2.6622	-3.7299	5.1885
D01-OR-R1	-5.9159	5.6744	-3.3576	0.3565	-2.2063	-0.3399	0.9686	-3.3824	0.3008	-0.5547	2.7677	2.6851	2.4753	0.5406	-4.3497	-0.0743	4.7037	6.5819	1.3616	2.083	6.0182	-1.634	-1.748	-3.7136	-4.8508	0.1745	-0.1735	-1.3308	-0.6941	2.6156	-2.1487	-2.9824	1.854	3.354	6.5375	-2.3856	-0.7772	-10.8019	2.3686
D01-OR-R2	-8.2997	3.7013	-1.2216	1.7964	-1.3258	1.1512	1.2802	-3.794	1.0425	0.3551	2.9929	3.0889	0.8632	0.7923	-4.4979	-2.2752	4.3789	5.358	0.4382	2.0163	5.6742	-1.7226	-2.0279	-4.3441	-4.8385	0.541	-0.5348	-1.5668	-0.2125	2.6623	-1.2562	-2.4757	2.5592	3.1954	7.2068	-2.1513	-0.4057	-10.6935	2.5498
D01-OR-R3	-7.1235	5.0461	-2.2461	-1.3516	-2.4298	0.7777	0.9917	-3.5637	-0.089	0.0239	3.4632	4.2099	-0.2247	3.0273	-4.5676	-5.3702	5.8263	6.8656	1.8502	1.9104	7.0047	-2.7173	-0.4373	-4.0223	-4.55	1.0346	2.0935	-2.7375	-2.3123	-0.0224	0.4469	-1.41	4.567	3.1112	6.4457	-3.1751	-0.8192	-12.2559	2.7295
D01-ZF-R1	-10.3089	7.1221	-1.8384	-4.4137	-4.68	-2.9114	-1.9046	-5.1015	-3.6332	0.4824	1.4614	0.1757	2.6727	-0.8153	-4.0754	-4.2611	5.0036	5.5338	1.9592	2.6942	7.9835	3.2634	1.0442	-2.0537	-4.2337	2.9506	-0.4782	-3.9258	-4.4542	-1.5903	-2.2727	-2.3283	0.8947	7.2461	8.6394	-0.9914	4.1465	-3.096	6.0944
D01-ZF-R2	-11.5467	6.3439	-2.4886	-3.771	-4.2295	-1.9804	-1.0565	-4.5113	-3.1847	0.5664	1.068	-0.2497	1.2946	-1.3959	-3.3866	-4.5749	5.1196	5.2071	1.3199	2.9107	7.8816	3.1213	0.7858	-1.7866	-3.9755	3.0279	-0.5898	-3.9982	-4.0622	-1.9886	-2.0354	-2.2715	0.7415	7.0924	9.775	-0.669	4.308	-2.768	5.9567
D01-ZF-R3	-10.1529	6.6717	-1.9134	-3.1989	-4.099	-2.6918	-2.1306	-4.9135	-3.927	0.3106	1.0051	0.2226	2.5445	-1.0491	-4.1474	-4.1817	4.9812	5.1775	1.5891	2.7282	7.9706	3.3774	0.7951	-1.7506	-4.532	2.8577	-1.7063	-4.1321	-4.1362	-2.4164	-2.6815	-2.7755	0.403	7.6483	9.9419	-0.6337	4.5295	-1.8851	6.301
D01-ZH-R1	-7.603	5.672	-0.8412	-3.4579	-3.7353	-2.434	-1.2994	-5.618	-2.8551	1.6409	2.9818	1.8091	2.0809	-0.8424	-4.6135	-4.0973	4.6661	5.0482	1.6605	3.2003	8.1224	2.6306	0.3065	-3.6363	-4.8011	1.151	-1.434	-4.1967	-4.582	-1.3714	-3.1044	-3.2766	0.042	8.2023	8.3094	-0.8594	3.2253	-3.0438	6.9537
D01-ZH-R2	-7.7706	5.067	-0.9625	-0.5733	-2.434	-1.9828	0.6125	-4.6546	-1.7303	1.275	2.9958	0.6084	1.222	-0.9435	-4.1854	-3.0167	4.7428	5.7413	2.2564	2.93	7.225	1.1051	0.8915	-4.7146	-6.6272	-0.2612	-2.5247	-3.3026	-2.6156	0.4201	-3.3493	-5.0477	-1.4232	8.3371	7.5681	-0.424	3.1076	-5.1037	7.542
D01-ZH-R3	-8.8574	4.7689	-1.6029	0.2446	-1.9313	-1.1729	-0.2459	-5.196	-2.2675	0.3987	2.3672	0.4372	1.162	-0.7134	-4.8222	-3.7047	4.7584	4.9418	1.1651	3.1561	7.3967	0.937	0.7302	-3.0173	-4.721	1.7193	-2.5209	-3.2759	-1.7496	0.3996	-2.3214	-2.9986	0.1649	6.8553	8.2528	-1.7522	2.3132	-5.0249	5.727
D01-ZR-R1	-8.8248	7.6137	-1.0948	-4.244	-4.7941	-2.8363	-1.3538	-5.096	-3.731	0.9359	2.6348	0.3595	1.479	-0.7642	-4.076	-4.4146	5.2452	5.8034	2.0975	2.9794	8.0233	3.2031	0.9576	-2.7137	-4.5564	2.2311	-0.8555	-3.9987	-4.3663	-1.6433	-2.0685	-2.8575	1.6909	6.7325	7.4097	-1.2048	3.1045	-3.407	6.4001
D01-ZR-R2	-11.3214	5.4554	-2.904	-1.3969	-3.9763	-1.7649	-0.5941	-3.7164	-2.1966	0.4955	1.4504	-0.3266	-0.3387	-0.4834	-3.5933	-3.5752	6.0964	6.5281	2.4565	2.769	8.5074	1.8444	0.628	-1.6691	-3.4163	2.7451	0.4884	-2.0935	-2.9399	-0.3222	-0.6965	-1.4329	2.9095	4.8129	6.2174	-1.5553	1.9354	-9.2463	4.2202
D01-ZR-R3	-11.7287	4.9636	-3.485	-2.3779	-4.278	-2.3092	-1.6379	-4.8145	-2.8055	4.2994	2.0693	-0.2858	0.092	-1.2159	-4.4117	-4.8155	5.2836	5.4383	1.4502	3.022	8.1946	2.1195	0.5561	-2.8199	-4.2491	2.7932	-1.1093	-4.2057	-3.823	-1.7977	-1.8864	-2.7077	1.2413	7.7927	10.3311	-0.6806	5.1458	-2.9297	5.5818
D02-NF-R1	0.1817	4.6802	-6.3296	-3.5753	-0.7833	-2.456	-1.2998	-3.051	-2.8712	0.6156	1.8027	-4.3018	-2.663	2.2099	1.1823	-4.895	5.5574	6.6133	3.3281	6.3612	7.9144	-8.2206	1.1508	-3.3244	1.2586	-2.1902	0.7027	-4.0208	-4.421	-1.7605	0.6896	-2.6937	2.5395	7.3274	5.2212	-1.2072	3.2035	-6.4017	3.9263
D02-NF-R2	-1.5499	3.8431	-5.1595	-0.6091	-0.146	-1.9305	0.1384	-4.2033	-2.1225	1.0406	1.9798	-6.3227	-1.4792	2.261	1.1564	-3.8206	5.4271	6.2898	3.1352	5.4759	7.6611	-9.9308	0.6569	-3.4877	2.054	-2.315	0.7642	-3.4202	-2.3214	0.4413	0.7854	-2.9131	2.15	6.3773	3.7813	-2.0824	2.8992	-7.4499	2.9456
D02-NF-R3	-1.261	3.6538	-6.01	-0.0287	-1.2775	-1.279	-0.594	-3.5875	-2.6161	0.3615	2.2478	-5.6034	-1.4303	1.4507	1.1852	-4.1945	4.9434	5.695	3.1634	6.275	7.4973	-8.7676	0.5893	-3.5594	1.4092	-2.5632	0.344	-3.2297	-1.8671	0.211	0.7497	-2.8727	2.5356	6.7874	4.6594	-2.3966	3.0618	-7.3838	3.7015
D02-OF-R1	-3.2121	2.5069	-5.5318	-4.7059	0.9129	-2.232	-1.4505	-2.9292	-3.6016	2.5796	1.3635	-4.8303	-2.5338	2.909	0.6794	-5.5723	5.9567	6.0566	2.8514	6.1744	7.5839	-6.4623	1.549	-1.4368	4.1662	-1.9487	-0.1684	-4.3124	-4.8007	-2.5376	-0.0305	-1.4325	1.8963	7.903	3.7311	-1.2434	2.9874	-5.6759	4.8413
D02-OF-R2	-1.4177	3.6605	-4.3935	-3.1767	0.7234	-1.1787	-0.4032	-3.075	-3.1768	1.8414	1.3088	-5.1039	-2.1586	2.232	0.5241	-6.3992	5.8176	5.5993	2.5451	5.1351	7.0866	-6.9375	1.1409	-2.3281	4.3351	-2.1919	-0.6926	-4.1758	-4.2598	-1.7485	-0.2712	-2.5179	2.4741	7.4148	3.5637	-1.6407	2.9079	-5.5425	4.4794
D02-OF-R3	-3.3687	5.1256	-4.6242	-6.662	1.9556	-2.5598	-0.8036	-3.4571	-4.4095	2.0051	1.4022	-4.6616	-0.8968	3.0749	0.4027	-7.0549	6.6903	6.7803	3.8928	5.6184	7.5588	-7.2696	2.1418	-2.7299	4.4391	-1.7064	-0.6595	-4.5546	-5.017	-3.9499	-0.2388	-2.5647	1.7152	8.4367	3.3402	-0.7771	3.6674	-5.1806	4.8992
D02-OR-R1	-6.6529	8.8423	-4.7731	0.5665	-0.9368	0.0681	0.8761	-2.6255	-0.2317	-0.0513	0.3033	-1.4375	0.8726	0.2141	-1.9239	0.686	4.1747	4.999	1.8232	4.0728	6.023	-4.8112	-0.1385	-3.4387	-1.2677	-1.8753	0.0321	-1.5242	-1.0811	2.4404	-1.2165	-3.0617	0.7504	5.516	4.9235	-1.8286	0.6628	-12.4693	3.4987
D02-OR-R2	-8.3331	8.052	-2.648	3.202	1.0291	1.0869	2.8072	-1.0667	1.426	-0.0957	-0.6635	-5.7809	2.3063	-0.0487	-2.0452	0.3434	4.0129	4.7349	0.1224	3.2455	4.3153	-8.405	-1.0858	-3.5401	0.0849	-2.4162	0.1767	-0.0454	1.6121	4.3555	-2.5244	-7.0741	-1.1013	4.7901	4.2192	0.6814	0.0103	-8.4548	2.715
D02-ZF-R1	-0.8905	3.1318	-5.501	-3.7261	2.0708	-1.8105	-0.5516	-3.6542	-3.6968	1.2824	0.2723	-4.7855	-1.1777	1.7334	-0.6544	-4.6236	5.2825	5.6915	2.3854	4.3405	7.6762	-6.1028	1.6401	-2.1455	0.7298	-1.9455	-1.0114	-4.3702	-4.386	-1.5778	0.3659	-2.1613	2.1677	8.2302	5.2183	-0.6382	3.8532	-5.6146	4.9531
D02-ZF-R2	-0.0973	2.9964	-5.2284	-3.2356	0.6078	-1.2872	-0.1197	-3.0416	-3.2405	0.9516	0.4735	-5.6493	-1.1029	2.2241	0.1299	-6.0353	6.0983	6.1598	2.6162	4.2785	7.8169	-5.5647	1.5985	-0.6625	0.5354	-2.4322	-0.7543	-4.3595	-4.0624	-1.9219	0.7577	-1.9246	2.5609	7.1123	4.181	-0.6091	2.7324	-6.7035	4.2014
D02-ZF-R3	0.6209	4.069	-4.9485	-3.489	0.9595	-2.0586	-0.8015	-3.5324	-4.1269	1.2795	0.2722	-5.135	-1.2575	2.1136	-0.1679	-6.1524	5.9821	5.9831	2.4354	4.2787	7.3652	-5.2452	1.5484	-2.0353	0.8785	-1.9915	-0.6474	-4.3808	-4.582	-2.5759	-0.1311	-2.3938	2.6039	8.1032	4.9854	-0.9673	3.392	-5.157	4.9066
D02-ZH-R1	1.6041	2.8033	-3.1118	-1.6156	3.4769	-1.1215	0.4022	-5.7048	-1.7539	2.4306	1.3899	-3.101	1.3289	-1.0226	-0.829	-2.5149	4.0066	3.7797	1.6978	3.6355	6.2272	-6.5323	-0.4968	-5.0994	0.4611	-2.2077	-2.1807	-3.6494	-3.3024	0.0242	-3.8231	-5.1546	-1.4767	9.4961	4.9721	0.6394	4.1147	-3.8349	6.0426
D02-ZH-R2	3.0321	2.7009	-1.7274	0.6764	3.3536	2.1354	1.9721	-3.8905	0.0861	1.9356	0.8778	-5.3653	2.6256	-1.3869	-1.5275	-3.5547	3.6174	3.7365	1.3163	3.2362	5.7635	-8.4467	-2.3406	-5.7157	0.4123	-3.4526	-2.7161	-2.3149	-1.0679	1.663	-5.7013	-7.1135	-3.0679	8.807	4.6011	-0.1316	4.2092	-2.874	5.6372
D02-ZH-R3	0.8639	2.8898	-2.0925	-2.7695	3.3715	-0.0197	1.6877	-5.319	-1.9035	2.1781	1.2995	-5.7207	0.6118	0.3346	-0.7401	-5.9653	4.0856	4.2761	1.7521	3.8289	6.4132	-6.6684	-0.2525	-4.4086	0.6278	-2.8729	-2.7251	-2.9765	-3.1804	-1.6509	-2.5967	-4.7296	0.5306	9.4926	4.7788	0.7071	4.0744	-3.3797	6.1678
D02-ZR-R1	0.7357	4.6837	-4.2663	-5.4987	1.0836	-2.2541	-0.7041	-4.0132	-4.3466	1.491	1.3395	-3.9143	0.0045	1.6236	-1.1407	-6.3064	5.5168	6.0424	2.8703	4.3547	7.3759	-4.5492	1.3442	-2.9158	0.5867	-2.2406	-1.4222	-4.6021	-5.1339	-3.3567	-0.564	-3.3213	2.4372	9.0619	6.1385	-0.4245	3.9915	-5.5789	5.8719
D02-ZR-R2	2.0378	4.6145	-3.7528	-3.5612	1.3946	-1.4198	0.6722	-4.0236	-3.9838	1.2105	1.0902	-4.0957	0.9146	0.1105	-1.7557	-6.1553	5.5156	5.5687	1.6649	3.8456	6.3817	-4.0645	0.4838	-3.041	1.0355	-2.2725	-2.2967	-4.6712	-4.5067	-2.4432	-1.2257	-3.1945	2.7394	8.2909	5.8839	-0.6589	3.533	-5.3765	5.5114
D02-ZR-R3	1.6877	3.2483	-4.9016	-4.3588	0.2935	-1.745	-0.7702	-3.3068	-3.7216	2.6533	1.0274	-5.1433	-0.7144	1.3334	-1.3517	-6.1429	6.0371	6.081	2.6286	4.6064	7.4063	-5.0225	1.9804	-1.8045	0.9206	-2.1714	-1.3758	-4.4557	-4.5357	-3.121	0.3935	-2.2242	3.2184	7.5828	4.7782	-1.2444	4.3204	-6.3858	4.3001
D03-NF-R1	-12.5563	-5.636	-7.0084	-0.8044	-0.3503	-0.4575	0.5156	-3.463	-0.616	1.6158	0.3404	-0.7473	-0.4272	0.7674	-4.1106	-1.5779	5.2033	5.7812	1.4668	4.523	7.7637	-7.4468	-1.2446	2.7471	0.8571	1.5016	3.9018	-1.9277	-1.6246	1.6773	4.8709	-2.439	1.0281	3.952	4.0298	6.2151	-5.6636	-1.6125	0.9558
D03-NF-R2	-11.6985	-1.1731	-4.9059	0.1361	0.3657	-0.7487	1.1164	-3.6957	-1.3305	0.9782	0.2869	-0.1513	-0.4852	0.786	-2.9333	-2.9793	4.9998	5.1142	1.4323	3.9944	7.1489	-8.2769	-1.2523	3.3726	0.0898	1.3305	3.0807	-2.4775	-1.7111	1.0169	4.1079	-2.8649	0.3405	3.5069	3.7025	6.612	-5.3271	-2.1677	0.6599
D03-NF-R3	-12.8341	-6.9612	-6.4689	0.8743	-0.0245	-0.4891	1.0942	-3.2412	-0.9976	1.1793	0.4684	0.2565	-0.5026	1.5774	-3.6409	-3.07	5.423	5.7056	1.7166	4.3079	7.6151	-8.2867	-0.7922	2.7612	0.6596	1.4501	3.6772	-2.1779	-1.1711	1.1396	4.9383	-2.4067	1.3502	3.3684	4.0275	6.6342	-5.1446	-2.5316	0.5162
D03-OF-R1	-13.7872	-6.6306	-4.1568	-2.4214	0.7469	-0.9963	-0.2233	-3.2565	-2.6158	1.5813	0.3991	-1.0034	-1.7419	2.44	-3.66	-3.434	5.556	5.7651	2.5278	3.0185	6.9695	-8.0229	1.1632	7.2069	1.732	3.4418	4.029	-2.9997	-3.4445	-0.5628	5.4297	-3.1682	0.3487	4.2626	3.2702	7.1466	-5.4518	-0.3136	0.8561
D03-OF-R2	-13.3464	-5.7174	-4.1023	-1.7384	0.116	-0.3468	0.3543	-3.0999	-1.638	1.3674	0.1816	-1.6228	-1.6508	2.0465	-3.8161	-5.5653	5.5615	5.6387	2.1309	3.1744	6.4171	-7.6471	0.8195	6.5492	1.8129	2.1976	3.9537	-2.9272	-2.9962	-0.5305	5.2446	-3.0187	0.6339	5.1257	4.178	6.5094	-5.237	0.2473	0.7405
D03-OF-R3	-14.1925	-8.8495	-4.4685	-1.8742	0.0704	-0.9047	0.0408	-2.9261	-2.4904	1.5954	0.9687	-0.4096	-2.2437	3.0116	-3.1965	-5.5958	5.8788	5.8005	2.4249	3.6469	6.9266	-7.8266	1.2319	6.7938	2.5901	1.5295	4.147	-2.9687	-3.2722	-1.3133	5.1732	-2.6588	0.5927	4.8554	3.9944	6.7394	-4.4217	0.6634	0.9376
D03-OR-R1	-9.7866	-3.0802	-3.3452	0.3483	0.1576	0.2665	1.3146	-3.9706	0.028	1.8749	-0.6051	-0.4251	0.9316	0.4754	-2.5491	-0.1384	4.3404	5.0829	0.4199	2.7684	5.517	-7.7214	-0.5771	-0.0246	-4.0762	-0.1055	3.5147	-1.1184	-0.505	2.7591	5.301	-4.8023	-0.8938	3.6515	4.2335	6.8109	-5.7223	-1.3042	0.9546
D03-OR-R2	-10.0774	-1.4923	-3.1539	2.0227	0.497	0.2183	1.8251	-4.2637	0.5605	1.2096	-0.6828	-1.4727	1.1982	0.496	-3.2588	-0.7488	4.4697	4.7031	0.8743	2.8026	5.3464	-10.2501	-0.4482	0.0272	-3.2362	0.2467	2.5525	-1.1545	0.1159	3.0625	4.4326	-4.8875	-0.5949	3.5183	4.3298	5.9692	-4.6452	-0.8143	0.703
D03-OR-R3	-11.8927	-5.7547	-2.6385	2.1888	0.0692	1.1303	1.5149	-3.7781	-0.2153	1.5884	0.1012	-0.1065	1.1682	0.7648	-3.7313	-1.9613	4.3793	4.6245	0.4296	2.9965	5.8438	-10.7995	-0.0362	0.363	-3.2433	-0.1052	3.6853	-1.3599	0.1354	2.3509	5.6887	-4.1553	-0.498	4.1165	4.9716	6.7119	-5.0354	-0.7734	1.2617
D03-ZF-R1	-14.9407	-8.5093	-4.944	-4.3368	0.2744	-1.1931	0.0178	-3.413	-1.7726	2.5061	-0.3291	-1.4108	-2.6298	1.181	-2.5698	-5.2283	6.269	5.8718	3.4864	4.8806	7.6611	-6.6623	1.6155	3.2369	0.8747	3.2056	2.0527	-2.9047	-4.0585	-1.8813	4.0604	-1.8814	0.69	6.1585	5.5255	7.6257	-3.33	1.7341	3.0678
D03-ZF-R2	-10.6533	-5.2922	-6.1078	-1.844	1.4399	-2.0572	1.3574	-4.5373	-1.977	2.9797	-1.7846	-2.9984	-0.7034	0.7758	-3.4428	-5.3129	4.9241	5.3255	3.9207	3.3708	7.5114	-7.4086	1.4496	4.6878	-0.5349	3.2138	2.4304	-3.7003	-3.2192	-0.7013	4.4026	-3.2238	-0.3456	5.8912	4.5654	7.8547	-3.6085	0.933	2.4193
D03-ZF-R3	-13.8391	-7.7821	-4.9308	-3.4519	1.078	-1.549	0.1693	-3.7197	-1.8026	3.2497	-1.3163	-2.5986	0.0668	0.8584	-2.9813	-7.0069	5.2802	5.6308	4.4775	3.9744	7.8033	-6.9106	1.6709	4.4568	0.3993	4.0123	2.5527	-3.2894	-4.0366	-2.6966	4.3123	-2.9228	-0.0773	6.3401	5.504	7.9775	-3.6697	1.6103	3.1564
D03-ZH-R1	-9.8229	-6.561	-4.3694	-0.7405	0.8351	-1.4201	0.4925	-5.414	-1.2541	2.3698	-0.3679	0.7099	-0.2814	-0.9441	-3.406	-0.8164	4.4618	3.7734	2.6467	3.7965	5.8022	-5.6025	0.3478	1.2154	-0.4635	-0.3868	-0.6949	-2.6845	-2.4011	1.0215	0.6102	-5.028	-2.1929	7.7321	5.9382	8.6896	-2.3586	2.4411	4.3266
D03-ZH-R2	-11.6159	-6.0486	-3.3766	0.0903	2.7992	0.4976	1.8083	-5.2103	-0.2449	2.4949	-1.6955	-2.258	-0.2444	-0.9276	-3.3771	-3.725	4.0863	4.9664	3.1437	2.9886	6.5715	-8.3639	2.274	3.8982	-1.2581	0.3401	-0.9885	-2.6557	-1.559	1.1481	0.6043	-5.4747	-3.3151	7.235	4.9821	9.8874	-2.5794	1.5621	3.5403
D03-ZH-R3	-7.7016	-0.0514	-4.533	-0.0427	1.6581	0.4085	1.7934	-1.8046	-2.0506	1.7023	-1.7621	-3.3309	0.163	-1.5726	-1.7581	-4.3383	2.9521	4.1078	2.6809	1.6158	5.4168	-7.5985	1.3323	3.4839	-2.369	-0.2429	3.8063	-3.6451	-1.9618	0.1708	0.2417	-5.3776	-2.4544	6.3469	4.471	8.8615	-1.9239	0.7037	2.6024
D03-ZR-R1	-10.4864	-5.2407	-4.3552	-3.6806	1.526	-0.8056	1.4489	-5.3227	-1.1872	4.7191	-0.3701	-2.5349	-1.2906	-1.2822	-3.0974	-4.5465	4.4518	5.3562	3.3978	3.0917	7.0369	-6.0486	2.0622	2.9328	-0.8428	1.1696	0.153	-4.1222	-3.7328	-2.0652	2.6997	-4.4047	-1.2872	7.4643	6.1557	8.792	-2.4166	2.4986	4.1637
D03-ZR-R2	-13.1406	-5.3258	-4.6985	-2.4661	1.9573	-1.9137	1.6887	-4.2115	-2.175	3.145	-0.7007	-1.2504	-0.7362	-0.0751	-2.9753	-5.2736	5.4656	4.9896	4.442	3.7885	6.8294	-6.7932	1.5671	2.8329	-0.046	1.6767	0.1855	-3.7622	-4.1617	-1.6118	3.7476	-3.3818	-0.1221	6.698	5.1706	8.2526	-2.3894	1.5008	3.2728
D03-ZR-R3	-12.468	-9.141	-4.9966	-2.3481	1.1599	-1.4074	0.3676	-4.1484	-1.9216	3.1913	-0.3956	-1.0363	-0.9217	0.0404	-3.1753	-6.4272	5.3775	5.4662	4.2301	4.4903	7.5045	-7.2386	1.6314	3.7266	0.2602	2.8896	2.1432	-3.4213	-3.6889	-1.7999	4.1599	-2.9919	0.2795	6.1857	5.3747	7.9393	-3.3573	1.3066	3.1606
D04-NF-R1	-5.9242	6.4862	-4.3165	-2.2254	-1.6412	-1.5584	-0.2772	-2.7558	-2.0954	0.2739	1.5501	-4.1487	-0.8869	-2.7502	-3.1108	-3.5669	5.9206	5.4637	2.3085	5.9555	6.3906	-6.7543	-0.9638	-1.0331	-2.249	0.9829	3.2215	-2.2714	-3.0599	-0.2327	1.6909	-0.35	-1.4449	3.8065	2.779	4.7791	-0.538	0.8053	1.7403
D04-NF-R2	-6.3476	6.2971	-4.5725	-2.0797	-1.3771	-1.069	0.2516	-2.6419	-1.9293	0.7287	1.5241	-3.5349	-1.8575	-3.4611	-3.7677	-5.5564	6.1801	5.2115	2.0406	6.2742	6.6439	-5.5629	-0.8812	-0.8729	-1.9773	1.1471	2.7574	-1.9725	-2.8709	-0.8564	1.5541	-0.3858	-1.6112	4.1471	2.9666	5.1432	-0.7738	0.8754	2.2168
D04-NF-R3	-5.2585	7.3014	-4.0005	-1.223	-1.3662	-1.304	-0.1082	-2.6784	-2.0798	0.6607	1.4603	-4.1304	-0.7327	-3.1884	-3.4338	-5.163	6.212	5.3169	2.1002	5.9853	6.4685	-6.3851	-0.8844	-2.3113	-2.0721	0.8732	2.5625	-2.1805	-2.7865	-0.808	0.8056	-0.878	-1.7239	4.0919	3.219	5.1541	-0.6454	1.0726	2.0576
D04-OF-R1	-3.922	8.1662	-0.3754	-0.2309	-0.4568	-1.4966	0.2132	-2.9882	-2.9404	0.638	0.1996	-4.4359	-0.6159	-3.1385	-4.3811	-4.7033	4.054	4.9285	2.7037	5.0777	6.2016	-6.4014	-0.862	-2.8215	-2.3617	-1.0324	1.2669	-2.8275	-3.9844	-1.9259	1.2507	-0.0662	-1.4418	4.5458	3.4251	4.9079	0.6683	2.7596	2.4031
D04-OF-R2	-5.7718	6.571	-1.5577	-0.5623	-0.4284	-1.7529	0.9552	-3.0456	-2.5568	0.3446	0.16	-4.7166	-1.081	-3.2287	-3.6276	-5.0186	4.6743	5.0211	2.2828	5.4636	6.1673	-6.2399	-0.6156	-2.419	-1.973	-0.2352	1.7578	-2.453	-3.2561	-0.9072	1.198	-0.8654	-1.8583	4.8833	3.9405	4.8114	0.4701	2.84	2.6295
D04-OF-R3	-5.7792	6.2918	-1.3974	-1.3144	-1.0694	-1.5528	0.0879	-2.8025	-2.6359	0.4891	0.5561	-4.4425	-2.163	-3.1903	-3.7428	-5.845	4.8576	5.2858	2.4145	5.6995	6.5181	-6.1833	-0.3285	-2.5381	-1.5061	0.3048	2.3572	-2.1777	-3.5614	-3.1135	1.3346	-0.3802	-1.3899	5.2633	4.0194	4.7529	0.668	3.3105	2.9026
D04-OR-R2	-1.8662	6.896	-2.657	1.9339	-0.5794	-0.2538	1.9968	-2.2802	0.3221	-1.0786	-0.1105	-5.8757	1.9426	-1.6081	-2.6427	-0.828	2.5403	4.5368	1.1427	4.5464	4.8311	-7.3852	-2.6268	-2.0685	-5.0116	-1.842	1.8172	-1.4504	0.0093	3.0121	-0.0536	-0.536	-2.039	3.1592	2.5848	3.0666	-3.4482	0.8645	1.0391
D04-OR-R3	-1.1779	7.1096	-2.5335	2.3554	-1.0622	0.2424	1.3731	-2.2372	-0.3563	-0.41	0.153	-5.2228	2.0591	-0.8965	-3.5055	-1.4638	2.6483	4.3554	0.5819	4.8664	4.894	-8.8992	-1.7226	-2.8864	-4.8356	-2.2445	1.6212	-1.0358	0.2089	2.4806	-0.3318	-1.3398	-2.0926	3.2056	3.5782	3.1323	-3.1433	0.9113	1.6208
D04-ZF-R1	-6.0271	5.9374	1.4284	0.7599	1.2378	-0.8126	0.8862	-2.2694	-1.8854	0.0176	-0.2033	-4.7981	-1.3051	-2.2048	-4.2116	-4.3612	3.9137	5.3339	1.5972	3.8498	5.9471	-6.763	-0.408	-1.4177	-3.5669	-0.9245	2.4103	-2.5264	-3.0104	-1.0413	2.3501	0.5378	-1.3629	2.999	2.682	6.1342	-0.6818	0.249	1.5101
D04-ZF-R2	-6.6674	5.7631	1.342	0.7379	1.1905	-0.2302	1.5717	-2.5448	-1.9043	0.3885	-0.2641	-4.9443	-0.9765	-2.1831	-3.9117	-4.5552	4.0325	5.2665	1.6835	3.5924	6.0638	-6.8726	-0.2079	-1.5444	-3.6763	-1.1762	1.8039	-2.5351	-3.0103	-1.335	1.5058	0.124	-1.6277	3.2086	2.9924	6.2482	-0.0165	0.4116	2.2568
D04-ZF-R3	-6.3363	6.0354	1.6784	0.8194	1.3339	-0.5674	1.1018	-2.3144	-1.9932	0.268	-0.2639	-4.7567	-2.0987	-1.8793	-4.0756	-5.0643	4.0983	5.3591	1.7277	3.9581	6.0804	-6.8161	0.0958	-1.5438	-3.3452	-1.2686	1.9697	-2.3727	-2.9385	-1.3375	1.6566	0.2185	-1.7267	3.223	2.9065	6.3025	-0.4532	0.4916	1.8273
D04-ZH-R1	-6.7904	5.5579	0.827	0.3147	1.1345	-0.9991	1.401	-3.1173	-1.1753	1.0787	1.2601	-6.8705	0.1205	-0.8147	-3.9039	-0.9353	3.6175	5.5588	1.7298	3.2237	5.4902	-9.3109	-2.3693	-1.2066	-4.8235	-3.0876	0.3687	-2.4383	-1.711	1.595	-1.0949	-2.6183	-4.4858	5.3912	3.6615	7.5757	0.9589	2.7752	4.112
D04-ZH-R2	-7.4651	5.1102	0.6788	1.2681	1.1275	-0.4817	1.8924	-1.8241	-0.1125	0.8533	0.7341	-6.2364	-0.6389	-1.1352	-3.6722	-1.1182	3.4943	5.023	1.7129	3.1939	5.2609	-8.8805	-2.6867	-0.848	-6.1078	-3.0151	0.6447	-1.9479	-1.3507	1.7262	-1.3087	-3.0907	-3.9663	5.2304	3.3635	7.4558	0.5984	2.8094	3.7089
D04-ZH-R3	-6.7044	5.7437	1.0853	0.9388	1.4825	-0.7124	0.8097	-2.6948	-1.8513	1.2034	1.2539	-5.8283	-0.5029	-1.2766	-4.883	-2.0695	3.7857	5.0576	1.1625	3.2526	5.6142	-7.9153	-2.1188	-1.3187	-4.3733	-3.1595	0.2992	-2.8205	-1.605	0.6959	-1.3662	-2.4859	-4.4019	5.6108	4.1633	7.7055	0.7495	3.2111	4.263
D04-ZR-R1	-5.5193	6.7921	2.0606	0.9513	1.606	-0.8889	0.8554	-2.4354	-2.1992	0.4884	-0.6744	-4.7732	-1.8002	-1.5135	-4.8322	-3.5352	4.1141	4.9346	1.4428	3.5182	5.6967	-7.0858	-0.2032	-1.6478	-3.9894	-1.8362	1.6701	-2.7133	-3.2725	-1.2163	1.2876	-0.3882	-1.9538	3.6807	3.6024	6.93	-0.0123	0.7188	2.1402
D04-ZR-R2	-6.3425	5.5405	1.664	0.5242	1.303	-0.566	1.5197	-0.8071	-2.0517	0.0422	-0.6102	-5.4737	-2.0673	-1.9017	-4.0088	-4.2364	4.0483	5.805	1.5061	3.5529	5.5939	-7.0837	-0.2985	-2.0194	-3.712	-0.8975	1.5978	-2.408	-3.058	-1.5373	0.305	0.3426	-1.202	3.7368	3.5958	6.5417	-0.4344	1.4739	2.0225
D04-ZR-R3	-4.9713	7.4311	2.7648	1.6207	2.2677	-0.2618	1.7099	-1.8759	-1.7014	1.248	-0.3118	-5.995	-0.435	-0.9692	-5.095	-4.4058	2.9137	4.2391	0.5057	2.6097	4.4456	-6.4441	-0.7223	-1.3161	-4.4809	-2.4375	0.2529	-2.3924	-2.9374	-1.3929	-0.7772	-1.5943	-2.9405	4.3789	4.0557	7.6011	1.0409	1.5373	2.8351
D05-NF-R1	-12.3955	-4.8452	-4.2722	-0.632	-3.0412	-0.5285	0.1308	-4.2572	-0.7722	2.2429	1.3516	5.7479	-0.233	-1.0274	-4.8264	-1.2204	3.654	5.5091	2.7722	3.3951	6.4985	-0.0162	-1.1195	-4.3169	-5.8097	1.8477	2.812	-1.4192	-2.3853	1.0837	5.2916	-3.9425	1.4589	5.7872	4.6924	-2.5404	-0.5096	0.6217	5.213
D05-NF-R2	-12.1256	-8.0901	-2.8653	-0.3717	-3.4563	0.2403	1.8436	-3.4759	-0.2809	3.3953	1.9392	3.6765	-1.1005	-0.3328	-4.4247	-4.1289	3.4734	4.3119	1.3731	3.3471	6.9723	-0.9337	-0.5952	-2.8889	-4.462	3.667	3.4217	0.3399	-1.7897	0.7934	5.4969	-2.2113	1.0413	5.4018	4.2132	-2.0666	-1.2224	-1.1518	3.0262
D05-NF-R3	-11.8687	-10.1142	-7.8768	-0.4586	-3.7392	-1.1359	0.5414	-3.4913	-1.7337	2.8361	2.6745	5.8998	-0.8216	-0.6979	-4.1873	-4.3123	4.4124	5.343	2.9246	3.8178	7.4646	0.0719	-0.819	-2.9765	-4.5473	3.4164	3.0565	-0.0366	-2.0483	0.0523	6.2968	-2.6485	1.8291	5.8523	4.9644	-2.0672	0.0916	0.5316	3.5039
D05-OF-R1	-13.6099	-4.06	-6.6152	-2.3759	-4.7819	-1.51	-1.0089	-3.7348	-0.9606	5.7583	1.5486	5.4694	-1.3133	-0.61	-4.9572	-2.6963	3.1257	4.2799	1.5817	2.9603	6.2715	-0.0218	-1.4515	-3.3042	-4.759	4.1388	2.0208	0.0362	-3.1656	0.4651	4.1651	-2.6733	0.7288	6.8203	6.9607	-1.1526	2.0026	1.0049	5.4231
D05-OF-R2	-12.2623	-3.9824	-2.4064	-0.4252	-2.45	-1.5664	-0.0226	-3.9027	-1.5081	5.0228	0.8495	4.7777	0.6012	-0.5815	-3.6296	-3.6409	2.864	3.6118	1.8705	2.7182	5.8065	-1.0717	-1.7788	-3.7451	-5.5353	3.3477	1.5758	-0.5852	-1.9775	0.8974	3.7575	-3.1639	0.5905	5.6904	6.606	-1.4033	1.059	0.0068	3.9854
D05-OF-R3	-13.7788	-6.7871	-4.9886	-4.5041	-5.3725	-0.7801	0.1712	-3.2072	-1.0704	4.9427	2.1481	4.6713	-1.8143	0.4504	-4.3634	-6.0963	3.8011	4.5423	2.242	3.2953	6.7079	-0.1747	-0.4675	-2.6681	-3.814	4.4114	3.1108	0.4121	-3.1838	-0.7053	5.0421	-1.9277	1.4454	6.595	6.6882	-1.2393	1.4295	0.2816	4.5548
D05-ZF-R1	-14.2031	-0.2367	-4.5706	-3.0154	-5.1731	-1.7464	-0.3976	-3.7157	-2.0579	5.1872	1.0823	1.0402	-1.3555	-1.6252	-4.6159	-3.0636	3.4611	4.4524	2.7977	2.5924	6.5282	2.2801	-0.0476	-3.3285	-4.7159	3.594	1.9136	-1.277	-3.0388	0.1912	3.0539	-2.9973	-2e-04	7.9589	5.746	-0.9048	1.5122	1.8619	6.8338
D05-ZF-R2	-14.0451	-10.5534	-3.9983	-4.0819	-4.6618	-1.1339	2.4759	-3.3536	-1.0298	4.4835	1.3762	3.1127	-3.2182	-0.1774	-3.4321	-3.7997	3.8212	4.5909	2.3569	3.6281	7.2305	2.3961	0.4718	-2.8198	-3.8956	4.9866	2.1535	-0.4524	-2.842	-1.1131	3.4572	-1.6365	1.268	6.683	5.1978	-1.299	1.2438	1.5898	5.02
D05-ZF-R3	-13.2655	-9.0612	-3.6196	-6.5702	-4.6955	-1.3783	0.7711	-3.3756	-1.3601	6.0573	1.0529	2.614	-1.1464	-1.1076	-4.2282	-3.7472	3.7424	4.1744	2.6292	3.2927	6.8518	3.587	0.2921	-2.8456	-3.73	4.0957	1.5091	-0.531	-3.5623	-1.3834	2.6158	-2.2717	0.2051	7.6954	6.2097	-0.794	2.274	2.1422	6.8615
D05-ZH-R1	-13.2673	-5.4523	-3.288	-0.6347	-2.8444	1.0603	1.2912	-4.2756	-0.694	5.8158	2.5171	3.2452	-0.2867	-1.2211	-5.3181	-1.2859	3.1545	3.5076	0.7746	2.4024	5.3067	0.9822	-2.2106	-3.6062	-5.7144	2.161	1.2234	-1.3301	-2.442	1.0555	-0.0963	-3.4731	-1.2241	8.4812	5.7974	-0.8476	1.7304	1.8316	7.1743
D05-ZH-R2	-12.2599	1.9285	-3.6223	1.9592	-1.1991	0.481	1.484	-4.1321	-0.4774	4.4	0.9728	1.4969	0.4584	-1.3404	-5.0188	-1.8445	2.7687	2.687	0.1678	2.3589	4.4481	-0.7577	-3.3301	-3.0197	-5.8056	0.77	0.8551	-1.1281	0.4175	3.1671	-0.4008	-3.7566	-2.3966	6.9486	4.361	0.9039	0.9025	0.902	5.6508
D05-ZH-R3	-8.6112	-5.2319	-1.6683	-1.6072	-1.5313	0.788	1.5379	-3.6425	-0.2939	6.2606	2.8693	3.5416	-0.3927	-2.3156	-5.2085	-5.4337	3.1287	3.2663	0.1408	2.2072	5.048	1.49	-2.832	-4.4989	-5.7565	1.8578	1.7256	-1.6385	-2.9848	-0.1005	0.3338	-4.3326	-1.5092	8.5701	6.2227	-0.7763	1.9429	2.1716	7.2632
D05-ZR-R1	-14.4647	-9.4624	-4.0166	-2.5372	-4.8383	-1.3969	-0.1928	-3.3331	-1.0035	5.2117	2.1398	1.9551	-1.3234	-1.086	-4.5988	-2.8432	3.8552	4.617	2.5661	3.3221	6.6745	2.6764	-0.2847	-2.7135	-4.1039	3.811	2.2486	-0.2447	-2.6697	0.5489	3.2477	-2.3144	1.3837	6.8462	5.9199	-1.1833	0.762	0.9616	5.8638
D05-ZR-R2	-13.4531	-6.511	-3.6082	-2.6603	-4.8117	-1.5868	1.0858	-3.6355	-1.8313	5.3093	1.3547	1.0008	-2.1695	-0.9612	-3.522	-3.5457	3.6109	4.5957	3.3288	2.9421	6.649	2.6301	0.4315	-3.0928	-4.2754	3.2142	1.7853	-0.678	-3.3083	-0.4675	3.237	-2.6959	0.864	7.232	5.5124	-0.562	1.1535	1.2376	6.2018
D05-ZR-R3	-14.329	-7.4986	-3.8473	-5.0051	-4.4885	-0.7966	0.1941	-2.0544	-1.2639	6.0756	2.4188	1.5865	-3.1177	-2.0771	-4.4115	-4.382	3.7928	4.3854	2.9484	3.5137	6.5739	3.1365	0.2088	-2.6765	-3.9204	4.6604	1.8471	-0.1107	-3.4572	-0.5887	2.7796	-2.3191	1.126	6.9858	6.4552	-1.0172	1.4022	0.9892	6.2814
D06-NF-R1	-7.6253	1.1916	-6.4652	-1.2522	-2.5785	-0.1738	-0.1535	-3.4515	-1.2073	-1.2866	-2.9815	-4.8385	-0.7803	-0.4652	-3.3309	-1.6646	6.2888	7.0223	3.536	5.4168	9.0266	-4.0022	-0.7757	-3.6564	-3.8319	2.366	8.6941	-1.9599	-1.7263	1.5514	5.7697	4.3132	2.3145	6.9947	5.6538	-2.1838	-3.2649	-10.0937	-0.3898
D06-NF-R2	-5.1895	2.9347	-3.7769	1.4404	-1.4048	-0.027	1.2972	-2.6807	0.1473	-2.3603	-3.8666	-5.0058	0.2954	-0.7073	-3.3764	-1.2994	6.3232	7.2292	3.9086	5.3535	8.4148	-5.482	-1.3915	-3.9389	-4.2617	0.1819	4.9944	-1.458	-0.9661	2.1992	3.5168	1.3551	1.4975	6.2986	5.6567	-1.077	-4.8517	-9.0292	-0.8937
D06-NF-R3	-4.9254	3.2111	-2.3572	-1.8433	-2.4877	0.7513	1.1742	-3.0317	-0.0803	-1.1056	-3.1694	-5.4039	-0.1007	-1.3222	-3.3674	-5.5592	6.638	7.207	3.4867	6.2828	9.0159	-4.6517	-0.1898	-3.4379	-3.6961	1.5936	5.481	-2.9294	-2.5385	-0.4993	3.9858	2.1574	2.7134	6.8852	7.421	-2.1867	-4.6968	-8.4243	2e-04
D06-OF-R1	-10.8986	1.5804	-3.0664	2.4617	-0.0577	1.1078	2.7489	-4.53	2.2737	-0.9156	-0.4429	1.5192	1.897	1.327	-2.4638	2.3441	3.0979	5.1249	1.3803	1.4236	5.7956	-2.9163	0.5264	-2.2212	-10.9784	0.772	2.145	0.8473	0.7518	4.2515	-1.352	-6.6887	0.1928	5.6116	5.6968	0.351	-0.8176	-11.0187	3.1395
D06-OF-R2	-6.6028	-1.2992	-2.3999	-1.3586	-0.8343	-0.1054	0.6703	-3.7424	-1.3435	1.1826	-3.8387	-5.2459	-0.8138	2.3342	-2.5952	-4.3352	5.3974	6.1097	3.5408	4.3764	8.79	-5.1729	0.8704	-4.289	-4.6848	3.0859	5.013	-3.6842	-2.8354	-0.436	3.7581	0.083	2.8479	9.7508	8.0049	-0.7495	-2.9668	-7.9511	1.4692
D06-OF-R3	-5.0039	2.9261	-3.89	-1.8944	-1.7175	-1.0966	-0.0614	-3.8743	-1.6914	1.476	-3.343	-5.1337	-1.2395	1.0479	-1.8124	-4.4751	5.5154	6.3653	3.5516	5.6719	8.7819	-4.1472	0.3259	-3.7206	-3.9007	2.2408	4.4394	-4.0272	-3.3569	-1.3869	3.5956	0.6943	2.8911	9.1769	8.1739	-1.4423	-3.747	-7.4032	1.4913
D06-OR-R1	-4.2402	2.5114	-5.3293	-0.075	-2.2556	-0.6954	0.1814	-3.7639	-0.4346	0.2053	-2.6375	-1.3082	0.9486	-0.9229	-3.7325	-0.1756	5.4763	4.8956	1.8255	4.9813	6.414	-5.7321	-0.4868	-4.2471	-4.6936	0.7269	5.1905	-1.8756	-1.9001	1.6056	2.9329	0.1844	0.5714	8.1858	8.1466	-0.9791	-3.0078	-8.2027	1.712
D06-OR-R2	-3.9928	3.2839	-2.9355	1.6617	1.0551	0.4051	1.8651	-3.9627	0.3298	-0.4105	-4.59	-5.5378	0.86	-0.8016	-1.9839	-0.7724	5.19	4.8799	2.0184	4.166	5.9134	-9.5516	-2.5276	-4.0956	-3.5775	1.0067	3.4335	-1.6909	-0.7222	2.515	2.6734	0.0798	0.1562	7.7436	7.8658	-0.2103	-3.42	-6.9186	0.5992
D06-OR-R3	-3.1154	4.3048	-2.4555	-2.6042	-2.0196	0.5181	0.9967	-3.1605	-0.9731	0.3514	-3.7094	-4.3033	0.5694	-0.753	-3.4646	-6.6417	6.418	5.7899	2.5108	5.4976	7.0407	-6.7897	-0.4672	-3.7714	-3.7666	1.6078	4.8404	-3.1233	-3.0847	-1.059	4.1346	1.444	2.1153	8.5709	8.9108	-0.6341	-2.8574	-8.3101	1.4427
D06-ZF-R1	-7.2616	0.2926	-4.051	-3.214	-2.8225	0.153	0.3209	-3.2469	-1.6415	0.9927	-2.5894	-4.0266	-2.0758	-0.8825	-1.493	-3.6699	6.5332	6.6531	3.1149	5.3648	9.2458	-3.0445	1.7855	-3.0799	-3.6256	2.7023	4.965	-3.3084	-3.1634	-0.3396	4.2003	1.2407	2.6265	8.5603	7.4627	-1.3788	-3.1844	-9.7081	1.5929
D06-ZF-R2	-7.342	0.0367	-2.4968	-2.5688	-2.0949	1.1261	1.0537	-2.861	-1.555	0.4558	-2.4701	-4.3688	-2.0654	-1.0242	-1.9855	-5.8383	6.6032	6.7892	3.1509	5.4919	9.2357	-3.4339	1.4988	-2.8659	-3.6116	2.7434	4.6817	-3.4463	-3.2317	-0.9696	4.1783	1.3855	2.4328	7.9357	7.3571	-1.0646	-3.798	-8.403	1.3392
D06-ZF-R3	-8.0846	-1.3082	-2.3066	-6.1406	-2.1227	-0.3045	0.6352	-2.8241	-1.774	1.1576	-2.6649	-3.4996	-2.5378	0.5606	-1.776	-6.7029	7.3691	7.5102	4.6405	4.4254	9.9266	-3.3771	2.68	-2.5967	-3.2555	4.2161	4.3516	-3.7172	-3.7953	-2.4314	3.8103	1.3946	2.4624	9.0266	7.6958	-0.9963	-3.0867	-8.2228	1.6629
D06-ZH-R1	-7.1694	0.5738	-1.8147	-0.0559	-1.3007	-0.4877	1.342	-4.447	-0.799	2.4173	-2.7407	-1.2599	1.5663	-0.5448	-2.0907	-0.5925	3.9054	4.6401	2.5249	3.8064	6.9587	-3.2686	-0.8143	-4.669	-4.4375	0.1509	0.0843	-2.1087	-1.9269	2.2729	-0.1424	-3.2964	-1.0174	10.5177	8.4558	0.1713	-1.4418	-6.4205	3.4587
D06-ZH-R2	-6.1559	0.029	-1.1084	1.1057	-0.745	1.5048	2.1131	-3.5067	0.4722	1.628	-3.0632	-4.4059	2.5248	-0.3059	-2.2558	-2.7572	4.2571	4.9319	3.2372	3.7518	6.7064	-3.6181	-1.2775	-4.5877	-5.6993	0.6415	0.0836	-1.879	-0.7231	2.0508	-0.4126	-2.9935	-1.8858	10.2661	8.3703	-0.1136	-1.476	-8.0181	3.314
D06-ZH-R3	-8.4363	-1.4845	-2.0504	2.804	-0.1234	0.7711	2.0729	-4.3079	0.1677	1.7225	-3.0173	-5.607	2.7304	0.2532	-1.9483	-1.487	4.2189	4.1928	2.658	3.877	6.9101	-4.9981	-0.6618	-4.1087	-4.5889	0.1298	0.571	-1.2558	0.6393	3.0057	0.1109	-2.6564	-0.2231	10.0724	8.0847	-0.306	-2.2317	-8.6197	3.1198
D06-ZR-R1	-5.0271	1.2552	-2.7782	-2.1145	-2.3719	0.1516	0.4816	-3.3727	-1.4089	1.5342	-3.3097	-4.3318	-1.2292	-2.0305	-1.4285	-2.676	5.7222	5.7847	2.0083	5.3846	7.6367	-2.4288	0.2963	-3.6462	-4.3925	0.9888	4.6841	-3.2748	-2.8638	0.3652	3.745	1.0644	2.484	9.2887	7.8029	-1.4977	-3.5738	-7.6621	0.7402
D06-ZR-R2	-5.6039	0.8373	-2.9898	-1.8843	-2.4303	0.4767	0.9576	-3.149	-1.8155	0.6771	-2.9253	-4.5614	-1.6646	-1.8671	-1.5346	-4.6915	6.1032	6.044	2.3168	5.9139	7.9143	-2.9337	1.3502	-3.2742	-3.7761	1.956	4.4617	-3.7654	-3.1223	-0.5189	4.2947	1.2346	2.9568	8.6767	7.3307	-0.3241	-3.2453	-8.2227	0.7977
D06-ZR-R3	-4.8432	1.3295	-2.1721	-1.5122	-1.4263	-0.27	0.2924	-3.2369	-1.5084	1.8311	-3.2318	-4.7128	-0.9113	-1.9874	-0.843	-4.8135	5.4018	5.562	1.9952	4.7582	7.6888	-1.2759	0.4488	-3.2935	-4.5351	0.9274	4.5677	-3.771	-2.8696	-0.8465	3.1527	0.578	1.8073	9.0174	8.3718	-1.0261	-2.7442	-7.3314	1.4321
D07-NF-R1	-9.1668	-3.9098	-6.7261	-1.0651	-3.1034	-0.95	-0.0055	4.9973	-1.161	2.3981	2.2532	-4.9484	0.1329	-0.4655	-2.5343	-1.5182	3.3342	4.7248	2.5915	5.3346	7.6021	-7.7964	0.3881	-3.2925	-0.8937	-3.0885	1.6898	-2.0409	-1.7799	1.4572	-2.5267	-3.4279	1.4074	6.1582	7.0352	-1.7788	3.7748	2.9067	3.9935
D07-NF-R2	-11.0131	-4.1107	-4.2035	-0.7798	-2.81	-0.0663	0.9214	4.798	-0.9532	2.7369	1.8479	-4.3407	-0.9489	-0.3788	-2.664	-4.5797	3.5725	4.7706	2.2397	5.6378	7.8119	-7.7021	0.3969	-3.0885	-1.2274	-3.205	2.1111	-2.9068	-2.1245	0.5738	-1.6198	-3.1528	2.1269	6.0508	7.5084	-1.3429	3.0612	2.9566	4.096
D07-NF-R3	-13.6616	-2.9746	-4.1401	-2.5652	-2.7	0.2261	0.814	5.3107	-1.1501	3.1985	1.3526	-4.608	-1.7705	-0.5511	-3.0225	-7.4952	3.794	5.1941	2.4948	6.4828	8.2618	-6.9659	1.1637	-2.6537	-0.873	-2.9025	2.383	-2.8805	-3.0767	-1.266	-1.5586	-2.9282	2.1352	7.0799	7.9891	-0.8492	3.7701	3.7833	5.1596
D07-OF-R1	-12.0051	-4.8083	-3.6865	-3.1893	-3.6615	-1.2776	-0.4104	8.992	-3.0782	2.6391	2.1769	-3.8718	-3.2966	0.084	-2.8334	-3.5347	3.57	5.2434	2.0064	4.5789	7.8341	-7.1019	1.299	-2.3065	1.7608	-0.417	0.2662	-3.5656	-3.694	-1.3518	-2.3935	-4.0781	2.6064	7.4308	7.5835	-1.2841	4.389	4.1524	5.2329
D07-OF-R2	-11.567	-3.9923	-4.8885	-2.7667	-3.7416	-0.9426	-0.0043	8.1593	-2.5146	2.2722	2.2778	-4.9233	-3.1856	0.6812	-2.7979	-6.5473	4.0196	5.7222	2.838	4.9045	8.3151	-7.1823	1.4038	-2.0498	2.3958	-0.2387	1.0819	-3.4866	-3.6318	-1.2042	-2.1835	-3.257	3.4758	6.5727	7.2374	-1.5561	3.6976	3.2653	4.3415
D07-OF-R3	-12.5725	-4.7982	-4.5187	0.1431	-2.2813	-0.2363	0.5833	8.2403	-2.0707	2.801	2.0826	-5.2503	-1.532	0.3638	-3.2852	-4.085	3.0852	4.5999	1.4159	4.5692	7.5802	-9.2434	0.783	-2.5467	1.2928	-0.9783	0.0035	-2.7818	-1.7919	0.3376	-2.707	-3.9116	2.0423	6.6549	7.8098	-1.2865	3.6788	3.21	4.6
D07-OR-R1	-8.9999	0.4785	-1.7186	1.1122	-2.2279	0.5547	4.721	3.2281	0.6448	0.4515	0.2293	-6.4499	3.0622	-0.0021	2.194	0.5554	2.9992	5.1808	1.8704	3.2334	5.0684	-11.8203	-1.2227	-4.1332	-0.892	-3.1546	0.3628	-0.4822	0.0593	3.4212	-3.6043	-5.3466	1.9144	3.925	5.7777	-1.8132	-0.3502	0.0254	1.1478
D07-OR-R2	-5.8921	0.6084	-2.7935	1.343	-1.8244	1.3025	1.3324	3.5958	0.5239	0.5015	0.3838	-3.8154	0.6517	0.1104	-2.2321	-2.7818	3.8046	5.5763	2.3647	3.2156	5.5945	-7.8043	-0.0693	-3.8834	0.0274	-2.5249	0.4001	-1.8012	-0.6792	2.2254	-3.1291	-5.9566	1.223	4.4343	5.9724	-2.1111	0.2295	0.313	1.564
D07-OR-R3	-7.1672	0.9543	-3.3174	2.9265	-1.0222	0.9731	1.8336	3.7677	0.4001	0.5845	1.0676	-4.8141	1.5066	0.2996	-3.37	-1.2631	2.8506	4.5251	0.9533	3.8151	5.5144	-11.3786	-0.9831	-3.5719	-0.6449	-3.0914	0.6744	-1.1491	0.7308	3.0654	-3.7502	-4.2013	0.803	4.6844	6.944	-1.5081	0.1871	0.7635	1.4079
D07-ZF-R1	-11.1613	-4.7322	-6.6082	-3.1891	-3.464	-1.3723	-0.7828	9.0778	-2.6648	2.1302	1.7848	-3.5191	-3.1484	-1.6064	-2.4469	-4.0252	4.4575	6.0876	2.7463	5.155	9.026	-6.6963	1.3822	-3.0436	-0.5596	-2.2001	1.0814	-2.9704	-3.7681	-1.0939	-1.6126	-2.6606	3.1227	7.276	7.8464	-1.003	3.9568	3.8066	5.3917
D07-ZF-R2	-12.2725	-3.4331	-7.6131	-2.0069	-3.4106	-1.5295	-0.2097	9.7345	-2.7202	2.2006	1.2167	-4.9711	-3.0946	-0.7143	-1.6891	-4.9419	4.5562	6.5501	3.126	5.0976	9.4515	-8.2232	1.9513	-2.9141	-0.3613	-2.3634	1.5781	-2.6025	-2.9376	-0.3671	-1.9258	-3.0871	3.1067	6.6102	7.2981	-0.8535	3.8934	3.169	4.7021
D07-ZF-R3	-11.7402	-4.225	-5.0288	-6.5881	-3.017	-1.0737	0.0434	9.2246	-3.0427	2.7074	1.3625	-4.5858	-3.8544	-0.2145	-1.6006	-8.3601	5.1858	7.0073	3.0086	5.6476	9.6915	-7.344	2.4067	-2.7404	0.1207	-1.723	1.781	-2.5703	-3.4807	-4.363	-1.595	-2.5437	2.9041	7.3133	8.1681	-0.6351	4.0843	4.2112	5.4577
D07-ZH-R1	-7.8981	-4.5295	-4.4877	0.2064	-2.1076	-0.1822	1.1967	8.393	-0.3225	3.0081	2.3485	-4.1943	2.0118	-0.6123	-3.0052	-0.243	2.405	3.4357	1.4678	3.3786	6.8799	-7.2929	-1.8128	-5.0776	-3.5766	-3.7087	-1.1135	-1.3175	-0.8537	2.5618	-4.3497	-5.913	-1.5932	7.7247	7.1379	-1.2079	3.8877	3.794	5.5619
D07-ZH-R2	-9.2669	-4.2372	-2.0527	0.2339	-0.9494	1.2877	1.2769	8.2001	-0.0143	2.654	2.1721	-4.3808	0.4824	-1.2903	-2.8767	-3.4655	2.7547	4.0511	1.0877	3.9819	7.1483	-10.1927	-0.7531	-5.3927	-1.4139	-4.4206	-0.3114	-2.3644	-1.4124	1.2648	-4.3725	-5.1106	0.4088	7.4677	7.6018	-1.2749	4.4464	3.7815	5.251
D07-ZH-R3	-12.2561	-3.3237	-2.9914	-1.7972	-1.9123	0.8912	1.2028	8.6669	-0.0975	4.1901	2.9889	-2.8535	-0.0411	-1.3368	-2.3616	-6.1777	3.0047	4.2353	1.4863	4.3617	7.5839	-8.5495	-0.1826	-4.2727	-2.6132	-3.9166	-0.1389	-3.3685	-2.7461	-0.621	-4.1411	-5.694	-0.2337	8.6608	8.4123	-0.5176	4.8055	5.1019	6.5522
D07-ZR-R1	-9.3276	-2.2014	-5.9098	-3.2947	-3.1767	-2.4122	-0.4548	11.195	-3.2473	2.0383	1.0201	-4.179	-2.2369	-1.5039	-1.6533	-3.9007	4.3922	5.9187	2.7916	4.7448	8.3919	-8.2757	1.1862	-3.8163	-0.3131	-2.6377	0.1386	-3.713	-3.9807	-0.8044	-2.7568	-4.6989	3.3306	7.7485	8.7875	-0.7576	3.8912	4.3121	5.3651
D07-ZR-R2	-10.4768	-4.1514	-4.9515	-2.2962	-2.9408	-0.1866	0.7051	9.6839	-2.3267	2.2398	2.1185	-5.1783	-2.2826	-1.6748	-2.4407	-5.634	4.0403	5.5782	2.083	5.5172	8.8809	-8.1311	1.1736	-3.2293	-0.3216	-2.3041	1.099	-2.8755	-3.1014	-0.7424	-2.3873	-3.1505	2.335	6.9325	7.9079	-0.9955	3.3943	3.2354	4.8544
D07-ZR-R3	-10.8205	-2.6293	-2.6882	-4.2277	-2.73	-0.7533	0.4489	10.8833	-2.2573	2.048	2.2827	-4.5811	-1.9796	-1.0223	-1.7036	-7.8147	4.654	6.4622	3.0739	4.8194	9.5002	-8.774	1.8657	-4.0478	-1.5437	-3.7196	0.6376	-3.8178	-4.1873	-2.4594	-2.3419	-4.425	2.8119	7.9186	8.0625	-0.705	3.8327	3.909	6.0187
D08-NF-R1	-7.7912	9.2296	-4.1115	0.3435	-2.9039	-0.6978	0.9336	-3.64	-0.1651	2.5478	1.999	-4.8494	1.3329	0.4522	-4.4018	-0.35	5.371	6.2777	2.9176	3.1172	7.1253	-2.8326	-2.4201	-4.1986	-0.9677	-2.2231	1.6017	-1.4072	-1.1046	2.6568	2.1095	-2.5005	1.0288	5.7974	4.9022	-2.2274	0.6908	-11.8143	0.1727
D08-NF-R2	-10.4136	7.1318	-3.5246	0.0317	-2.9883	-1.3129	0.986	-3.8717	-1.1025	5.0559	3.425	-4.5857	-0.358	0.4259	-5.0256	-2.5052	5.5963	5.9153	3.3446	3.7943	8.3003	-6.7685	-1.3138	-3.1129	1.4811	-2.8474	1.1974	-2.1123	-2.4547	1.0166	3.5186	-2.8271	1.6009	6.4614	5.446	-0.9158	1.1882	-10.5879	2.7111
D08-NF-R3	-6.992	10.2411	-2.8519	-3.1034	-2.4227	-0.8235	1.0338	-3.2737	-1.4058	3.9333	3.1544	-4.0945	1.635	0.4569	-4.7571	-4.3672	5.7773	5.9609	2.8773	4.2588	8.1249	-6.6256	-0.7108	-3.4702	0.2179	-2.9874	0.9947	-2.2726	-3.7375	-0.7306	2.7226	-2.5083	1.7129	6.6967	5.8827	-1.8585	1.6461	-10.0857	1.7516
D08-OF-R1	-8.2289	8.965	-4.0803	-3.3363	-3.0594	-2.0952	0.0115	-4.1403	-2.9914	2.8353	1.5485	-3.2382	0.1522	2.4583	-4.8752	-2.0404	5.0099	4.8377	2.1473	4.3028	7.9492	-5.4142	0.1875	-3.983	1.6365	-3.141	-0.0835	-3.2998	-4.1754	-0.7646	2.3916	-3.779	2.3613	8.546	7.5724	-1.3629	4.5276	-7.4737	4.122
D08-OF-R2	-10.5922	7.3964	-4.7334	-1.0629	-3.2837	-1.8793	0.6156	-4.2222	-2.1721	3.436	1.7363	-3.5672	-1.0114	0.3063	-4.8774	-2.8627	4.5054	4.814	1.9697	4.0009	8.0461	-5.283	0.2616	-3.9568	1.6809	-2.9892	-0.2712	-3.2799	-3.2234	0.0174	2.0111	-3.8596	2.4922	9.0381	7.6917	-0.5549	4.8622	-5.8947	4.6951
D08-OF-R3	-7.5409	8.802	-3.9564	-4.9958	-3.3201	-2.0347	0.5424	-4.2558	-2.8613	2.8469	2.5044	-3.7273	-0.0255	1.9644	-5.1484	-3.2932	5.6333	5.0835	2.2794	4.3344	8.18	-5.6296	0.6076	-3.9354	1.7975	-3.2088	1.1834	-3.3444	-4.6455	-1.7967	3.2485	-3.3269	2.7678	8.3042	7.3689	-1.5593	4.0413	-7.1362	4.2523
D08-OR-R1	-6.3846	5.4536	-3.0551	1.1479	-1.9525	-0.7081	1.1174	-4.7589	0.4535	4.6219	3.1161	-3.8207	1.6737	-0.1059	-3.6221	0.7077	4.9652	6.3049	1.0816	2.9229	4.831	-7.582	-2.7326	-3.9263	-0.9277	-2.5619	-0.2221	-0.5845	0.3333	3.3306	0.9981	-4.9644	-1.0078	5.6066	7.0609	-1.4697	0.323	-8.8314	3.1683
D08-OR-R2	-7.9675	5.0527	-3.1455	2.0439	-1.7319	0.2442	1.821	-3.74	0.6612	4.0308	2.5349	-3.0775	0.8691	-0.2827	-2.8603	-0.1573	4.337	4.4426	1.4403	2.6365	5.1857	-6.6507	-2.8468	-4.1302	-1.3853	-3.0258	0.1016	-0.4493	-0.3691	2.903	1.8268	-4.8659	0.1534	5.2039	7.0636	-0.4947	0.3975	-8.024	2.2545
D08-OR-R3	-7.0296	5.4575	-2.6429	3.7108	0.2423	1.1027	2.3094	-4.1411	1.186	3.6477	3.1049	-2.9658	2.305	0.5107	-3.2195	-0.1705	4.4589	4.6474	-0.1426	3.0029	4.2382	-9.3459	-3.4765	-4.4579	-2.7072	-3.2494	-1.1446	-0.1831	1.742	3.9032	-0.1668	-4.0005	-0.4928	5.6137	7.4291	-0.8641	0.1097	-10.9914	2.6703
D08-ZF-R1	-9.3509	5.434	-5.9041	-3.2015	-4.6962	-1.7871	-0.1271	-3.3637	-1.911	2.9633	2.7858	-3.339	-2.4345	-1.0039	-4.8245	-2.9019	5.3947	6.2043	2.4916	3.0788	8.5562	-4.0144	0.9761	-2.9102	1.8041	-1.9681	1.0973	-3.1793	-3.5034	-0.1416	3.0792	-2.6182	1.8787	8.7635	7.149	-0.9454	4.3085	-6.8979	5.0584
D08-ZF-R2	-9.66	4.8862	-7.0165	-2.683	-4.4883	-1.6527	0.0085	-3.2174	-1.8874	2.4234	2.5166	-3.2334	-3.2631	-1.0658	-4.4191	-3.5251	6.1924	6.6447	3.0964	3.4422	8.6139	-4.5483	1.0099	-2.6982	2.5774	-1.8229	0.4896	-2.7801	-3.5028	-0.3726	2.8337	-2.0456	2.5572	8.0673	6.7754	-0.5203	3.7364	-5.7231	4.2544
D08-ZF-R3	-8.495	6.7736	-5.1902	-1.0998	-3.7433	-2.1611	0.3858	-4.3818	-2.6753	3.2863	2.2541	-3.4476	-1.4852	-2.0831	-5.2082	-3.0421	5.0397	5.135	1.3924	3.1522	7.494	-2.9707	0.0289	-3.2617	2.4158	-2.8969	-0.9586	-3.3451	-2.8286	-0.3409	1.8942	-3.2695	0.7821	9.511	8.6632	-0.2347	5.5905	-6.4929	5.8136
D08-ZH-R1	-7.0205	3.1038	-6.4525	1.5837	-1.3022	-0.2658	1.4239	-4.9723	0.6003	4.2242	3.0851	-3.1952	2.5881	0.2255	-3.8117	1.0019	3.9209	2.5352	2.0579	2.1069	5.8308	-8.2476	-2.1795	-3.7344	1.7473	-3.0854	-0.8335	-0.2803	0.3487	3.5217	-1.9111	-5.3043	-2.757	8.8032	7.387	-0.9283	3.8713	-9.0525	5.3667
D08-ZH-R2	-7.9191	4.174	-1.1237	1.3969	-1.339	1.9171	2.8708	-3.7431	0.831	4.304	3.2209	-2.3145	1.668	-1.3262	-4.0473	-1.4711	3.7406	2.8265	1.0493	2.4607	5.5651	-6.2209	-2.5654	-4.9866	1.8448	-4.341	-2.2406	-1.816	-0.4865	2.3838	-1.197	-6.5614	-2.4358	8.8681	7.6277	-0.9858	4.0494	-9.3499	5.672
D08-ZH-R3	-5.5582	4.8889	-4.9628	0.1064	-1.9082	-1.1083	1.5637	-5.1689	-2.3562	4.9621	3.8035	-1.7855	0.1639	-1.2959	-4.9516	-1.6756	4.3834	3.5096	2.0747	3.451	6.5281	-5.6869	-1.4428	-4.7205	2.6341	-4.3888	-3.0045	-3.2787	-1.9648	0.4824	-0.3708	-4.7752	-1.0316	9.5868	8.4235	-0.6123	4.6707	-5.3195	6.1349
D08-ZR-R1	-8.0322	6.143	-5.7319	-4.8401	-4.6786	-2.0411	-0.1916	-3.7123	-2.3935	5.1397	2.6059	-2.4792	-2.3975	-1.7406	-4.5095	-3.257	5.9105	5.8252	2.5987	3.6904	7.9185	-4.001	0.3882	-3.0988	2.1484	-2.5212	-0.1694	-3.0962	-4.4704	-0.6739	2.2997	-2.3535	2.111	8.4849	7.4811	-0.4661	5.4169	-6.9291	5.6228
D08-ZR-R2	-8.9531	5.921	-3.8884	-3.6585	-4.0441	-1.4049	0.9459	-4.2694	-2.6469	6.2404	3.172	-1.8202	-0.5277	-2.7044	-4.0123	-2.7126	5.1878	4.9211	1.9664	3.0681	7.0552	-3.4638	-0.6595	-3.6645	1.907	-3.4056	-1.9484	-3.4094	-4.3238	-1.2119	0.1504	-2.8941	1.4102	9.2202	8.213	-0.0499	5.8494	-5.7623	6.2075
D08-ZR-R3	-7.2294	8.1519	-4.9497	-1.5801	-3.566	-2.3491	0.6337	-4.62	-3.2042	3.4471	3.3178	-3.0604	-0.2444	-1.2594	-5.32	-3.3794	4.4958	5.1169	2.0439	2.8384	7.0203	-2.8033	0.2466	-3.631	1.2719	-3.006	-1.2492	-3.5863	-3.405	-0.8769	2.166	-3.2494	1.8106	9.2192	7.5512	-0.5633	4.4097	-6.2795	5.6711
D09-NF-R1	-8.7411	8.354	-4.899	-2.2261	-1.443	1.1137	0.7635	-4.0837	-2.7215	3.7006	2.4385	-4.6626	-0.763	-1.2578	-5.7872	-2.8587	5.0827	4.6414	1.7358	5.2933	7.021	-8.0093	-0.8905	-2.0382	2.1277	-1.1162	2.3779	-3.1372	-3.1868	0.0581	2.9396	-4.5866	0.8398	6.2504	4.652	-1.5899	3.8914	-1.9376	2.6548
D09-NF-R2	-8.7812	8.2734	-3.2946	-2.2104	-1.2304	1.5781	1.2244	-4.263	-2.5973	3.9265	1.8694	-4.7922	-0.178	-0.7978	-4.9207	-5.9721	5.3565	4.4646	1.8599	5.5327	7.032	-8.7463	-0.9221	-1.5449	2.1346	0.3492	2.7246	-3.7163	-3.7571	-1.0908	3.0068	-4.8924	0.6846	5.9924	4.6951	-1.8062	3.9077	-1.7464	2.6478
D09-NF-R3	-8.47	11.6858	-1.5024	-2.5852	-0.6163	0.103	1.6161	-4.8058	-4.7376	3.1875	1.7986	-4.492	2.4845	-1.3342	-4.9121	-6.4226	5.3609	5.1919	2.2811	5.8269	7.26	-8.9603	-0.521	-2.3328	1.6044	-1.0664	2.3425	-2.7255	-4.3122	-2.1759	2.2253	-5.3926	1.4421	5.7902	4.6229	-2.0271	3.7458	-1.5225	2.3452
D09-OF-R1	-8.1904	9.2739	-3.355	-4.3906	0.416	3.0265	2.1933	-5.2962	-4.8197	6.9172	1.2401	-4.0382	0.0485	-0.1219	-5.9439	-4.6323	4.192	4.436	1.4589	4.5745	6.181	-6.7858	-0.6944	-3.6434	1.1121	-1.3367	0.6591	-4.2498	-5.5557	-2.1907	1.983	-5.4629	2.1389	7.841	5.9544	-1.1156	4.1408	0.2282	3.808
D09-OF-R2	-8.4934	8.5963	-4.5235	-1.7078	-0.8678	1.7384	1.7312	-5.0714	-2.8656	6.5084	1.1714	-5.3636	0.3569	-0.2903	-5.7057	-4.3705	4.5367	4.8406	2.5013	3.9553	5.9442	-8.4689	-1.2267	-2.2601	-0.3386	-1.6956	1.8063	-3.6954	-4.0693	-0.8069	2.7279	-5.3501	3.072	7.4469	3.9082	-1.7931	5.6827	0.1997	2.2399
D09-OF-R3	-8.3031	9.2357	-4.0843	-4.9613	0.3344	2.8013	2.3544	-4.8335	-3.9975	6.5977	1.5104	-4.2067	0.1397	-0.7508	-5.9049	-7.8934	4.2901	4.5667	2.1223	4.9007	6.4964	-7.9162	-0.4927	-3.6029	1.7011	-1.8515	1.4695	-4.2932	-5.8875	-3.2287	2.395	-4.7873	2.4895	7.7899	6.2288	-0.7017	4.7485	0.9306	4.5946
D09-OR-R1	-3.689	8.4883	-2.7238	1.0538	-0.5962	1.1417	1.4407	-5.3389	0.6302	4.2809	2.3779	-4.8976	2.687	-0.409	-4.223	0.3995	3.1187	3.3156	1.6887	2.584	3.3913	-8.6433	-1.4597	-4.2929	-2.4517	-3.1063	0.1157	-0.9857	-0.1834	3.1578	-1.6103	-6.6728	-1.9353	5.9936	5.5508	-1.1242	2.1623	-2.2628	3.0275
D09-OR-R2	-5.04	7.4059	-3.9239	2.7356	1.8567	1.3162	2.6872	-2.2595	1.0682	2.9319	1.966	-4.1849	2.3461	-0.8219	-2.0228	-0.2105	2.0866	2.4976	0.2344	1.3271	2.9358	-7.5259	-3.3714	-3.0776	-4.0558	-2.8476	0.3853	-0.5666	0.7522	3.7394	-1.251	-6.1132	-2.0517	4.7777	4.7213	0.4485	1.4248	-2.1368	1.8165
D09-OR-R3	-4.1416	8.2318	-0.6288	-1.2917	-1.1609	1.6993	1.7658	-3.9903	0.1529	5.0204	2.6511	-4.8281	2.1061	-2.0901	-6.1813	-5.6878	3.8555	3.8117	1.8185	3.9339	4.6424	-6.9943	-1.764	-3.2011	-0.7189	-2.8132	2.2488	-2.9645	-2.704	0.1008	1.2202	-5.2861	-1.0735	6.0963	5.9624	-1.7084	2.1665	-1.9637	3.7081
D09-ZF-R1	-7.3844	8.7209	-3.7922	-3.9131	0.3561	3.4989	1.9663	-5.9001	-4.1938	7.6581	1.5277	-4.487	-0.1111	-2.2497	-5.303	-4.8011	4.493	4.6484	2.1833	4.0411	6.2936	-5.7166	-0.5898	-3.4256	-0.633	-1.6351	1.9464	-4.5913	-5.5551	-2.2602	1.9864	-5.6716	0.7434	8.2193	5.1559	-0.735	4.195	0.6178	4.6973
D09-ZF-R2	-7.6395	8.4055	-4.2061	-1.6171	-0.1786	2.8567	2.8039	-5.0551	-3.8113	6.8271	0.9534	-4.6434	0.1365	-2.3877	-4.2751	-5.1556	4.1772	4.1989	2.0442	4.1908	6.1205	-6.3195	-0.3449	-3.2527	-1.036	-1.4767	1.2618	-4.4149	-3.2526	-0.4399	2.0889	-5.9073	1.1221	7.2864	4.1232	-1.0556	3.3275	0.3801	4.1647
D09-ZF-R3	-7.8566	8.9812	-3.1703	-5.1976	0.4523	3.3433	2.6805	-4.8618	-3.8993	7.3668	1.4104	-4.6518	0.3374	-2.0065	-4.9421	-8.529	4.6991	4.4773	2.1747	4.5477	6.2006	-5.5945	-0.3095	-3.6178	8e-04	-1.7659	1.4269	-4.2176	-5.5033	-2.7785	1.9423	-4.8653	1.1048	7.9294	5.2916	-0.6033	4.2334	0.7327	5.0372
D09-ZH-R1	-10.9126	7.9966	-4.9353	0.5216	0.6911	2.7873	2.9627	-4.3043	-0.1735	6.278	2.3002	-4.7957	1.9171	-1.0406	-5.2204	0.0132	3.0816	2.8834	1.1574	1.6648	4.9378	-6.526	-3.0707	-3.6063	-0.6749	-1.9687	0.078	-1.186	-0.6573	2.6141	-2.6811	-7.786	-4.2541	7.8478	5.3285	-0.7267	4.6697	0.1752	4.614
D09-ZH-R2	-10.0198	6.0152	-0.8225	1.7003	-0.8245	2.92	3.1397	-1.7825	1.0155	5.3697	1.5807	-4.0788	1.89	-1.7421	-4.4383	-2.3697	2.7316	2.2972	0.1295	1.4643	4.6832	-7.1923	-2.7872	-3.5093	-1.3115	-2.4246	0.0318	-1.6479	-0.4788	2.5822	-2.1724	-6.7188	-3.0432	7.2321	5.2644	-0.9005	4.8894	-0.6228	3.9505
D09-ZH-R3	-12.2036	4.8737	-1.5252	-0.5312	-0.2363	2.4809	2.7804	-3.6361	0.7878	6.8411	2.8185	-4.7123	1.2091	-2.781	-4.9806	-5.6015	3.456	2.8584	0.8104	3.2769	5.6434	-5.3901	-2.3479	-3.1924	-0.408	-2.6005	1.2975	-1.9172	-1.6507	0.5594	0.2701	-6.8024	-1.3841	7.6083	6.0443	-0.9598	4.3538	0.4065	4.4843
D09-ZR-R2	-8.1197	8.148	-4.0937	-3.9105	-0.2373	3.4213	2.3134	-5.0717	-4.4017	7.232	2.5831	-4.8842	-0.5519	-1.9673	-4.9021	-6.7198	4.4598	4.9092	2.2871	4.0799	6.2921	-6.0399	-0.7444	-2.6141	0.2431	-2.1071	2.2323	-4.5165	-5.1338	-2.2835	2.7786	-4.8944	1.2606	7.8543	5.0925	-0.9642	3.5842	0.5523	4.8339
D09-ZR-R3	-7.4083	8.8485	-3.8872	-5.2519	0.4164	3.373	3.2585	-5.4604	-4.1968	8.0782	2.6389	-4.6193	0.5097	-2.3476	-4.5128	-8.768	4.1076	4.6326	2.1579	3.9815	5.8093	-5.5995	-0.6759	-3.7186	0.1385	-2.412	1.8155	-4.8504	-5.6922	-3.4973	2.1549	-4.4092	1.0891	8.3976	5.3629	-0.3722	4.3611	1.3349	5.2134
D10-NF-R1	-10.3237	1.5547	-6.2671	-0.2049	-2.6797	-0.0166	2.2139	-3.9383	-0.5407	-4.8466	-2.1717	-1.8315	-0.5528	-1.3721	-2.7651	-0.0508	7.246	7.8946	1.8472	5.0497	7.1158	-5.9513	0.0947	-1.9343	1.6815	-3.1333	0.2902	-1.7961	-1.9034	1.5469	5.541	-3.5435	1.6034	7.1422	4.3684	1.6194	-0.7773	-2.2867	2.0781
D10-NF-R2	-11.0107	3.5542	-1.2875	0.692	-0.7017	1.391	1.9848	-3.6458	0.164	-1.552	-1.5777	-2.7678	0.4041	-2.2518	-4.1583	-3.1662	4.9596	5.8335	0.524	2.7151	6.0342	0.3908	-1.1396	-3.5854	-0.9847	0.3767	-1.5591	-2.3714	-0.9512	1.6742	2.5734	-3.9545	-0.6665	5.8686	7.2638	-0.6649	1.7058	-3.4029	3.2898
D10-NF-R3	-10.2878	-6.2193	-3.0489	4.37	0.7163	2.2707	4.3152	-3.0275	1.9118	-6.3625	-4.1245	-4.5399	2.6247	1.0694	-1.778	0.4449	6.0898	7.3933	1.9112	4.4129	6.4184	-10.2544	-1.1826	-3.4351	0.0677	-2.5951	-0.4	0.8879	2.2873	4.5865	4.4064	-3.322	0.4187	5.7789	3.9437	0.0979	-2.4236	-2.9648	-0.4578
D10-OF-R1	-10.427	-1.8132	-1.6016	2.2016	-0.3379	0.8574	2.2274	-4.9524	1.2127	-0.9855	-0.7514	0.3286	2.0212	0.6941	-1.9943	1.5853	2.7865	4.431	0.7733	0.8911	4.8853	-4.4898	-1.0559	-2.9443	-3.2088	-0.8222	1.1905	2.2012	1.0533	4.1573	-0.0292	-4.8137	-0.8614	4.8426	3.5658	0.2366	-0.6302	-2.7075	2.2834
D10-OF-R2	-8.1779	-3.4808	-6.7148	-0.0834	-0.7398	-2.0104	3.0062	-4.5104	-1.7753	-5.8981	-5.0866	-6.4842	-0.3075	2.1298	-0.2186	-2.8385	6.0399	6.6747	2.976	4.2796	6.4105	-11.7467	1.0286	-0.5743	2.5235	-3.5021	0.1579	-3.0881	-2.4824	0.3883	6.2872	-3.3239	3.5065	9.8297	6.1733	2.6554	2.6281	1.5841	4.7645
D10-OF-R3	-7.7039	-5.6272	-4.392	0.7358	-1.0907	-1.1098	2.524	-5.391	-2.1227	-5.8276	-5.5034	-5.618	-0.2555	0.9548	-1.2668	-3.4162	6.5249	6.5088	2.326	5.0554	6.2757	-11.0108	-0.1127	-0.064	2.2671	-3.9835	-0.1502	-2.9414	-1.4587	0.9332	5.5936	-3.4738	3.3458	9.8681	6.397	3.1913	2.7464	2.2996	4.9724
D10-ZF-R1	-9.4825	-6.4054	-5.2555	-2.3533	-2.4037	-1.8786	2.3961	-3.6299	-1.982	-4.6391	-3.889	-3.2175	-2.0165	1.0526	-1.0742	-3.0918	6.1457	6.752	3.1312	4.6949	7.1453	-8.2117	2.4893	-0.0412	2.925	-2.5889	0.0505	-3.1258	-4.032	-0.6083	6.8785	-1.9079	2.6325	9.0973	6.0891	2.5743	1.8975	1.7851	4.0976
D10-ZF-R2	-10.4221	-0.1666	-4.2266	-1.6893	-1.7982	-2.572	1.974	-4.8624	-2.2896	-5.4631	-3.9198	-5.2435	-1.5947	1.4914	-0.9399	-4.222	6.1893	7.0978	3.3699	4.3839	6.9892	-8.9651	2.8363	0.3628	3.705	-3.2132	0.0617	-3.5723	-3.7205	-0.8535	6.7459	-2.4388	2.6164	8.9972	6.1383	2.1269	1.9143	1.2995	3.8736
D10-ZF-R3	-7.5334	-6.9936	-4.2526	-5.2158	-2.2259	-2.1194	2.0182	-4.2086	-2.5673	-6.3395	-3.9351	-5.408	-1.8856	1.8797	-0.2577	-6.8659	7.0562	7.9641	4.4847	4.8172	7.902	-11.9116	4.1859	1.4906	4.2608	-2.5327	0.4487	-3.6974	-4.5728	-2.6057	7.2787	-1.9132	3.5868	9.9603	6.4212	3.3529	2.71	2.3487	4.8753
D10-ZH-R1	-10.3422	-3.4449	-3.3302	1.3471	1.3097	0.5851	2.1621	-3.4522	0.6234	-6.0375	-6.3147	-5.1268	1.8604	0.1737	-2.331	0.4648	4.3077	5.5012	-1.0938	4.0294	4.1466	-7.6357	-2.7361	-0.3165	1.9165	-3.6995	-1.2819	-0.3879	0.1943	3.4453	0.585	-6.5353	-4.1127	11.3575	6.1711	4.8608	3.3704	3.5915	6.1754
D10-ZH-R2	-8.4876	0.5306	-2.6222	1.601	0.9161	1.3758	2.7008	-3.9798	1.0139	0.024	-3.506	-4.2688	1.2726	-0.8565	-2.7711	-2.426	3.681	4.5513	-0.1481	3.5772	3.6276	-8.491	-3.0677	-1.631	1.4133	-4.0255	-2.2718	-1.555	-0.1519	2.5745	0.1869	-7.5928	-3.3155	10.7247	5.7389	4.1959	3.0453	2.908	5.5088
D10-ZH-R3	-10.2338	-3.1789	0.3544	-0.5744	1.4187	0.9628	2.9394	-4.0367	0.8096	-6.9263	-6.2183	-3.9125	1.1384	-0.8749	-2.1857	-4.6514	5.0045	5.7193	0.2672	4.3875	4.7101	-11.2079	-0.3283	-0.1028	2.6155	-4.0366	-2.7101	-1.7686	-1.7794	0.5102	1.0433	-5.6293	-2.3037	12.1414	7.1821	6.2612	4.2281	4.0908	6.8754
D10-ZR-R1	-9.2493	-2.5268	-5.997	-0.5734	-2.6186	-1.1958	1.3559	-5.0744	-1.2401	-5.6726	-5.2357	-6.5663	-0.1921	-0.1225	-2.405	-1.2471	5.6184	6.6075	1.8679	4.8011	6.1384	-6.3177	1.8104	-1.1243	3.2702	-3.1313	-0.5073	-2.3317	-1.7286	1.5759	6.3236	-3.4049	2.5146	9.3866	6.1154	3.3854	2.2498	1.3292	4.1123
D10-ZR-R2	-9.2508	-4.2302	-6.588	-0.6818	-0.8922	-1.8537	2.1987	-4.4203	-1.8285	-5.8194	-4.854	-5.9257	-1.3514	0.4626	-1.615	-3.7178	5.6704	6.5727	2.8426	4.5258	6.4473	-8.1223	2.385	-0.1971	3.5766	-3.2892	-0.1444	-2.9145	-2.8978	0.0186	6.2839	-2.6249	2.3609	9.6819	6.6516	3.4353	3.2854	2.1777	4.6424
D10-ZR-R3	-8.3833	-6.2545	-4.5688	-4.8141	-1.6426	-1.7317	2.3474	-4.0188	-2.5555	-7.2731	-3.8737	-5.5998	-3.5826	1.8877	-0.1085	-6.9206	7.0471	8.1928	4.5667	5.0319	8.2515	-11.8797	4.49	2.0262	4.4097	-2.5862	1.0445	-3.8145	-4.6458	-3.9087	7.6284	-1.6026	3.8008	9.745	6.1704	4.021	2.6098	1.8934	4.6008
