feature	metadata	value	coef	stderr	N	N.not.0	pval	qval
Holdemania	Temperature	Hot	0.0173168509673169	0.00189505163752524	210	209	8.09101277350437e-17	4.6280593064445e-14
Anaerotruncus	Kit	Omnigene	-0.0150067107360479	0.00178753554606176	210	209	9.20937317777868e-15	2.6338807288447e-12
Actinomyces	Kit	Zymo	-0.00690789228674623	0.000843837218862279	210	209	3.38007521296751e-14	6.44467673939139e-12
Anaerobutyricum	Temperature	Hot	-0.186013124987642	0.023559349877035	210	209	2.01274298947185e-13	2.87822247494474e-11
Fusicatenibacter	Temperature	Hot	-0.280106268355439	0.0370651034410274	210	209	1.54184760020049e-12	1.76387365462936e-10
Anaerotruncus	Kit	Zymo	-0.0133580824056611	0.00178753554606176	210	209	2.54152325971891e-12	2.42291884093203e-10
Blautia	Temperature	Hot	-2.27523525343201	0.310231373847089	210	209	5.75726738957631e-12	4.70450992405379e-10
Anaerostipes	Temperature	Hot	-0.336633912831612	0.0468499263208758	210	209	1.36838246581804e-11	9.783934630599e-10
Phocea	Temperature	Room Temp	0.00397326284633561	0.000572025947181346	210	209	5.40643059257526e-11	3.14330426125023e-09
Harryflintia	Kit	Omnigene	-0.00264148086700463	0.000380447977827182	210	209	5.49528717001788e-11	3.14330426125023e-09
Lachnoclostridium	Kit	Omnigene	-0.149942858098374	0.0218817180189968	210	209	9.18095794254621e-11	4.77409813012403e-09
unclassified.Clostridiales..miscellaneous.	Temperature	Hot	0.580607620510173	0.0879944522719379	210	209	3.79129728155927e-10	1.80718503754325e-08
Enterorhabdus	Kit	Zymo	-0.0164675482250968	0.00255086129559402	210	188	8.28137407752321e-10	3.64380459411021e-08
Hungatella	Kit	Omnigene	-0.0113737637172289	0.00177411107744879	210	209	1.05589139745184e-09	4.31407056673182e-08
Actinomyces	Kit	Omnigene	-0.00531668878467607	0.000843837218862279	210	209	1.9146820783539e-09	7.30132099212288e-08
Bilophila	Kit	Zymo	-0.0857856748567336	0.0137148430699368	210	170	2.44471005270045e-09	8.73983843840412e-08
unclassified.Ruminococcaceae	Kit	Zymo	-1.02732970125699	0.166994888658341	210	209	4.22743688200305e-09	1.39521149848615e-07
Christensenella	Kit	Omnigene	-0.00239645578451836	0.000390003805569462	210	209	4.39052569453682e-09	1.39521149848615e-07
Catabacter	Kit	Omnigene	-0.00333713294387487	0.000557697242593293	210	209	1.01983595996953e-08	3.07024299527669e-07
Lachnospira	Temperature	Hot	-0.11988768645686	0.0200812254143216	210	209	1.09459496555129e-08	3.13054160147669e-07
Oscillibacter	Temperature	Hot	0.316454348031463	0.0534976492504843	210	209	1.45340081922784e-08	3.77884212999238e-07
Pseudoflavonifractor	Kit	Omnigene	-0.0145455082609068	0.00245537756225285	210	209	1.39003129157538e-08	3.77884212999238e-07
Bacteroides	Kit	Omnigene	7.45974079599054	1.26763608749741	210	209	1.70062831567518e-08	4.05316415235918e-07
Flavonifractor	Kit	Omnigene	-0.0821446354325212	0.013954470262235	210	209	1.68452089359899e-08	4.05316415235918e-07
unclassified.Ruminococcaceae	Kit	Omnigene	-0.978798953671407	0.166994888658341	210	209	1.91867192109771e-08	4.38992135547155e-07
unclassified.Lachnospiraceae	Kit	Zymo	-1.16108982207836	0.199061406260241	210	209	2.21900855991327e-08	4.83189495954278e-07
Streptomyces	Kit	Omnigene	-0.00454924414967009	0.000780658577219054	210	209	2.28078957880516e-08	4.83189495954278e-07
Faecalibacterium	Kit	Zymo	-3.15458158196429	0.546748961685331	210	209	3.05956043332106e-08	6.03961361948067e-07
Bilophila	Kit	Omnigene	-0.0791284402605245	0.0137148430699368	210	170	3.06204187001642e-08	6.03961361948067e-07
Streptomyces	Kit	Zymo	-0.00441615627282068	0.000780658577219054	210	209	5.39957945837166e-08	1.02951981672953e-06
Eisenbergiella	Kit	Omnigene	-0.035461943567516	0.00628145454772649	210	209	5.71825008071623e-08	1.03165157482175e-06
Faecalicatena	Temperature	Hot	-0.00655893011583578	0.00116424186715243	210	209	6.06693372493593e-08	1.03165157482175e-06
Bittarella	Kit	Omnigene	-0.00603379138661496	0.00107143490508144	210	209	6.13219467551389e-08	1.03165157482175e-06
Phocea	Kit	Omnigene	-0.00415914119803061	0.00073848232234396	210	209	6.11671322510451e-08	1.03165157482175e-06
Anaerobutyricum	Kit	Zymo	-0.170540597580137	0.0304149899070768	210	209	6.92440574638547e-08	1.13164573912357e-06
Dysosmobacter	Temperature	Hot	0.0187662786454908	0.00336862320999922	210	209	8.2886207156944e-08	1.31696973593811e-06
crAss.like.viruses	Temperature	Hot	0.0626954889961398	0.011496454717333	210	189	1.47699206203744e-07	2.28334989050112e-06
Dorea	Temperature	Hot	-0.284704938541676	0.0524386903819654	210	209	1.6617540128467e-07	2.50137709302187e-06
Raoultibacter	Kit	Zymo	-0.00238868817207035	0.000442413302408161	210	209	1.92321342423016e-07	2.82071302220424e-06
Desulfovibrio	Kit	Zymo	-0.0196265952302993	0.00369968212651354	210	209	3.03004566082754e-07	4.33296529498338e-06
Paenibacillus	Kit	Omnigene	-0.00260428962135619	0.000495116479957645	210	209	3.75670031676999e-07	5.24105507607911e-06
Romboutsia	Temperature	Hot	-0.0554874860478353	0.0106297805860785	210	208	4.54202886913339e-07	6.18581074558166e-06
Streptococcus	Temperature	Hot	-0.16213376496105	0.0313314972211361	210	209	5.62388489015164e-07	7.48107478410869e-06
Ruminococcus	Temperature	Hot	-1.51301067647242	0.29523299226224	210	209	7.11124510823302e-07	9.24461864070293e-06
Clostridioides	Temperature	Hot	-0.0331074245337429	0.00647723870416064	210	209	7.57282377456129e-07	9.62590044233124e-06
Firmicutes..environmental.samples	Kit	Omnigene	-0.451130264252443	0.0886374885488389	210	209	8.38074308088611e-07	1.02334400570775e-05
Christensenella	Kit	Zymo	-0.00198468951535679	0.000390003805569462	210	209	8.40859585109515e-07	1.02334400570775e-05
Faecalibacterium	Kit	Omnigene	-2.76084951755843	0.546748961685331	210	209	1.00929585822394e-06	1.18624550191211e-05
Bifidobacterium	Temperature	Hot	-1.04428937556423	0.207046673472429	210	209	1.03692788628681e-06	1.18624550191211e-05
unclassified.Ruminococcaceae	Temperature	Hot	0.652802211918707	0.129353684535103	210	209	1.02307337046043e-06	1.18624550191211e-05
Anaerostipes	Kit	Zymo	-0.304329532361826	0.0604829948039321	210	209	1.09650357772559e-06	1.20674336494132e-05
Monoglobus	Kit	Zymo	0.0254002503759534	0.00504819724932393	210	162	1.09703942267393e-06	1.20674336494132e-05
Dysosmobacter	Kit	Zymo	0.0217861087177735	0.0043488738639916	210	209	1.21391023678959e-06	1.31010689706348e-05
Phocea	Temperature	Hot	0.00282260579251722	0.000572025947181346	210	209	1.71301150601103e-06	1.81452329895983e-05
Flavonifractor	Temperature	Hot	0.0532363025161565	0.0108090861861566	210	209	1.78675453232008e-06	1.85822471361289e-05
Desulfovibrio	Kit	Omnigene	-0.0180886480127422	0.00369968212651354	210	209	2.10286517731514e-06	2.1479265739719e-05
Tyzzerella	Kit	Omnigene	-0.0103116799756208	0.00212284443282778	210	209	2.42713819887666e-06	2.43565447325868e-05
Oscillibacter	Temperature	Room Temp	0.257082364515635	0.0534976492504843	210	209	3.06496609352357e-06	2.97145865338217e-05
Catabacter	Kit	Zymo	-0.00268120142257827	0.000557697242593293	210	209	3.03578111667116e-06	2.97145865338217e-05
Harryflintia	Kit	Zymo	-0.00180659382202435	0.000380447977827182	210	209	3.94826955243774e-06	3.76401697332398e-05
Subdoligranulum	Kit	Omnigene	-0.191375652749254	0.0404695261611309	210	209	4.30819015600662e-06	4.03981109710784e-05
Veillonella	Temperature	Hot	0.0101704736419049	0.00215685622698635	210	209	4.57207213179841e-06	4.21810525707853e-05
Dorea	Kit	Zymo	-0.31581694628691	0.0676980581820931	210	209	5.70344842584003e-06	5.17836904695317e-05
unclassified.Clostridiales..miscellaneous.	Kit	Omnigene	-0.527833894517623	0.113600349402619	210	209	6.1882216147085e-06	5.49664432349169e-05
Absiella	Kit	Omnigene	-0.00310722018793494	0.000669043322509278	210	209	6.24618673124055e-06	5.49664432349169e-05
Agathobaculum	Kit	Zymo	-0.00397182832565808	0.000858471992262918	210	209	6.74523840436984e-06	5.84587328378719e-05
Dysosmobacter	Temperature	Room Temp	0.015399687782398	0.00336862320999922	210	209	8.56365073097623e-06	7.28789835307553e-05
Catabacter	Temperature	Hot	0.00197368094604256	0.000431990426557924	210	209	8.66393510505483e-06	7.28789835307553e-05
Agathobaculum	Temperature	Hot	-0.00301881842588975	0.000664969545843956	210	209	9.81547807447002e-06	8.0206477979955e-05
Paenibacillus	Kit	Zymo	-0.00224841474242161	0.000495116479957645	210	209	9.75674442333031e-06	8.0206477979955e-05
Eggerthella	Kit	Omnigene	-0.0657396796753568	0.0145166400713388	210	209	1.0298594585094e-05	8.29689591925884e-05
unclassified.Lachnospiraceae	Kit	Omnigene	-0.900340491882984	0.199061406260241	210	209	1.05504790326376e-05	8.299423881549e-05
Gordonibacter	Temperature	Hot	0.0208385480188726	0.00460824697591665	210	209	1.05919220865923e-05	8.299423881549e-05
Anaerobutyricum	Temperature	Room Temp	-0.106417170844206	0.023559349877035	210	209	1.08221668865973e-05	8.31426392584555e-05
Lachnospira	Temperature	Room Temp	-0.0906721918579514	0.0200812254143216	210	209	1.09015698328394e-05	8.31426392584555e-05
Anaeromassilibacillus	Temperature	Hot	0.00532900487777604	0.00118366430324998	210	209	1.15307846275413e-05	8.67843264072845e-05
unclassified.Clostridiales..miscellaneous.	Temperature	Room Temp	0.394678688196826	0.0879944522719379	210	209	1.23888474942713e-05	9.20314385288727e-05
Atopobium	Kit	Zymo	-0.0024864245292883	0.00055526500866162	210	209	1.27825427895505e-05	9.37386471233702e-05
Bacteroides	Kit	Zymo	5.66303567708968	1.26763608749741	210	209	1.33653545452837e-05	9.67719341759781e-05
Eggerthella	Kit	Zymo	-0.0645351268617518	0.0145166400713388	210	209	1.46571898467239e-05	0.000104798907404076
Pseudoflavonifractor	Temperature	Hot	0.0084393511213596	0.00190192728145133	210	209	1.51820250763822e-05	0.000107211337576427
Holdemania	Temperature	Room Temp	0.00839806481482669	0.00189505163752524	210	209	1.55504865953196e-05	0.000108474126006376
unclassified.Oscillospiraceae	Temperature	Hot	0.11429358153646	0.0258598868971464	210	209	1.63461023373883e-05	0.000112650247433568
Coriobacteriaceae..environmental.samples	Kit	Zymo	-0.00767210852731085	0.00174094212410632	210	209	1.72531526818919e-05	0.000117485753976693
Bittarella	Temperature	Hot	0.00362486590611279	0.000829929908785145	210	209	2.03272857738988e-05	0.000136790676031413
Coprobacillus	Kit	Zymo	-0.211081465947393	0.0484110074671027	210	209	2.09709826147187e-05	0.000139481419251385
Streptococcus	Temperature	Room Temp	-0.136053415190091	0.0313314972211361	210	209	2.2583050390562e-05	0.000148477066935649
unclassified.Muribaculaceae	Kit	Omnigene	0.00163006856984582	0.000381654748938935	210	209	3.03119582423812e-05	0.000197027728575478
Bacteroidales..environmental.samples	Kit	Omnigene	0.00402961522746716	0.000945171220373938	210	209	3.12818386213208e-05	0.00020104732237523
Christensenella	Temperature	Hot	0.00128659348900681	0.000302095648785609	210	209	3.18604082898193e-05	0.00020249059490863
Collinsella	Kit	Zymo	-0.564415188325336	0.13317316650682	210	209	3.46702473882721e-05	0.000217927269297711
Holdemania	Kit	Omnigene	-0.0103317243127554	0.00244650114411279	210	209	3.68756550378382e-05	0.000226805104103693
Anaeromassilibacillus	Kit	Omnigene	-0.00645601587705553	0.00152810404466246	210	209	3.66078026499701e-05	0.000226805104103693
unclassified.Muribaculaceae	Kit	Zymo	0.00160796948695271	0.000381654748938935	210	209	3.8390726260155e-05	0.000233611653412858
Alistipes	Kit	Omnigene	1.21139557954241	0.28813023210274	210	209	3.97889502100286e-05	0.000237075828334754
Gordonibacter	Kit	Zymo	-0.0250143868707725	0.00594922126431196	210	209	3.97381027582778e-05	0.000237075828334754
Clostridium	Temperature	Hot	0.514212462488029	0.123308742571746	210	209	4.56883373585245e-05	0.000269419886279134
Fusicatenibacter	Temperature	Room Temp	-0.153908121704483	0.0370651034410274	210	209	4.90694556850565e-05	0.000286405394406656
unclassified.Lachnospiraceae	Temperature	Hot	-0.639851906856072	0.154192302263708	210	209	4.95987003550288e-05	0.000286570268717944
unclassified.Coriobacteriaceae	Kit	Zymo	-0.0639999128166117	0.0154446376068311	210	206	5.07812862585968e-05	0.000290468957399174
Collinsella	Kit	Omnigene	-0.55042788170984	0.13317316650682	210	209	5.29953777832441e-05	0.000300132238534808
Gemmiger	Kit	Omnigene	-0.167572147022069	0.040992889753006	210	209	6.34919631105735e-05	0.000356052969600471
Anaerostipes	Temperature	Room Temp	-0.18998732725849	0.0468499263208758	210	209	7.22354786859712e-05	0.000401152367071607
Butyricicoccus	Temperature	Hot	-0.0842298577391383	0.0208770811850604	210	209	7.83614411380371e-05	0.000422856078593936
Faecalicatena	Kit	Omnigene	-0.00606591235573235	0.00150302978747959	210	209	7.79838450414882e-05	0.000422856078593936
Bacteroidales..environmental.samples	Kit	Zymo	0.00381788191208504	0.000945171220373938	210	209	7.68981912142881e-05	0.000422856078593936
Pseudoflavonifractor	Temperature	Room Temp	0.0076659684600061	0.00190192728145133	210	209	7.95805481588595e-05	0.000425421248101567
unclassified.Coriobacteriaceae	Kit	Omnigene	-0.0603914800800871	0.0154446376068311	210	206	0.000127035417908988	0.000672817213369825
Faecalicatena	Kit	Zymo	-0.00584324942552217	0.00150302978747959	210	209	0.000138492661378104	0.000726768828516291
Clostridioides	Kit	Zymo	-0.0321538161804134	0.0083620792102081	210	209	0.000162780869846652	0.000846460523202589
Blautia	Temperature	Room Temp	-1.18979860927373	0.310231373847089	210	209	0.000169060856438931	0.000871196485433049
unclassified.Coriobacteriia	Kit	Zymo	-0.0124798165299603	0.00326015772851947	210	209	0.000173737446219707	0.000887301957479218
unclassified.Prevotellaceae	Kit	Zymo	0.0145763286757854	0.00382276561946861	210	209	0.00018381427823127	0.000930458116356517
unclassified.Firmicutes.sensu.stricto..miscellaneous.	Temperature	Hot	0.127622423192848	0.0335347093189851	210	209	0.000188970662753025	0.00094309914167424
unclassified.Eubacteriaceae	Kit	Omnigene	-0.0140713389464529	0.00369832731329238	210	209	0.000189609093168772	0.00094309914167424
unclassified.Prevotellaceae	Kit	Omnigene	0.01442063904916	0.00382276561946861	210	209	0.000214154949750845	0.00105600544187486
Haemophilus	Kit	Omnigene	0.019680131132194	0.00523566506283728	210	188	0.000225171625661165	0.00110083905878792
Firmicutes..environmental.samples	Kit	Zymo	-0.332105385498954	0.0886374885488389	210	209	0.000235522397314497	0.00114168484121943
unclassified.Firmicutes.sensu.stricto..miscellaneous.	Temperature	Room Temp	0.125213613263598	0.0335347093189851	210	209	0.000247102920019273	0.00118775521219348
Bacillus	Kit	Zymo	-0.00231716000254178	0.000627524057662439	210	209	0.000287806079579747	0.00137187564599679
Parabacteroides	Kit	Omnigene	1.07186584528255	0.291037198012742	210	209	0.000298162167102977	0.00138784935977722
Lachnotalea	Kit	Omnigene	-0.00524650868407414	0.0014243309414179	210	209	0.000297536112115728	0.00138784935977722
Erysipelotrichaceae..environmental.samples	Temperature	Hot	0.00364864969870708	0.000990762960096407	210	209	0.000298436138553493	0.00138784935977722
Alistipes	Kit	Zymo	1.05633643499456	0.28813023210274	210	209	0.000317012766793666	0.00146234921456433
crAss.like.viruses	Temperature	Room Temp	0.0419679414496097	0.011496454717333	210	189	0.000335666740356265	0.00153601100387027
Streptococcus	Kit	Zymo	-0.147249372744941	0.040448788983068	210	209	0.000348264360525691	0.00158100963667218
Flavonifractor	Temperature	Room Temp	0.0392459210974854	0.0108090861861566	210	209	0.000360575584372179	0.00162400971858966
unclassified.Bacteroidales..miscellaneous.	Kit	Zymo	0.017923185941461	0.00494681146131776	210	209	0.000370714137126456	0.00165662880028385
Lachnospiraceae..environmental.samples	Kit	Zymo	-0.0198105641681596	0.00547581511681266	210	209	0.000377966329722359	0.00167594372559062
unclassified.Sutterellaceae	Temperature	Room Temp	0.00619444498376452	0.00171903828214277	210	207	0.000398144652752445	0.00175183647211076
Anaerotruncus	Temperature	Hot	0.00492941701484844	0.0013846190801302	210	209	0.000465155314232365	0.00203105984535048
Lachnotalea	Kit	Zymo	-0.00504562370695266	0.0014243309414179	210	209	0.000495433898674763	0.00214688022759064
Eisenbergiella	Kit	Zymo	-0.0221808355372376	0.00628145454772649	210	209	0.00051573470259918	0.00221804699162956
Clostridioides	Kit	Omnigene	-0.0292351786781277	0.0083620792102081	210	209	0.000583750929238843	0.00248384629891156
unclassified.Bacteroidales..miscellaneous.	Kit	Omnigene	0.0172889230731337	0.00494681146131776	210	209	0.000586222465652203	0.00248384629891156
Neglecta	Kit	Omnigene	-0.0144736013661949	0.0041531045901639	210	209	0.000607136684558866	0.00255354546740935
Intestinibacter	Temperature	Hot	-0.00929753714848408	0.00267232490134408	210	119	0.000619671299922044	0.0025872407558789
Guerin_crAss_Delta	Temperature	Hot	0.0329979326067143	0.00953754123979329	210	106	0.000663277000223385	0.00274923510237519
Shinella	Temperature	Hot	-0.00381001591011353	0.00110217923660142	210	135	0.000670252873098494	0.00275816290224704
Parasutterella	Kit	Zymo	0.0128816070975624	0.00374410804942898	210	148	0.00070948288399016	0.00289874435458837
unclassified.Oscillospiraceae	Temperature	Room Temp	0.08862687157816	0.0258598868971464	210	209	0.00074308693535069	0.00301450870227372
Paraprevotella	Kit	Zymo	0.0162860350521179	0.00478400820869224	210	209	0.000804512282341745	0.00321804912936698
unclassified.Peptococcaceae	Kit	Zymo	0.00147878718007561	0.000434134068794702	210	209	0.000798899883309752	0.00321804912936698
Porphyromonas	Temperature	Hot	0.00290574443055555	0.000855561720089341	210	199	0.000826940079397978	0.00328478975983086
Phascolarctobacterium	Temperature	Hot	0.0784030500157037	0.02310009205404	210	207	0.000833358114610744	0.00328745407970583
Enterorhabdus	Temperature	Hot	-0.0066749116345287	0.00197588866326415	210	188	0.000880148408679541	0.00344825266962122
Selenomonas	Kit	Omnigene	-0.00166004589526461	0.00049216248131595	210	209	0.000896058438868065	0.00348670358525533
unclassified.Oscillospiraceae	Kit	Zymo	0.112005782316634	0.0333849704291518	210	209	0.000952973441760804	0.00368311357221067
Eubacterium	Kit	Zymo	-0.340030359381582	0.101412743506149	210	209	0.000959640681637961	0.00368398973085177
Collinsella	Temperature	Hot	-0.342335082540411	0.103155491208524	210	209	0.00107841827166291	0.0041123683426079
Coriobacteriaceae..environmental.samples	Kit	Omnigene	-0.00574546020489241	0.00174094212410632	210	209	0.00114775793517169	0.00434779827098149
Atopobium	Kit	Omnigene	-0.00182908661501544	0.00055526500866162	210	209	0.00117169907414634	0.00440928862112965
unclassified.Christensenellaceae	Temperature	Hot	0.00294642698598078	0.000895637091429194	210	209	0.00118888203363744	0.00444470930222625
Guerin_crAss_Alpha	Temperature	Hot	0.0254547605060617	0.00775692132108209	210	104	0.00122212329456909	0.00453931509411376
unclassified.Porphyromonadaceae	Kit	Omnigene	0.00199742383626825	0.000614728983902722	210	209	0.00136154514268791	0.00502454078462893
Carnobacterium	Kit	Omnigene	-0.0100419222319671	0.00309842592038674	210	209	0.00139971229771106	0.00513227842494055
Lactococcus	Kit	Zymo	-0.00248713790701188	0.000770510761760414	210	209	0.00146182072250839	0.00532586912913886
Odoribacter	Kit	Omnigene	0.0904012612231702	0.0282890395794606	210	209	0.00162637883480793	0.00588790312348189
unclassified.Firmicutes.sensu.stricto..miscellaneous.	Kit	Omnigene	-0.137673210970843	0.0432931235707786	210	209	0.00171193919030619	0.00615867431984366
Prevotellaceae..environmental.samples	Kit	Zymo	0.0412654377872541	0.0130068823036737	210	209	0.001754187792433	0.00627122135794797
Neglecta	Kit	Zymo	-0.0131260644259816	0.0041531045901639	210	209	0.00182462156234174	0.00648250642024519
Tyzzerella	Kit	Zymo	-0.00669128995674846	0.00212284443282778	210	209	0.00187592261820323	0.00662362800995215
Parabacteroides	Kit	Zymo	0.915718507006185	0.291037198012742	210	209	0.00191070154008651	0.00662376533896655
Eubacterium	Temperature	Hot	-0.247174189062702	0.0785539733385041	210	209	0.0019097348921975	0.00662376533896655
Absiella	Kit	Zymo	-0.00210552750184843	0.000669043322509278	210	209	0.00190650890258857	0.00662376533896655
Phascolarctobacterium	Kit	Zymo	0.0933282421851378	0.0298220906070518	210	207	0.00201843927836108	0.00685475570468988
Clostridioides	Temperature	Room Temp	-0.0202838981903265	0.00647723870416064	210	209	0.00200497512556666	0.00685475570468988
unclassified.Coriobacteriaceae	Temperature	Hot	-0.0374285471420165	0.0119633648478931	210	206	0.00202435455068882	0.00685475570468988
Intestinimonas	Temperature	Room Temp	0.0375588761020154	0.0120055570556086	210	209	0.0020252687309311	0.00685475570468988
Oscillibacter	Kit	Zymo	0.21593596107352	0.0690651682027905	210	209	0.00203779318443884	0.00685657471470008
Dielma	Kit	Omnigene	-0.00147618467803202	0.00047547783423202	210	209	0.00218724308825409	0.0073163920846862
Dorea	Kit	Omnigene	-0.209706770148852	0.067698058182093	210	209	0.00223674764554078	0.00743848635610075
unclassified.Burkholderiales..miscellaneous.	Kit	Zymo	0.0039562976895222	0.00127805837831045	210	177	0.00225207228888331	0.00744615808809973
Romboutsia	Temperature	Room Temp	-0.0327372211522255	0.0106297805860785	210	208	0.00236902861851258	0.00775171990909496
unclassified.Sutterellaceae	Temperature	Hot	0.0052936520704982	0.00171903828214277	210	207	0.0023715926295308	0.00775171990909496
Raoultibacter	Kit	Omnigene	-0.00135351490595514	0.000442413302408161	210	209	0.00252823601865265	0.0082167670606211
Akkermansia	Kit	Omnigene	-0.158068637930316	0.0517489201289838	210	209	0.00256764178543411	0.00829768983767407
Butyricimonas	Kit	Omnigene	0.0337950583362698	0.0110774237597783	210	193	0.00259822960565629	0.00834936704738988
Desulfotomaculum	Kit	Omnigene	0.00701082127602194	0.00230338862412457	210	209	0.0026575088169733	0.00844497246282627
Emergencia	Kit	Zymo	-0.00674984512006122	0.00221661114845171	210	136	0.00264556150191809	0.00844497246282627
Megasphaera	Kit	Omnigene	-0.109915033360235	0.0363934689461078	210	207	0.00286265054655045	0.00904660835705446
unclassified.Eubacteriaceae	Temperature	Hot	-0.00864129432282863	0.00286471201864108	210	209	0.002896445063697	0.00910311305733344
Phocea	Kit	Zymo	-0.00222210908426556	0.00073848232234396	210	209	0.00296506889019503	0.00926786560213965
Proteobacteria..environmental.samples	Temperature	Hot	0.0107015669433193	0.00356320366803637	210	125	0.00301832596068667	0.00938305679083031
Ruminococcus	Temperature	Room Temp	-0.88519234046303	0.29523299226224	210	209	0.00306673904411937	0.00948202558506099
Intestinimonas	Temperature	Hot	0.0356633647105677	0.0120055570556086	210	209	0.00334412408422919	0.0102840805170919
Enterococcus	Kit	Zymo	-0.023524782672898	0.00793302263277235	210	209	0.00339810565998307	0.0103942055481835
Faecalitalea	Temperature	Hot	-0.00417425026217127	0.0014123596807845	210	167	0.00350430678344313	0.0106620397879227
Lachnospiraceae..environmental.samples	Kit	Omnigene	-0.016143623136445	0.00547581511681266	210	209	0.00358499761986785	0.0107927296766548
Harryflintia	Temperature	Hot	0.000869030080764175	0.000294693736444592	210	209	0.00357659276641468	0.0107927296766548
Dialister	Kit	Omnigene	-0.209489663504794	0.0715865049696915	210	209	0.00383435288155166	0.0114829834986783
Parasutterella	Temperature	Room Temp	0.00848177916683348	0.00290017362436791	210	148	0.00385575300880299	0.0114869308387256
unclassified.Clostridiales..miscellaneous.	Kit	Zymo	-0.330802040334496	0.113600349402619	210	209	0.00400785456203255	0.0118782010854022
Gordonibacter	Kit	Omnigene	-0.0173122644590368	0.00594922126431196	210	209	0.00403220475872161	0.0118887686700452
Anaerostipes	Kit	Omnigene	-0.175505429885163	0.0604829948039321	210	209	0.00413564936066592	0.01213123812462
crAss.like.viruses	Kit	Omnigene	-0.0424128848810919	0.0148418592202194	210	189	0.00472883059209554	0.0136610661549427
Prevotellaceae..environmental.samples	Kit	Omnigene	0.0371867168108422	0.0130068823036737	210	209	0.00470956722175546	0.0136610661549427
Turicibacter	Temperature	Hot	-0.0112506711869004	0.00393662161785949	210	174	0.0047245753612958	0.0136610661549427
Enterobacter	Temperature	Hot	0.00207431411510465	0.000727433155704818	210	209	0.0048167741240111	0.013845199994645
Mediterranea	Kit	Omnigene	0.00167402117623586	0.000587960532175452	210	206	0.00488093814994066	0.0139594831088303
Pseudoflavonifractor	Kit	Zymo	-0.00696378474991838	0.00245537756225285	210	209	0.00504571749054788	0.014358957236783
unclassified.Erysipelotrichaceae	Temperature	Hot	-0.0717923624112915	0.0253673706468002	210	209	0.00513792089651408	0.0145489641228023
Escherichia	Temperature	Hot	0.0267854764865751	0.00950255369210907	210	209	0.00531550898053672	0.0149776903293941
Parolsenella	Kit	Omnigene	-0.0185111324504623	0.00660658770172958	210	84	0.00558963520030648	0.0156728986988986
Lactobacillus	Temperature	Hot	-0.0142012279348107	0.00508905881064363	210	209	0.00578201353561068	0.0161332280115576
Lachnoclostridium	Kit	Zymo	-0.0608003082962189	0.0218817180189968	210	209	0.00599053220706201	0.0166339049632984
Anaerotruncus	Temperature	Room Temp	0.00384139872992244	0.0013846190801302	210	209	0.00606636818982225	0.0167631043699436
Phascolarctobacterium	Temperature	Room Temp	0.0637927760104548	0.0231000920540401	210	207	0.00629904919721252	0.0173223852923344
Erysipelatoclostridium	Kit	Omnigene	-0.0228738602648875	0.00834340280089865	210	209	0.0066808220549169	0.0182843550976673
unclassified.Bacteroidaceae	Kit	Zymo	0.138851900177775	0.0507142686036855	210	209	0.00675210803948794	0.0183914561837481
Agathobaculum	Kit	Omnigene	-0.00234719879054328	0.000858471992262918	210	209	0.00682691725496664	0.0185070932219949
unclassified.Coriobacteriia	Kit	Omnigene	-0.00887099910023484	0.00326015772851947	210	209	0.00709347874201902	0.0191390086812966
Prevotella	Kit	Omnigene	1.91039559053225	0.703089685081093	210	209	0.00717427506163106	0.019266128334521
Butyrivibrio	Kit	Omnigene	-0.0524322853655862	0.0193766549000232	210	209	0.00741139204116549	0.0198098890072274
Bifidobacterium	Kit	Omnigene	-0.720960675761094	0.26729610608212	210	209	0.00760091580863511	0.0201798320445379
Catenibacterium	Kit	Omnigene	-0.0167598325824377	0.00621942446571146	210	79	0.00765563558332992	0.0201798320445379
Anaeromassilibacillus	Temperature	Room Temp	0.00318986085591759	0.00118366430324998	210	209	0.0076523791784313	0.0201798320445379
Pseudomonas	Temperature	Hot	0.0846859391266867	0.0315732143639724	210	209	0.007938012556807	0.0208281797362092
unclassified.Eubacteriaceae	Kit	Zymo	-0.00989766223527142	0.00369832731329238	210	209	0.00807527622814211	0.021091589052499
Paraprevotella	Kit	Omnigene	0.0127893441201976	0.00478400820869224	210	209	0.00814290802045298	0.0211715608531777
unclassified.Eggerthellales	Kit	Zymo	-0.0110820449420843	0.00416951711947709	210	95	0.0085126025191086	0.0220326182847517
Coprobacillus	Temperature	Hot	-0.0993051996523443	0.0374990051386423	210	209	0.00875097677166608	0.0225475617720405
Porphyromonas	Kit	Zymo	0.0029077334784044	0.0011045254311862	210	199	0.00914966618154277	0.0234690989051232
Sellimonas	Temperature	Hot	-0.00917600785187096	0.00349051616962034	210	209	0.00924693571714778	0.0236127108491452
Acidaminococcus	Kit	Zymo	0.00148183141394734	0.000564539916021536	210	209	0.00935223956556306	0.0237754712511203
unclassified.Bacteroidaceae	Kit	Omnigene	0.132971517308533	0.0507142686036855	210	209	0.00942870492210264	0.0237940165604823
Hungatella	Kit	Zymo	-0.00465074293160852	0.00177411107744879	210	209	0.00944273034830331	0.0237940165604823
Bittarella	Kit	Zymo	-0.0027942150806131	0.00107143490508144	210	209	0.00981090277002434	0.0246133174756751
Faecalicatena	Temperature	Room Temp	-0.00302171479989987	0.00116424186715243	210	209	0.0101619373855231	0.0253826558275949
Desulfotomaculum	Kit	Zymo	0.0059557261604038	0.00230338862412457	210	209	0.0104453417487293	0.0259771107837963
Roseburia	Kit	Zymo	-0.425310857229239	0.164888444718659	210	209	0.0106298223690719	0.0263214649138923
unclassified.Veillonellaceae	Kit	Zymo	0.00817026744575923	0.00317854606004123	210	97	0.0108988387196935	0.0268712747744166
unclassified.Ruminococcaceae	Temperature	Room Temp	0.331636818971373	0.129353684535103	210	209	0.011102579768313	0.0272561185728542
Bacteroides	Temperature	Room Temp	2.51513094808648	0.981906691185803	210	209	0.0111746039329572	0.0273156985027842
Guerin_crAss_Alpha	Temperature	Room Temp	0.0198127192978287	0.00775692132108209	210	104	0.0114030373457977	0.0277554781353034
Gemmiger	Kit	Zymo	-0.10459845943369	0.040992889753006	210	209	0.0114848368221449	0.0278130009487232
Enterobacter	Kit	Omnigene	-0.00239511191416793	0.000939112165841289	210	209	0.0115239182252577	0.0278130009487232
Mitsuokella	Kit	Zymo	0.113619737235907	0.0452855255638837	210	122	0.0129188992441377	0.0310487830573395
Monoglobus	Temperature	Hot	-0.00979587061857604	0.00391031677500033	210	162	0.0130551043926654	0.0312448523539942
Dorea	Temperature	Room Temp	-0.130415079074639	0.0524386903819654	210	209	0.0137177190234809	0.0322902686478645
Akkermansia	Kit	Zymo	-0.128841462800782	0.0517489201289838	210	209	0.0136156797626326	0.0322902686478645
Enterobacter	Kit	Zymo	-0.00233876714650245	0.000939112165841289	210	209	0.0135912000050574	0.0322902686478645
Mycoplasma	Kit	Zymo	0.00824114756802231	0.00331187958786241	210	164	0.0136670577164347	0.0322902686478645
Butyricicoccus	Kit	Zymo	-0.066916769191568	0.0269521959157198	210	209	0.0138756342019637	0.0325281260800133
Subdoligranulum	Kit	Zymo	-0.0995493232018777	0.0404695261611309	210	209	0.0147654701063525	0.0344728526564637
Desulfovibrio	Temperature	Hot	0.0070433478938687	0.00286576145244963	210	209	0.0148494611071918	0.0345280152573728
Proteobacteria..environmental.samples	Temperature	Room Temp	0.00874861010766749	0.00356320366803637	210	125	0.0149496618338606	0.0346202695099929
Faecalibacterium	Temperature	Room Temp	-1.03535269494058	0.423509924632697	210	209	0.0153812556130539	0.0354761218172049
Coprococcus	Kit	Omnigene	-0.429717312092342	0.176006494839873	210	209	0.0155144834270652	0.0356396968685995
Lactobacillus	Temperature	Room Temp	-0.0123991459985104	0.00508905881064363	210	209	0.0157263176760672	0.0359818148428417
Bacillus	Kit	Omnigene	-0.00152560585728615	0.000627524057662439	210	209	0.0159504187222047	0.036349161390841
Bifidobacterium	Temperature	Room Temp	-0.49461893038169	0.207046673472429	210	209	0.0178464774868149	0.0405086711208656
Dielma	Kit	Zymo	-0.00113088094216243	0.00047547783423202	210	209	0.0183485410912811	0.0414836581194182
unclassified.Christensenellaceae	Temperature	Room Temp	0.00212468097531406	0.000895637091429194	210	209	0.0186480528111226	0.041994827590402
Erysipelatoclostridium	Kit	Zymo	-0.0197525789527471	0.00834340280089865	210	209	0.018885080996589	0.0423618287452899
Butyricimonas	Kit	Zymo	0.0261657156022536	0.0110774237597783	210	193	0.0191531089586941	0.0427952278295822
Odoribacter	Kit	Zymo	0.0667178085410464	0.0282890395794606	210	209	0.019336728339228	0.0429250208246191
Intestinibacter	Kit	Zymo	-0.00812971899989906	0.00344995661285366	210	119	0.0194363293593992	0.0429250208246191
Paenibacillus	Temperature	Hot	0.00090376569711218	0.00038351557626176	210	209	0.0194333098166405	0.0429250208246191
Catenibacterium	Kit	Zymo	-0.0145871522350256	0.00621942446571146	210	79	0.0200054864025881	0.0439524173374349
unclassified.Porphyromonadaceae	Kit	Zymo	0.00144121120281446	0.000614728983902722	210	209	0.0200552114074659	0.0439524173374349
Bittarella	Temperature	Room Temp	0.00193706286436365	0.000829929908785145	210	209	0.0206084615741318	0.0449925191618449
Guerin_crAss_Delta	Kit	Omnigene	-0.0286625181544124	0.0123129127951619	210	106	0.0209408716570439	0.0452749789353232
Streptomyces	Temperature	Hot	0.00140637382909853	0.000604695533728675	210	209	0.0210544482461468	0.0452749789353232
Coriobacteriaceae..environmental.samples	Temperature	Hot	-0.0031363548655378	0.00134852797067495	210	209	0.0210540914398423	0.0452749789353232
Intestinibacter	Temperature	Room Temp	-0.00622671321379011	0.00267232490134408	210	119	0.020820038877152	0.0452749789353232
Eubacterium	Kit	Omnigene	-0.233248736131654	0.101412743506149	210	209	0.0225016025861457	0.0482056804467241
Alistipes	Temperature	Hot	0.512854056069503	0.223184718094557	210	209	0.0226235457855503	0.0482860753333387
unclassified.Clostridiaceae	Temperature	Hot	0.04575418878851	0.0199773652645378	210	209	0.0230682606087606	0.0490522121494834
Prevotella	Kit	Zymo	1.60766749839571	0.703089685081093	210	209	0.0232893978309881	0.0493390205900934
Catabacter	Temperature	Room Temp	0.000986693029507409	0.000431990426557924	210	209	0.0234395836913404	0.0494739552451908
Porphyromonas	Temperature	Room Temp	0.00195257174519433	0.000855561720089341	210	199	0.0235508053411187	0.049525958290882
Veillonella	Kit	Omnigene	-0.00634063196636237	0.00278448941576064	210	209	0.0238585463999149	0.0499893353141074
Bacteroides	Temperature	Hot	2.21869242092477	0.981906691185803	210	209	0.0249478732603444	0.0518915763815163
Lachnospira	Kit	Omnigene	-0.0585971908249033	0.0259247505337016	210	209	0.0249033407393264	0.0518915763815163
Desulfovibrio	Temperature	Room Temp	0.00646961892313649	0.00286576145244963	210	209	0.0250759306210936	0.0519689576640056
Acinetobacter	Temperature	Hot	0.0216368498498499	0.00962516075676624	210	209	0.0256933554494035	0.0529499739098945
Mycoplasma	Kit	Omnigene	0.00744283586642471	0.00331187958786241	210	164	0.0257344278792844	0.0529499739098945
Porphyromonas	Kit	Omnigene	0.00246221065208129	0.0011045254311862	210	199	0.0269358939200845	0.0552234097573059
Dialister	Kit	Zymo	0.159194993772931	0.0715865049696915	210	209	0.0273026875011469	0.0557754901809143
Parabacteroides	Temperature	Hot	0.497268003899681	0.225436444206044	210	209	0.0285602115289828	0.0581368006924491
Azospirillum	Kit	Zymo	0.19812276182098	0.0899625599669981	210	207	0.0288118384693101	0.058441034058317
Clostridiales..environmental.samples	Kit	Omnigene	0.0716846754713174	0.0326389951281393	210	209	0.0292443785488005	0.0591087792576462
Alistipes	Temperature	Room Temp	0.488332555283654	0.223184718094557	210	209	0.029850686228799	0.0601218046580037
Azospirillum	Kit	Omnigene	0.196130992018258	0.0899625599669982	210	207	0.0304384925888646	0.0610905886344932
Anaerobutyricum	Kit	Omnigene	-0.0660843041836279	0.0304149899070768	210	209	0.0309985363332164	0.0619970726664329
Enterococcus	Kit	Omnigene	-0.0172030955810428	0.00793302263277235	210	209	0.0313219019598824	0.0622087775036553
Guerin_crAss_Delta	Temperature	Room Temp	0.0206857945560786	0.00953754123979329	210	106	0.0312957756440924	0.0622087775036553
unclassified.Burkholderiales..miscellaneous.	Temperature	Room Temp	0.00213677348980368	0.000989979762935449	210	177	0.0321124365240393	0.0635581788641884
Harryflintia	Temperature	Room Temp	0.000634616238438441	0.000294693736444592	210	209	0.0325024515149835	0.0641082836778295
Butyricicoccus	Kit	Omnigene	-0.0577123529914756	0.0269521959157198	210	209	0.0334857348266239	0.0655953435644824
Gordonibacter	Temperature	Room Temp	0.00987035368688661	0.00460824697591665	210	209	0.0334364809290299	0.0655953435644824
unclassified.Lentisphaeria	Kit	Zymo	0.0341688815921601	0.015984705447196	210	90	0.0337881345878229	0.0659618190588215
Coprobacillus	Kit	Omnigene	-0.103097957195513	0.0484110074671027	210	209	0.0344489509947661	0.0670231291462796
Veillonella	Temperature	Room Temp	0.00452630300649459	0.00215685622698635	210	209	0.0371362686381413	0.072006595461074
Escherichia	Kit	Omnigene	-0.0255193517486948	0.0122677440653267	210	209	0.0388076468166052	0.0749931553347911
Firmicutes..environmental.samples	Temperature	Hot	0.142417650360401	0.0686583033998607	210	209	0.039358360926712	0.0758012877107046
Intestinimonas	Kit	Omnigene	-0.0321242397994318	0.0154991075127716	210	209	0.0395130258908999	0.0758437946630697
Lachnospiraceae..environmental.samples	Temperature	Hot	-0.00877869002008848	0.00424154815086526	210	209	0.0397926972758111	0.0761251600058995
Romboutsia	Kit	Omnigene	0.0280001992463911	0.013722987727907	210	208	0.0426530098771161	0.0813250721657014
Megamonas	Temperature	Room Temp	-0.332681695388764	0.163224036966031	210	130	0.0428742403478514	0.0814753005945881
Gemmiger	Temperature	Hot	-0.0644092747715387	0.0317529558652618	210	209	0.0438674059466332	0.0830866099386562
Enterococcus	Temperature	Hot	-0.0123132506258877	0.00614489290836276	210	209	0.0464664573303685	0.0877188567424778
Dielma	Temperature	Room Temp	0.000734581600037908	0.000368303546694277	210	209	0.0474831879081104	0.0893433667218393
Coprococcus	Temperature	Hot	-0.271308628518811	0.136334044667834	210	209	0.0479778007764917	0.0894514214617389
Fusicatenibacter	Kit	Omnigene	-0.0953275805450166	0.0478508427841847	210	209	0.0477390899484821	0.0894514214617389
Acinetobacter	Temperature	Room Temp	0.0191515749332867	0.00962516075676624	210	209	0.0480097664139053	0.0894514214617389
unclassified.Lachnospiraceae	Temperature	Room Temp	-0.305739530850102	0.154192302263708	210	209	0.048781363077674	0.0903007756648205
Bifidobacterium	Kit	Zymo	-0.530306886893683	0.26729610608212	210	209	0.0486550681247772	0.0903007756648205
Guerin_crAss_Gamma	Temperature	Hot	0.00322417080659021	0.00165825393025368	210	42	0.0532885185165643	0.0983259115854025
Erysipelotrichaceae..environmental.samples	Temperature	Room Temp	0.00192413529069425	0.000990762960096407	210	209	0.0535612920877672	0.0985114439684979
Enterorhabdus	Temperature	Room Temp	-0.003788901824558	0.00197588866326415	210	188	0.0566196076290128	0.103802613986524
Blautia	Kit	Omnigene	-0.762577534409325	0.400506981460275	210	209	0.0583710474329768	0.106671690516494
Turicibacter	Temperature	Room Temp	-0.00744446644436692	0.00393662161785949	210	174	0.060088712358289	0.109460966461597
unclassified.Sutterellaceae	Kit	Zymo	0.00416948802892113	0.00221926887941065	210	207	0.0617608532464931	0.1121498668476
Mitsuokella	Temperature	Hot	-0.0658246779791796	0.0350780172666344	210	122	0.0620697674920229	0.112354136093155
unclassified.Bacteroidales..miscellaneous.	Temperature	Room Temp	0.00717999666195273	0.00383178368130234	210	209	0.0624461735915335	0.112678899982199
Dielma	Temperature	Hot	0.00068470812394378	0.000368303546694277	210	209	0.0645138322557858	0.116043748585879
Butyrivibrio	Temperature	Room Temp	0.0276294403317291	0.0150090923465997	210	209	0.067155695657753	0.120417109455281
Coriobacteriaceae..environmental.samples	Temperature	Room Temp	-0.00247111579563801	0.00134852797067495	210	209	0.0684011076932782	0.122266980001735
unclassified.Firmicutes.sensu.stricto..miscellaneous.	Kit	Zymo	-0.0792433716913642	0.0432931235707786	210	209	0.0687100954590588	0.122436681004927
Carnobacterium	Temperature	Hot	0.00437627185463015	0.00240003039782305	210	209	0.0697625198068993	0.123925966861945
Roseburia	Temperature	Hot	-0.231855597389799	0.127722040075482	210	209	0.0710040962424787	0.125741000156959
unclassified.Veillonellaceae	Temperature	Hot	-0.00445580174587462	0.00246209119113858	210	97	0.0718644087754993	0.126871734011067
Mediterranea	Kit	Zymo	0.00106215636613009	0.000587960532175452	210	206	0.0723726411881263	0.127375848491102
unclassified.Eggerthellales	Temperature	Hot	-0.00582415277234208	0.0032296940730923	210	95	0.0728747140246821	0.127866062644534
unclassified.Lentisphaeria	Kit	Omnigene	0.0285378219066248	0.015984705447196	210	90	0.0757556739039155	0.132514512149968
Faecalitalea	Temperature	Room Temp	-0.00250473117469756	0.0014123596807845	210	167	0.0777091738627352	0.135517217833794
Escherichia	Temperature	Room Temp	0.0167788572084865	0.00950255369210908	210	209	0.0789996650673727	0.137348961758472
unclassified.Clostridiaceae	Temperature	Room Temp	0.0350123647249293	0.0199773652645378	210	209	0.0812340163029995	0.140805628258533
Megamonas	Kit	Omnigene	-0.365414157386947	0.210721325623394	210	130	0.0844707224426158	0.145973574734671
Lactobacillus	Kit	Zymo	-0.0113475845693665	0.00656994667383096	210	209	0.0857078709358951	0.147665367997988
Barnesiella	Temperature	Room Temp	0.0381181019601529	0.0223314629110267	210	189	0.0894199118428871	0.153598166889284
Megamonas	Kit	Zymo	-0.358886532683327	0.210721325623394	210	130	0.0901282094200827	0.154351304755351
Eubacterium	Temperature	Room Temp	-0.133003689513339	0.0785539733385041	210	209	0.0920155851203004	0.157113178175558
unclassified.Burkholderiales..miscellaneous.	Kit	Omnigene	0.00215193596043747	0.00127805837831045	210	177	0.0938211456310262	0.159245386649694
Guerin_crAss_Gamma	Kit	Zymo	0.00360557709415606	0.00214079661855183	210	42	0.0937305222604163	0.159245386649694
Megasphaera	Kit	Zymo	-0.0610857307515145	0.0363934689461078	210	207	0.0948469508935637	0.160510224589108
Absiella	Temperature	Hot	-0.000866585103091474	0.000518238729193942	210	209	0.096085674792325	0.162126861301504
Shinella	Temperature	Room Temp	-0.00182147264539896	0.00110217923660142	210	135	0.100011185934367	0.168254112807228
Victivallis	Kit	Omnigene	0.00364705438906667	0.00220931973840939	210	62	0.100389224954119	0.168394828955296
Clostridium	Temperature	Room Temp	0.203292623131143	0.123308742571746	210	209	0.10082185607934	0.16862602829644
unclassified.Erysipelotrichaceae	Temperature	Room Temp	-0.0415064951662678	0.0253673706468002	210	209	0.103399150494156	0.172432402573345
Parabacteroides	Temperature	Room Temp	0.367453545248506	0.225436444206044	210	209	0.104714864910758	0.174118903281843
Megamonas	Temperature	Hot	-0.264649698083105	0.163224036966031	210	130	0.106541751102943	0.176629439452716
Butyrivibrio	Temperature	Hot	0.024314575633269	0.0150090923465996	210	209	0.106842283305314	0.176629439452716
Pseudomonas	Temperature	Room Temp	0.0510350836103123	0.0315732143639724	210	209	0.107615289055863	0.177394655158367
Mediterranea	Temperature	Room Temp	0.000734836993224436	0.000455432269868556	210	206	0.108246179946392	0.177921881980851
Christensenella	Temperature	Room Temp	0.0004844049340459	0.000302095648785609	210	209	0.110438505410858	0.181005229498599
unclassified.Peptococcaceae	Temperature	Hot	0.000534767527687826	0.000336278803692629	210	209	0.113390007289088	0.185311669055309
Barnesiella	Kit	Zymo	0.045586611397678	0.028829794650285	210	189	0.115437223549551	0.188119919858528
unclassified.Bacteroidales..miscellaneous.	Temperature	Hot	0.00602516622482965	0.00383178368130234	210	209	0.117466456779101	0.19088299226604
Actinomyces	Temperature	Room Temp	-0.00101802417375683	0.000653633499112719	210	209	0.120968660845869	0.195542564583447
Raoultibacter	Temperature	Hot	-0.00053366666424227	0.000342691870473486	210	209	0.121017601158287	0.195542564583447
Paraprevotella	Temperature	Hot	0.00573138080076944	0.00370567682407693	210	209	0.123561045338	0.199089909671369
Carnobacterium	Temperature	Room Temp	0.00368997896414173	0.00240003039782305	210	209	0.125790591552455	0.202112972943833
Parasutterella	Kit	Omnigene	0.00571134839234489	0.00374410804942898	210	148	0.128765620820463	0.206313543723543
Parasutterella	Temperature	Hot	0.00439671977801193	0.00290017362436791	210	148	0.131125528376226	0.20898240210904
Parolsenella	Kit	Zymo	-0.0100147617338309	0.00660658770172958	210	84	0.131162032092912	0.20898240210904
Escherichia	Kit	Zymo	-0.018406900724983	0.0122677440653267	210	209	0.135111984453934	0.214677930854584
Odoribacter	Temperature	Hot	0.0328439451442439	0.0219125958342907	210	209	0.135518475870422	0.214727335728203
Sutterella	Kit	Omnigene	0.0525305793660023	0.0351500901732725	210	188	0.136662328003626	0.215941579055454
unclassified.Desulfovibrionaceae	Temperature	Room Temp	0.000567498824056312	0.000380309635410886	210	180	0.137254007367307	0.21627904191212
Lachnoclostridium	Temperature	Hot	0.0251943277712661	0.0169495058947963	210	209	0.138771074044731	0.21806883064172
Lactococcus	Temperature	Room Temp	-0.000884570296051461	0.000596835069674335	210	209	0.139919203359031	0.219270641976344
Coprobacillus	Temperature	Room Temp	-0.0553509496063026	0.0374990051386423	210	209	0.141531325200538	0.22119103282707
unclassified.Erysipelotrichaceae	Kit	Zymo	-0.0479066313243369	0.0327491346840427	210	209	0.145113804423821	0.226018879515734
Klebsiella	Kit	Omnigene	-0.017891669114537	0.0122398843090103	210	209	0.145410747660472	0.226018879515734
Flavonifractor	Kit	Zymo	-0.020309292813807	0.013954470262235	210	209	0.147159193338187	0.22811668994429
Desulfotomaculum	Temperature	Hot	-0.00258011172575266	0.00178419715621562	210	209	0.149748807859313	0.231503562420344
Barnesiella	Temperature	Hot	0.032155886175499	0.0223314629110267	210	189	0.151480716527738	0.233420660994163
Olsenella	Temperature	Hot	0.00496897820782845	0.00345358169633864	210	209	0.151805045261938	0.233420660994163
Victivallis	Kit	Zymo	0.00316809115024559	0.00220931973840939	210	62	0.153175168704641	0.234895969166367
unclassified.Erysipelotrichaceae	Kit	Omnigene	-0.046540520289779	0.0327491346840427	210	209	0.156870298714399	0.239919280386728
Anaeromassilibacillus	Kit	Zymo	-0.0021468574079468	0.00152810404466246	210	209	0.161629227073406	0.246538447695968
Faecalibacterium	Temperature	Hot	0.594178963695211	0.423509924632697	210	209	0.162202793807191	0.246573490545585
Sutterella	Temperature	Room Temp	0.0381708663453909	0.0272271427717546	210	188	0.162514346041408	0.246573490545585
Sellimonas	Kit	Zymo	-0.006202703780155	0.00450623699820243	210	209	0.170246339735269	0.257621445313687
Agathobaculum	Temperature	Room Temp	-0.000900257724131793	0.000664969545843956	210	209	0.177348678104497	0.26766080178304
Ruthenibacterium	Temperature	Hot	1.69993825818872	1.25988406992745	210	210	0.178734884070181	0.26904303602143
Mycoplasma	Temperature	Hot	0.00345176504213992	0.00256537089768708	210	164	0.180010966785487	0.270252685042778
Pseudomonas	Kit	Omnigene	-0.0543643664336348	0.0407608444726339	210	209	0.183836903474522	0.275274106773368
unclassified.Christensenellaceae	Kit	Omnigene	-0.00152940845207165	0.00115626251311697	210	209	0.187470624497437	0.27998223815283
Clostridium	Kit	Omnigene	0.208936166581443	0.159190902140716	210	209	0.190890340739067	0.284347070059235
Enterorhabdus	Kit	Omnigene	-0.00333715577633465	0.00255086129559402	210	188	0.192321786547207	0.285735225727279
Acidaminococcus	Temperature	Hot	-0.0005664203452713	0.000437290738604149	210	209	0.196742163197694	0.29154538173337
unclassified.Desulfovibrionaceae	Kit	Zymo	0.000633585889448306	0.000490977628116191	210	180	0.198412015275811	0.293260136273292
Staphylococcus	Kit	Zymo	-0.00989000603793126	0.00770292566366398	210	209	0.200682657557449	0.295851752893972
Sellimonas	Kit	Omnigene	-0.00570578583245419	0.00450623699820243	210	209	0.206945222828706	0.304299916344525
unclassified.Rikenellaceae	Kit	Omnigene	0.0142622605788041	0.0113114099797191	210	209	0.208853134214988	0.306317930181983
Dysosmobacter	Kit	Omnigene	0.00543462143025504	0.0043488738639916	210	209	0.212913291319252	0.311474175536093
Shinella	Kit	Zymo	-0.00176633479499205	0.0014229072759643	210	135	0.215957755052721	0.315122030332031
Olsenella	Kit	Omnigene	-0.00549874101567581	0.00445855479822877	210	209	0.21894043323497	0.318661393919599
Roseburia	Temperature	Room Temp	-0.156503750599391	0.127722040075482	210	209	0.221915128838452	0.321690945541086
Enterococcus	Temperature	Room Temp	-0.00752583716133005	0.00614489290836276	210	209	0.22214671938589	0.321690945541086
Guerin_crAss_Alpha	Kit	Zymo	0.0121357888915428	0.0100141423647974	210	104	0.227022963888438	0.327922058949966
unclassified.Oscillospiraceae	Kit	Omnigene	0.0397406484857177	0.0333849704291518	210	209	0.2353386272297	0.33907731681458
Candidatus.Borkfalkia	Kit	Zymo	-0.00438344377672523	0.00368709058925897	210	101	0.235932150758564	0.339078367421856
Haemophilus	Temperature	Room Temp	-0.00476998379424678	0.00405552871893776	210	188	0.240954253086594	0.345428152294566
Lactococcus	Temperature	Hot	-0.000700607228745467	0.000596835069674335	210	209	0.241871202242228	0.345875819206386
Parolsenella	Temperature	Hot	0.0058800149756861	0.00511744082881148	210	84	0.251950140707642	0.359390225647809
Sellimonas	Temperature	Room Temp	-0.00398662637707094	0.00349051616962034	210	209	0.254792950687944	0.362541213416676
Bilophila	Temperature	Room Temp	0.012104371267903	0.0106234717611427	210	170	0.255927418412385	0.363221131155918
Mediterranea	Temperature	Hot	0.000518247851733041	0.000455432269868556	210	206	0.256540798928306	0.363221131155918
Staphylococcus	Temperature	Hot	-0.00673810112910141	0.00596666056248886	210	209	0.260154965375563	0.366523744322221
unclassified.Muribaculaceae	Temperature	Room Temp	0.000334117353811705	0.000295628497328294	210	209	0.259775929580794	0.366523744322221
Pseudomonas	Kit	Zymo	-0.0458229623105889	0.0407608444726339	210	209	0.262307066433766	0.36864776904205
Haemophilus	Kit	Zymo	0.0058503615851024	0.00523566506283728	210	188	0.265188750639582	0.371784228837845
Turicibacter	Kit	Omnigene	0.00560487475217363	0.00508215665542997	210	174	0.271443035235857	0.379622044388533
Guerin_crAss_Alpha	Kit	Omnigene	-0.0110107468552645	0.0100141423647974	210	104	0.272890121334376	0.380714998544545
unclassified.Eggerthellales	Kit	Omnigene	-0.00454998658097171	0.00416951711947709	210	95	0.276502426147941	0.38481602860492
Sutterella	Kit	Zymo	0.0381894183790176	0.0351500901732725	210	188	0.278606729575178	0.386803517759714
Acidaminococcus	Kit	Omnigene	-0.00061223959072981	0.000564539916021536	210	209	0.279478440501983	0.387074256579018
Monoglobus	Kit	Omnigene	0.00543550268086056	0.00504819724932392	210	162	0.282928183235629	0.389056599337031
Lachnotalea	Temperature	Hot	0.00118787286458264	0.00110328200311989	210	209	0.282950254063295	0.389056599337031
unclassified.Muribaculaceae	Temperature	Hot	0.000318418735985438	0.000295628497328294	210	209	0.282763609172648	0.389056599337031
unclassified.Coriobacteriia	Temperature	Hot	-0.00270313801387955	0.00252530731771306	210	209	0.285746941716553	0.39102213077002
Actinomyces	Temperature	Hot	-0.000700240543180183	0.000653633499112719	210	209	0.285349899396717	0.39102213077002
Lactococcus	Kit	Omnigene	-0.000819128658766474	0.000770510761760414	210	209	0.289045433623829	0.394591856880263
unclassified.Coriobacteriaceae	Temperature	Room Temp	-0.0126483699495206	0.0119633648478931	210	206	0.291694933415931	0.397260718842648
Erysipelatoclostridium	Temperature	Hot	-0.00669296697270441	0.00646277201971615	210	209	0.301656136373207	0.409851092649583
Butyricicoccus	Temperature	Room Temp	-0.0215803693575558	0.0208770811850604	210	209	0.302556207386854	0.410099882998296
Parolsenella	Temperature	Room Temp	0.0052721505225728	0.00511744082881148	210	84	0.304170809098101	0.411313718213035
crAss.like.viruses	Kit	Zymo	0.0152156821906247	0.0148418592202194	210	189	0.306538520563223	0.413537815476801
Erysipelatoclostridium	Temperature	Room Temp	0.00656177397692232	0.00646277201971615	210	209	0.311205574892301	0.418846091384462
Clostridiales..environmental.samples	Kit	Zymo	0.0326917015908762	0.0326389951281393	210	209	0.317764611406374	0.426669853813253
Tyzzerella	Temperature	Room Temp	-0.00163413048924592	0.00164434822698623	210	209	0.321552281587296	0.430744508355816
Sutterella	Temperature	Hot	0.0268487074971254	0.0272271427717546	210	188	0.325299375964464	0.434573588452929
unclassified.Clostridia	Kit	Omnigene	-0.00913221742485705	0.00927304983357184	210	209	0.325930191339697	0.434573588452929
Klebsiella	Temperature	Room Temp	0.00926629154453593	0.00948097361766044	210	209	0.329597439336768	0.438441244885189
Catenibacterium	Temperature	Room Temp	-0.00467476274761744	0.00481754547573909	210	79	0.333062052522049	0.440998828802343
Neglecta	Temperature	Room Temp	-0.00312297458826545	0.00321698098255247	210	209	0.33285526930096	0.440998828802343
Megasphaera	Temperature	Hot	-0.0272217564236389	0.0281902598277985	210	207	0.335412280312212	0.443085044661859
Butyrivibrio	Kit	Zymo	-0.0185949423624896	0.0193766549000232	210	209	0.338410195581048	0.446015280811888
Dialister	Temperature	Hot	0.0522224477987283	0.0554506683121619	210	209	0.347463525583501	0.456200214430736
Streptomyces	Temperature	Room Temp	0.000569172466160321	0.000604695533728675	210	209	0.347733030580071	0.456200214430736
Roseburia	Kit	Omnigene	-0.15449909675809	0.164888444718659	210	209	0.349915957601694	0.458013564641119
Faecalitalea	Kit	Omnigene	-0.00170325102593729	0.00182334850751107	210	167	0.351384393011284	0.458885554343503
unclassified.Burkholderiales..miscellaneous.	Temperature	Hot	0.000919618865897002	0.000989979762935449	210	177	0.354069549275871	0.460290414058633
Atopobium	Temperature	Hot	-0.000399901498020407	0.000430106426255634	210	209	0.35363214282697	0.460290414058633
Odoribacter	Temperature	Room Temp	0.0200804310512126	0.0219125958342907	210	209	0.360589777422825	0.467703747586975
Coprococcus	Kit	Zymo	-0.159095980572821	0.176006494839873	210	209	0.367146902649057	0.475131285781133
Erysipelotrichaceae..environmental.samples	Kit	Omnigene	0.001154027169769	0.00127906948149752	210	209	0.368037007609076	0.475208054971538
Catenibacterium	Temperature	Hot	-0.00431779745200716	0.00481754547573909	210	79	0.371210707579903	0.477151740979112
Faecalitalea	Kit	Zymo	-0.00163597655866183	0.00182334850751107	210	167	0.370692989935133	0.477151740979112
Klebsiella	Temperature	Hot	0.00843783666341591	0.00948097361766044	210	209	0.374569972500669	0.480390188947047
Mitsuokella	Kit	Omnigene	-0.0395678896271492	0.0452855255638837	210	122	0.383327754278428	0.490146419409101
Selenomonas	Temperature	Hot	-0.000332699677646695	0.000381227418752959	210	209	0.38389090191482	0.490146419409101
Collinsella	Temperature	Room Temp	-0.0895528899259851	0.103155491208524	210	209	0.386382146816892	0.491668869680528
unclassified.Clostridia	Temperature	Hot	0.00622184179227844	0.00718287351479504	210	209	0.387436780157359	0.491668869680528
Holdemania	Kit	Zymo	-0.00211816459404987	0.00244650114411279	210	209	0.387661993401955	0.491668869680528
Hungatella	Temperature	Room Temp	0.00117082480393901	0.00137422053145625	210	209	0.395258385406751	0.500194239939516
Subdoligranulum	Temperature	Hot	-0.0253459465214031	0.031347560170193	210	209	0.419756615657916	0.530023806084609
Eisenbergiella	Temperature	Room Temp	-0.00391823059410043	0.00486559377066071	210	209	0.421626221140501	0.531211890952349
unclassified.Peptococcaceae	Temperature	Room Temp	0.000267195439286739	0.000336278803692629	210	209	0.427827495620903	0.537840280209136
unclassified.Desulfovibrionaceae	Temperature	Hot	0.000300826999066194	0.000380309635410886	210	180	0.429896921285812	0.539256664419922
Guerin_crAss_Gamma	Temperature	Room Temp	0.00128566012623877	0.00165825393025368	210	42	0.439091165676701	0.549584566229919
Clostridiales..environmental.samples	Temperature	Hot	0.0194228445877031	0.0252820569136457	210	209	0.443265540982185	0.55359801188168
Mycoplasma	Temperature	Room Temp	0.00196006282218943	0.00256537089768708	210	164	0.44575829433885	0.55549835372946
Butyricimonas	Temperature	Hot	-0.00649510844863684	0.00858053554810073	210	193	0.449983760153509	0.557122750666249
Proteobacteria..environmental.samples	Kit	Omnigene	-0.00348661785084643	0.00460007615515002	210	125	0.449392546283791	0.557122750666249
Candidatus.Borkfalkia	Kit	Omnigene	-0.00279300464810564	0.00368709058925897	210	101	0.449654657598424	0.557122750666249
unclassified.Clostridiaceae	Kit	Zymo	0.0193011781963664	0.0257906676568858	210	209	0.455129031054535	0.56227603836543
Enterobacter	Temperature	Room Temp	0.000535055708942595	0.000727433155704818	210	209	0.462890350375105	0.569606720065184
Sarcina	Kit	Omnigene	-0.00073051835588148	0.000993538548071006	210	209	0.463054414039005	0.569606720065184
Eggerthella	Temperature	Room Temp	0.00820290722951891	0.0112445410478365	210	209	0.466565967416979	0.572694706786507
unclassified.Clostridiaceae	Kit	Omnigene	-0.0186637783903178	0.0257906676568858	210	209	0.47013481901318	0.575839649840554
Hungatella	Temperature	Hot	0.000990807106416693	0.00137422053145625	210	209	0.471771250735187	0.576609306454117
Veillonella	Kit	Zymo	-0.0019528235080472	0.00278448941576064	210	209	0.483933969406693	0.59021371108876
Emergencia	Kit	Omnigene	-0.00153187645544245	0.00221661114845171	210	136	0.490327054799766	0.596738458181843
Eggerthella	Temperature	Hot	-0.00774885458364384	0.0112445410478365	210	209	0.491561804397861	0.59697102359995
Lactobacillus	Kit	Omnigene	-0.00449299708791301	0.00656994667383096	210	209	0.494864242020301	0.598550325910909
Megasphaera	Temperature	Room Temp	-0.0192744423650788	0.0281902598277985	210	207	0.494955077195559	0.598550325910909
Ruminococcus	Kit	Omnigene	-0.255747136829901	0.381144154094213	210	209	0.503011482565646	0.605731722163263
Guerin_crAss_Gamma	Kit	Omnigene	-0.00143688677141087	0.00214079661855183	210	42	0.502888098468465	0.605731722163263
unclassified.Bacteroidaceae	Temperature	Room Temp	0.025955472473489	0.0392831035434327	210	209	0.509562173433069	0.612331015133856
Ruminococcus	Kit	Zymo	-0.249668604751352	0.381144154094213	210	209	0.513203383449317	0.614126224546045
Selenomonas	Kit	Zymo	0.000322666507601998	0.00049216248131595	210	209	0.512844071231099	0.614126224546045
Romboutsia	Kit	Zymo	0.00889482551246091	0.013722987727907	210	208	0.517633762883935	0.618134681356181
unclassified.Bacteroidaceae	Temperature	Hot	0.0252841126255447	0.0392831035434327	210	209	0.520562355899167	0.620336807446507
Atopobium	Temperature	Room Temp	-0.000266650890104217	0.000430106426255634	210	209	0.536000987035655	0.637406579177536
Clostridiales..environmental.samples	Temperature	Room Temp	0.0154008658428549	0.0252820569136457	210	209	0.543122566650376	0.644535494033227
Barnesiella	Kit	Omnigene	0.0173889426094607	0.028829794650285	210	189	0.547100405698883	0.647911867618553
Clostridium	Kit	Zymo	-0.0956559403207132	0.159190902140716	210	209	0.548608674307666	0.648355705999969
Haemophilus	Temperature	Hot	0.00237477806136303	0.00405552871893776	210	188	0.558841088170244	0.657730663443168
unclassified.Peptococcaceae	Kit	Omnigene	0.000254592157592796	0.000434134068794702	210	209	0.558256856478246	0.657730663443168
Bilophila	Temperature	Hot	0.0061620109806516	0.0106234717611427	210	170	0.562555588876097	0.659388927944933
unclassified.Clostridia	Temperature	Room Temp	0.00417423224087045	0.00718287351479504	210	209	0.561815915672336	0.659388927944933
Proteobacteria..environmental.samples	Kit	Zymo	0.00260134943338364	0.00460007615515002	210	125	0.572379560319114	0.669531919228084
Butyricimonas	Temperature	Room Temp	0.0047440894786346	0.00858053554810073	210	193	0.580968989518446	0.67819237143786
Azospirillum	Temperature	Room Temp	0.038144994010967	0.0696846993068739	210	207	0.584730761192897	0.680587196976727
Lachnospiraceae..environmental.samples	Temperature	Room Temp	-0.00231765785632889	0.00424154815086526	210	209	0.585400176420541	0.680587196976727
Olsenella	Kit	Zymo	-0.0024261562901957	0.00445855479822877	210	209	0.586951544195432	0.681006659796729
Subdoligranulum	Temperature	Room Temp	0.0166552334462943	0.031347560170193	210	209	0.59580642818745	0.689881127374942
Firmicutes..environmental.samples	Temperature	Room Temp	0.0359326624259261	0.0686583033998607	210	209	0.601318463600942	0.694856891272199
unclassified.Prevotellaceae	Temperature	Hot	-0.00151282051644706	0.00296110151613124	210	209	0.609997537975216	0.703464902664967
unclassified.Clostridia	Kit	Zymo	0.00467500439836992	0.00927304983357184	210	209	0.614722492967529	0.707487456695023
Eisenbergiella	Temperature	Hot	-0.00244340175112357	0.00486559377066071	210	209	0.616104914099447	0.707654640290931
Coprococcus	Temperature	Room Temp	-0.0673705694061043	0.136334044667834	210	209	0.621747906053959	0.712705014554839
Bacillus	Temperature	Room Temp	-0.000232035272205399	0.000486078044934226	210	209	0.633636115621284	0.724879716270749
unclassified.Lentisphaeria	Temperature	Hot	0.00584105410171515	0.0123816995982043	210	90	0.637630708884474	0.727993543876087
unclassified.Rikenellaceae	Temperature	Hot	0.00399961525404877	0.00876178049471533	210	209	0.648547199831858	0.738982068334309
Lachnospira	Kit	Zymo	0.011259145025545	0.0259247505337016	210	209	0.66454759938978	0.750195182581409
Akkermansia	Temperature	Room Temp	0.0176417449161031	0.0400845411687544	210	209	0.660339903235	0.750195182581409
Olsenella	Temperature	Room Temp	0.00149799725289212	0.00345358169633864	210	209	0.66494573001534	0.750195182581409
unclassified.Veillonellaceae	Temperature	Room Temp	-0.0010808070119294	0.00246209119113858	210	97	0.661160087391037	0.750195182581409
Selenomonas	Temperature	Room Temp	-0.000165969237073763	0.000381227418752959	210	209	0.663783846406568	0.750195182581409
Intestinimonas	Kit	Zymo	0.00648526876297921	0.0154991075127716	210	209	0.67609194493167	0.761268882875818
unclassified.Prevotellaceae	Temperature	Room Temp	0.00122219379781425	0.00296110151613124	210	209	0.680241144762962	0.764436021226747
Fusicatenibacter	Kit	Zymo	0.0192103723907734	0.0478508427841847	210	209	0.688516192398118	0.772218160885732
unclassified.Eubacteriaceae	Temperature	Room Temp	-0.00113411957564713	0.00286471201864108	210	209	0.692614539119404	0.774398986906165
Shinella	Kit	Omnigene	0.000562249403855737	0.0014229072759643	210	135	0.69316832394398	0.774398986906165
unclassified.Eggerthellales	Temperature	Room Temp	-0.00126834001833113	0.0032296940730923	210	95	0.694958874670745	0.774885918736192
Bacteroidales..environmental.samples	Temperature	Room Temp	0.000284530248837628	0.000732126479164561	210	209	0.697967730324101	0.776726734913201
Azospirillum	Temperature	Hot	0.0267582054204021	0.0696846993068739	210	207	0.70140233703153	0.779033275304923
Gemmiger	Temperature	Room Temp	-0.0119608893407558	0.0317529558652618	210	209	0.706814554092838	0.783523110350975
Mitsuokella	Temperature	Room Temp	-0.0129809303029529	0.0350780172666344	210	122	0.711738214526642	0.785934862373049
Monoglobus	Temperature	Room Temp	0.00145266632803627	0.00391031677500033	210	162	0.710669547274062	0.785934862373049
Emergencia	Temperature	Room Temp	-0.000617229186975326	0.00171697961259424	210	136	0.719618966635328	0.793106067274389
Prevotella	Temperature	Room Temp	0.192722246981137	0.544610928241858	210	209	0.723815612607278	0.794668964321235
Ruthenibacterium	Kit	Omnigene	-0.578019797951415	1.62650334032702	210	210	0.722673516371987	0.794668964321235
Victivallis	Temperature	Hot	-0.000598918524026208	0.00171133171066138	210	62	0.726735340439148	0.79634600523217
Staphylococcus	Kit	Omnigene	0.00268007349608047	0.00770292566366398	210	209	0.728266661687186	0.796498146242965
Ruthenibacterium	Kit	Zymo	0.551822884157033	1.62650334032702	210	210	0.734754055400871	0.802059770399424
Carnobacterium	Kit	Zymo	0.00104299447952677	0.00309842592038674	210	209	0.736762947133717	0.802720772877116
Phascolarctobacterium	Kit	Omnigene	-0.00997843782879459	0.0298220906070518	210	207	0.738285481225905	0.802850371219045
Turicibacter	Kit	Zymo	-0.00160789155454588	0.00508215665542997	210	174	0.752050957245404	0.816267832152506
Prevotellaceae..environmental.samples	Temperature	Room Temp	0.00310115675303958	0.0100750877096416	210	209	0.758557983436181	0.821189392349818
Paenibacillus	Temperature	Room Temp	0.00011759429880111	0.00038351557626176	210	209	0.759456623344499	0.821189392349818
Sarcina	Temperature	Room Temp	0.000234517778053058	0.000769591650098821	210	209	0.760895011457514	0.821192351988109
unclassified.Porphyromonadaceae	Temperature	Hot	0.000134576852586763	0.00047616702341725	210	209	0.777762318066055	0.837815529065505
Emergencia	Temperature	Hot	0.000467548299933126	0.00171697961259424	210	136	0.785671402373077	0.844744440145489
unclassified.Sutterellaceae	Kit	Omnigene	-0.000571955956797196	0.00221926887941065	210	207	0.796891318687368	0.853245622715221
Lachnotalea	Temperature	Room Temp	-0.000281861005512732	0.00110328200311989	210	209	0.798624120981928	0.853245622715221
Bacteroidales..environmental.samples	Temperature	Hot	0.000186166043649039	0.000732126479164561	210	209	0.79954484925762	0.853245622715221
Absiella	Temperature	Room Temp	-0.000133032458661749	0.000518238729193942	210	209	0.797678767693865	0.853245622715221
unclassified.Porphyromonadaceae	Temperature	Room Temp	0.000117065120652281	0.00047616702341725	210	209	0.806056485849364	0.85859275587679
unclassified.Coriobacteriia	Temperature	Room Temp	0.00058736219718088	0.00252530731771306	210	209	0.816322189790761	0.867911324461552
Candidatus.Borkfalkia	Temperature	Hot	0.000654279801984825	0.00285600808963161	210	101	0.819038674224109	0.869183899176605
Dialister	Temperature	Room Temp	0.0123841860868704	0.0554506683121619	210	209	0.823505826959921	0.87230617226125
Blautia	Kit	Zymo	-0.0875507929264331	0.400506981460275	210	209	0.827189165368642	0.873075289283713
Streptococcus	Kit	Omnigene	-0.00880815076447354	0.040448788983068	210	209	0.827842215658804	0.873075289283713
Neglecta	Temperature	Hot	-0.000696526856879653	0.00321698098255247	210	209	0.828810982659189	0.873075289283713
unclassified.Veillonellaceae	Kit	Omnigene	-0.000610572646188424	0.00317854606004123	210	97	0.847869165591906	0.891509490291489
Prevotellaceae..environmental.samples	Temperature	Hot	0.00189173541751637	0.0100750877096416	210	209	0.85125615967413	0.893428483180921
Victivallis	Temperature	Room Temp	-0.000317022483770328	0.00171133171066138	210	62	0.853225295804526	0.893855071795217
Desulfotomaculum	Temperature	Room Temp	0.000320336354508968	0.00178419715621562	210	209	0.857698482448781	0.896898595906221
Akkermansia	Temperature	Hot	0.00660378598325974	0.0400845411687544	210	209	0.869313334520714	0.907385451361037
Acinetobacter	Kit	Zymo	-0.00196031685862571	0.012426029105175	210	209	0.874809182491805	0.91145874751423
Sarcina	Temperature	Hot	0.000117920030838122	0.000769591650098821	210	209	0.878379142434224	0.913514308131593
Acidaminococcus	Temperature	Room Temp	-6.57165696482338e-05	0.000437290738604149	210	209	0.880697317765428	0.914262914268285
Intestinibacter	Kit	Omnigene	-0.00039619495632112	0.00344995661285366	210	119	0.908689059187793	0.939909840606541
Erysipelotrichaceae..environmental.samples	Kit	Zymo	0.00014899096858683	0.00127906948149752	210	209	0.907388331198639	0.939909840606541
unclassified.Christensenellaceae	Kit	Zymo	0.000126444014200749	0.00115626251311697	210	209	0.913032168056683	0.942697473155998
Lachnoclostridium	Temperature	Room Temp	0.00179147437937172	0.0169495058947963	210	209	0.915932610737283	0.943988204219326
Staphylococcus	Temperature	Room Temp	-0.000451175045429184	0.00596666056248886	210	209	0.939801725874004	0.96684637985599
Oscillibacter	Kit	Omnigene	-0.00485545364251583	0.0690651682027905	210	209	0.944024574212427	0.967008880277037
unclassified.Rikenellaceae	Temperature	Room Temp	0.000604877598939357	0.00876178049471533	210	209	0.945031405725286	0.967008880277037
unclassified.Desulfovibrionaceae	Kit	Omnigene	-3.46178629430217e-05	0.000490977628116191	210	180	0.943861201410972	0.967008880277037
Bacillus	Temperature	Hot	-2.90992417653616e-05	0.000486078044934226	210	209	0.952323856734619	0.972730796521789
Raoultibacter	Temperature	Room Temp	-1.63122712826617e-05	0.000342691870473486	210	209	0.962083177530934	0.980947553560953
Prevotella	Temperature	Hot	-0.0190243867029886	0.544610928241858	210	209	0.972169458118043	0.98456047591291
Acinetobacter	Kit	Omnigene	-0.000459361807809972	0.012426029105175	210	209	0.970548377810334	0.98456047591291
Guerin_crAss_Delta	Kit	Zymo	-0.000424824755061468	0.0123129127951619	210	106	0.97251165889999	0.98456047591291
Klebsiella	Kit	Zymo	-0.000436683542622324	0.0122398843090103	210	209	0.971576141366076	0.98456047591291
Ruthenibacterium	Temperature	Room Temp	0.020030181067494	1.25988406992745	210	210	0.987330883132508	0.994283917520765
unclassified.Rikenellaceae	Kit	Zymo	0.000188119362729319	0.0113114099797191	210	209	0.986747959628904	0.994283917520765
unclassified.Lentisphaeria	Temperature	Room Temp	-0.000232179968456242	0.0123816995982043	210	90	0.98505812770048	0.994283917520765
Candidatus.Borkfalkia	Temperature	Room Temp	3.4175600671105e-05	0.00285600808963161	210	101	0.990464742562253	0.995686876530068
Paraprevotella	Temperature	Room Temp	3.54173024713171e-05	0.00370567682407693	210	209	0.992383991671439	0.995866040765023
Sarcina	Kit	Zymo	-7.15164424341112e-06	0.000993538548071006	210	209	0.994264074156503	0.996005342237338
Tyzzerella	Temperature	Hot	5.54971001122071e-06	0.00164434822698623	210	209	0.99731056046771	0.99731056046771
